id,file_path,resolved_path,label,predicted_label,confidence,split,source,annotator,file_exists,image_opened,image_error,uncertainty_score,entropy,class_deficit_score,width,height,blur_score,brightness,contrast,resolution_score,corrupted_file,quality_score,quality_reasons,phash,duplicate_score,duplicate_group_id,duplicate_neighbor_id,duplicate_distance,label_error_probability,object_utility_score,final_score,status,reasons,recommendation,dataset_readiness_score,prob_butterfly,prob_cat,prob_chicken,prob_cow,prob_dog,prob_elephant,prob_horse,prob_sheep,prob_spider,prob_squirrel
1,butterfly_000001.jpeg,data/demo/images/butterfly_000001.jpeg,butterfly,butterfly,0.918,train,animals10,ann_4,True,True,,0.08199999999999996,0.20142556419287463,0.024193548387096774,300,209,2653.8591981957575,137.55937799043062,57.29623877918596,0.7,False,1.0,,fe244d4e9e385784,0.0,,,,0.0,0.17943870967741934,0.17943870967741934,ok,,keep,96.94892361111111,0.918,0.009111111111111106,0.009111111111111106,0.009111111111111106,0.009111111111111106,0.009111111111111106,0.009111111111111106,0.009111111111111106,0.009111111111111106,0.009111111111111106
2,butterfly_000002.jpeg,data/demo/images/butterfly_000002.jpeg,butterfly,butterfly,0.972,train,animals10,ann_1,True,True,,0.028000000000000025,0.08218675153543593,0.024193548387096774,241,300,550.1449563165617,87.97430152143845,34.48078588817959,0.7,False,1.0,,e152e4ba9de66390,0.0,,,,0.0,0.16323870967741935,0.16323870967741935,ok,,keep,96.94892361111111,0.972,0.003111111111111114,0.003111111111111114,0.003111111111111114,0.003111111111111114,0.003111111111111114,0.003111111111111114,0.003111111111111114,0.003111111111111114,0.003111111111111114
3,butterfly_000003.jpeg,data/demo/images/butterfly_000003.jpeg,butterfly,butterfly,0.902,train,animals10,ann_2,True,True,,0.09799999999999998,0.2327793093014132,0.024193548387096774,300,300,6135.201266443333,209.42556666666667,75.37247857371784,1.0,False,1.0,,eb4cc2f21c37c4e4,0.0,,,,0.0,0.18423870967741934,0.18423870967741934,ok,,keep,96.94892361111111,0.902,0.010888888888888885,0.010888888888888885,0.010888888888888885,0.010888888888888885,0.010888888888888885,0.010888888888888885,0.010888888888888885,0.010888888888888885,0.010888888888888885
4,butterfly_000004.jpeg,data/demo/images/butterfly_000004.jpeg,butterfly,butterfly,0.917,train,animals10,ann_4,True,True,,0.08299999999999996,0.20342596146389583,0.024193548387096774,300,200,1141.9674840530554,80.6935,49.18711373672987,0.7,False,1.0,,e31a61db99b53864,0.0,,,,0.0,0.17973870967741934,0.17973870967741934,ok,,keep,96.94892361111111,0.917,0.009222222222222218,0.009222222222222218,0.009222222222222218,0.009222222222222218,0.009222222222222218,0.009222222222222218,0.009222222222222218,0.009222222222222218,0.009222222222222218
5,butterfly_000005.jpeg,data/demo/images/butterfly_000005.jpeg,chicken,butterfly,0.923,train,animals10,ann_3,True,True,,0.07699999999999996,0.19133571299868538,0.04838709677419355,300,188,4797.555814697136,148.76471631205675,62.001234514342535,0.7,False,1.0,,abc2f00dd2349fe1,0.0,,,,0.923,0.4135274193548387,0.4135274193548387,suspected_label_error,model_disagreement;suspected_label_error,recheck_label,96.94892361111111,0.923,0.00855555555555555,0.00855555555555555,0.00855555555555555,0.00855555555555555,0.00855555555555555,0.00855555555555555,0.00855555555555555,0.00855555555555555,0.00855555555555555
6,butterfly_000006.jpeg,data/demo/images/butterfly_000006.jpeg,butterfly,butterfly,0.917,train,animals10,ann_4,True,True,,0.08299999999999996,0.20342596146389583,0.024193548387096774,300,217,7496.803283262664,152.2951920122888,91.3954242196025,0.7,False,1.0,,da4592e2b679b429,0.0,,,,0.0,0.17973870967741934,0.17973870967741934,ok,,keep,96.94892361111111,0.917,0.009222222222222218,0.009222222222222218,0.009222222222222218,0.009222222222222218,0.009222222222222218,0.009222222222222218,0.009222222222222218,0.009222222222222218,0.009222222222222218
7,butterfly_000007.jpeg,data/demo/images/butterfly_000007.jpeg,butterfly,butterfly,0.942,train,animals10,ann_2,True,True,,0.05800000000000005,0.15151128714699563,0.024193548387096774,300,219,608.6817474021717,123.61538812785388,35.97848888918072,0.7,False,1.0,,d9306485537e4cee,0.0,,,,0.0,0.17223870967741936,0.17223870967741936,ok,,keep,96.94892361111111,0.942,0.0064444444444444506,0.0064444444444444506,0.0064444444444444506,0.0064444444444444506,0.0064444444444444506,0.0064444444444444506,0.0064444444444444506,0.0064444444444444506,0.0064444444444444506
8,butterfly_000008.jpeg,data/demo/images/butterfly_000008.jpeg,butterfly,butterfly,0.924,train,animals10,ann_2,True,True,,0.07599999999999996,0.1892996919537253,0.024193548387096774,213,300,6536.198653186096,201.15596244131456,70.25809758779315,0.7,False,1.0,,ee3e34c1d9c1c193,0.0,,,,0.0,0.17763870967741935,0.17763870967741935,ok,,keep,96.94892361111111,0.924,0.00844444444444444,0.00844444444444444,0.00844444444444444,0.00844444444444444,0.00844444444444444,0.00844444444444444,0.00844444444444444,0.00844444444444444,0.00844444444444444
9,butterfly_000009.jpg,data/demo/images/butterfly_000009.jpg,butterfly,chicken,0.565,train,animals10,ann_4,True,True,,0.43500000000000005,0.7124452874699114,0.024193548387096774,640,426,779.3555175548647,102.79839715375587,57.35758637966387,1.0,False,1.0,,c10d2c7b3c3e7ae0,0.0,,,,0.5166666666666666,0.414505376344086,0.414505376344086,suspected_label_error,model_disagreement;suspected_label_error;high_entropy,recheck_label,96.94892361111111,0.04833333333333334,0.04833333333333334,0.565,0.04833333333333334,0.04833333333333334,0.04833333333333334,0.04833333333333334,0.04833333333333334,0.04833333333333334,0.04833333333333334
10,butterfly_000010.png,data/demo/images/butterfly_000010.png,butterfly,dog,0.612,train,animals10,ann_2,True,True,,0.388,0.6602875094358773,0.024193548387096774,640,378,9988.252182539683,39.44785466269841,73.89028789551296,1.0,False,1.0,,c6f12d1b0e9d194e,0.0,,,,0.5688888888888889,0.4134609318996415,0.4134609318996415,suspected_label_error,model_disagreement;suspected_label_error;high_entropy,recheck_label,96.94892361111111,0.043111111111111114,0.043111111111111114,0.043111111111111114,0.043111111111111114,0.612,0.043111111111111114,0.043111111111111114,0.043111111111111114,0.043111111111111114,0.043111111111111114
11,butterfly_000011.jpeg,data/demo/images/butterfly_000011.jpeg,butterfly,butterfly,0.967,train,animals10,ann_4,True,True,,0.03300000000000003,0.09447163801432062,0.024193548387096774,300,244,3381.809585998201,133.14601092896174,55.78278807872502,0.7,False,1.0,,efee901882e3e0ec,0.0,,,,0.0,0.16473870967741935,0.16473870967741935,ok,,keep,96.94892361111111,0.967,0.00366666666666667,0.00366666666666667,0.00366666666666667,0.00366666666666667,0.00366666666666667,0.00366666666666667,0.00366666666666667,0.00366666666666667,0.00366666666666667
12,butterfly_000012.jpeg,data/demo/images/butterfly_000012.jpeg,butterfly,butterfly,0.832,train,animals10,ann_2,True,True,,0.16800000000000004,0.3569181704390347,0.024193548387096774,300,300,3417.6991660661724,223.11864444444444,60.32879551209561,1.0,False,0.8,too_bright,e9ca93bca1256659,0.0,,,,0.0,0.17523870967741936,0.17523870967741936,ok,too_bright,keep,96.94892361111111,0.832,0.01866666666666667,0.01866666666666667,0.01866666666666667,0.01866666666666667,0.01866666666666667,0.01866666666666667,0.01866666666666667,0.01866666666666667,0.01866666666666667
13,butterfly_000013.jpeg,data/demo/images/butterfly_000013.jpeg,butterfly,butterfly,0.834,train,animals10,ann_3,True,True,,0.16600000000000004,0.35361382337745995,0.024193548387096774,300,169,5267.103264372163,150.4177712031558,43.43920465147107,0.7,False,1.0,,d6c28eb617728d83,0.0,,,,0.0,0.20463870967741937,0.20463870967741937,ok,,keep,96.94892361111111,0.834,0.018444444444444447,0.018444444444444447,0.018444444444444447,0.018444444444444447,0.018444444444444447,0.018444444444444447,0.018444444444444447,0.018444444444444447,0.018444444444444447
14,butterfly_000014.jpg,data/demo/images/butterfly_000014.jpg,butterfly,butterfly,0.908,train,animals10,ann_3,True,True,,0.09199999999999997,0.22117987595253683,0.024193548387096774,640,412,974.8987670049129,138.43837226941747,60.09456950205152,1.0,False,1.0,,e5db919c24ec26c9,0.0,,,,0.0,0.18243870967741935,0.18243870967741935,ok,,keep,96.94892361111111,0.908,0.01022222222222222,0.01022222222222222,0.01022222222222222,0.01022222222222222,0.01022222222222222,0.01022222222222222,0.01022222222222222,0.01022222222222222,0.01022222222222222
15,butterfly_000015.jpeg,data/demo/images/butterfly_000015.jpeg,butterfly,butterfly,0.934,train,animals10,ann_2,True,True,,0.06599999999999995,0.16858611913538024,0.024193548387096774,300,200,2115.094818786389,134.36491666666666,58.38721337610136,0.7,False,1.0,,c6c1346ad17d86f1,0.0,,,,0.0,0.17463870967741935,0.17463870967741935,ok,,keep,96.94892361111111,0.934,0.007333333333333327,0.007333333333333327,0.007333333333333327,0.007333333333333327,0.007333333333333327,0.007333333333333327,0.007333333333333327,0.007333333333333327,0.007333333333333327
16,butterfly_000016.jpeg,data/demo/images/butterfly_000016.jpeg,butterfly,butterfly,0.839,train,animals10,ann_2,True,True,,0.16100000000000003,0.3452977885003792,0.024193548387096774,300,200,441.5188266488889,125.30775,20.1360408208143,0.7,False,1.0,,81f91cee5a950dc3,0.0,,,,0.0,0.20313870967741937,0.20313870967741937,ok,,keep,96.94892361111111,0.839,0.01788888888888889,0.01788888888888889,0.01788888888888889,0.01788888888888889,0.01788888888888889,0.01788888888888889,0.01788888888888889,0.01788888888888889,0.01788888888888889
17,butterfly_000017.jpg,data/demo/images/butterfly_000017.jpg,butterfly,butterfly,0.899,train,animals10,ann_3,True,True,,0.10099999999999998,0.23851206749020762,0.024193548387096774,640,426,1378.048297422722,136.80380721830986,46.74560041059343,1.0,False,1.0,,fc96cb8d02c629b6,0.0,,,,0.0,0.18513870967741936,0.18513870967741936,ok,,keep,96.94892361111111,0.899,0.01122222222222222,0.01122222222222222,0.01122222222222222,0.01122222222222222,0.01122222222222222,0.01122222222222222,0.01122222222222222,0.01122222222222222,0.01122222222222222
18,butterfly_000018.jpeg,data/demo/images/butterfly_000018.jpeg,butterfly,butterfly,0.949,train,animals10,ann_2,True,True,,0.051000000000000045,0.13615464906396568,0.024193548387096774,300,225,2139.04004002941,88.26854814814814,49.814968600882814,0.7,False,1.0,,d01327fc31c71f92,0.0,,,,0.0,0.17013870967741937,0.17013870967741937,ok,,keep,96.94892361111111,0.949,0.005666666666666671,0.005666666666666671,0.005666666666666671,0.005666666666666671,0.005666666666666671,0.005666666666666671,0.005666666666666671,0.005666666666666671,0.005666666666666671
19,butterfly_000019.jpeg,data/demo/images/butterfly_000019.jpeg,butterfly,dog,0.542,train,animals10,ann_4,True,True,,0.45799999999999996,0.7365390627506881,0.024193548387096774,300,201,1672.3762520729686,188.06096185737977,83.0448850546189,0.7,False,1.0,,ad4bc230f3b4f0b4,0.0,,,,0.49111111111111116,0.41501648745519715,0.41501648745519715,hard_example,model_disagreement;high_entropy;low_confidence,send_to_review,96.94892361111111,0.050888888888888886,0.050888888888888886,0.050888888888888886,0.050888888888888886,0.542,0.050888888888888886,0.050888888888888886,0.050888888888888886,0.050888888888888886,0.050888888888888886
20,butterfly_000020.jpeg,data/demo/images/butterfly_000020.jpeg,butterfly,butterfly,0.952,train,animals10,ann_1,True,True,,0.04800000000000004,0.12944168185409546,0.024193548387096774,300,300,353.6614105106173,235.44993333333332,46.783440375082385,1.0,False,0.8,too_bright,b6e6c91963cf3822,0.0,,,,0.0,0.13923870967741936,0.13923870967741936,ok,too_bright,keep,96.94892361111111,0.952,0.005333333333333338,0.005333333333333338,0.005333333333333338,0.005333333333333338,0.005333333333333338,0.005333333333333338,0.005333333333333338,0.005333333333333338,0.005333333333333338
21,butterfly_000021.jpeg,data/demo/images/butterfly_000021.jpeg,butterfly,butterfly,0.832,train,animals10,ann_4,True,True,,0.16800000000000004,0.3569181704390347,0.024193548387096774,300,169,1098.862001437469,91.3531755424063,40.142395468868656,0.7,False,1.0,,e361c4871b74e94e,0.0,,,,0.0,0.20523870967741936,0.20523870967741936,ok,,keep,96.94892361111111,0.832,0.01866666666666667,0.01866666666666667,0.01866666666666667,0.01866666666666667,0.01866666666666667,0.01866666666666667,0.01866666666666667,0.01866666666666667,0.01866666666666667
22,butterfly_000022.jpeg,data/demo/images/butterfly_000022.jpeg,butterfly,butterfly,0.96,train,animals10,ann_2,True,True,,0.040000000000000036,0.11110691266352452,0.024193548387096774,300,200,1273.0201674663888,159.5378,63.34452571317167,0.7,False,1.0,,fa9bc46c95c495e0,0.0,,,,0.0,0.16683870967741937,0.16683870967741937,ok,,keep,96.94892361111111,0.96,0.004444444444444449,0.004444444444444449,0.004444444444444449,0.004444444444444449,0.004444444444444449,0.004444444444444449,0.004444444444444449,0.004444444444444449,0.004444444444444449
23,butterfly_000023.jpeg,data/demo/images/butterfly_000023.jpeg,butterfly,butterfly,0.9,train,animals10,ann_1,True,True,,0.09999999999999998,0.23660598810559538,0.024193548387096774,221,300,1710.4103643896633,99.53858220211161,65.38642304295166,0.7,False,1.0,,aab6339903c9c9f2,0.0,,,,0.0,0.18483870967741933,0.18483870967741933,ok,,keep,96.94892361111111,0.9,0.011111111111111108,0.011111111111111108,0.011111111111111108,0.011111111111111108,0.011111111111111108,0.011111111111111108,0.011111111111111108,0.011111111111111108,0.011111111111111108
24,butterfly_000024.jpeg,data/demo/images/butterfly_000024.jpeg,butterfly,butterfly,0.869,train,animals10,ann_2,True,True,,0.131,0.2936350389288106,0.024193548387096774,300,200,1018.1043199530556,105.13685,27.943514848306037,0.7,False,1.0,,9ad8a54dd9da7013,0.0,,,,0.0,0.19413870967741936,0.19413870967741936,ok,,keep,96.94892361111111,0.869,0.014555555555555556,0.014555555555555556,0.014555555555555556,0.014555555555555556,0.014555555555555556,0.014555555555555556,0.014555555555555556,0.014555555555555556,0.014555555555555556
25,butterfly_000025.jpeg,data/demo/images/butterfly_000025.jpeg,butterfly,butterfly,0.875,train,animals10,ann_3,True,True,,0.125,0.28290951131643977,0.024193548387096774,300,222,1884.8932733057384,108.94897897897899,63.45869416655122,0.7,False,1.0,,9865389cfff14c0a,0.0,,,,0.0,0.19233870967741934,0.19233870967741934,ok,,keep,96.94892361111111,0.875,0.013888888888888888,0.013888888888888888,0.013888888888888888,0.013888888888888888,0.013888888888888888,0.013888888888888888,0.013888888888888888,0.013888888888888888,0.013888888888888888
26,butterfly_000026.jpeg,data/demo/images/butterfly_000026.jpeg,butterfly,butterfly,0.922,train,animals10,ann_3,True,True,,0.07799999999999996,0.19336562317201902,0.024193548387096774,300,300,7249.312097657283,186.84873333333334,79.48186967657746,1.0,False,1.0,,d964b611e4bece41,0.0,,,,0.0,0.17823870967741934,0.17823870967741934,ok,,keep,96.94892361111111,0.922,0.008666666666666663,0.008666666666666663,0.008666666666666663,0.008666666666666663,0.008666666666666663,0.008666666666666663,0.008666666666666663,0.008666666666666663,0.008666666666666663
27,butterfly_000027.jpeg,data/demo/images/butterfly_000027.jpeg,butterfly,butterfly,0.905,train,animals10,ann_2,True,True,,0.09499999999999997,0.2270023273706416,0.024193548387096774,300,181,1252.0593280882754,203.10300184162062,78.18172848374061,0.7,False,1.0,,e9d99536d2859a62,0.0,,,,0.0,0.18333870967741933,0.18333870967741933,ok,,keep,96.94892361111111,0.905,0.010555555555555552,0.010555555555555552,0.010555555555555552,0.010555555555555552,0.010555555555555552,0.010555555555555552,0.010555555555555552,0.010555555555555552,0.010555555555555552
28,butterfly_000028.jpeg,data/demo/images/butterfly_000028.jpeg,butterfly,butterfly,0.847,train,animals10,ann_3,True,True,,0.15300000000000002,0.3318240621360707,0.024193548387096774,300,225,2868.406682718464,96.6230962962963,56.25017612388876,0.7,False,1.0,,8addb9a30f9056cc,0.0,,,,0.0,0.20073870967741936,0.20073870967741936,ok,,keep,96.94892361111111,0.847,0.017,0.017,0.017,0.017,0.017,0.017,0.017,0.017,0.017
29,butterfly_000029.jpeg,data/demo/images/butterfly_000029.jpeg,butterfly,butterfly,0.952,train,animals10,ann_1,True,True,,0.04800000000000004,0.12944168185409546,0.024193548387096774,300,225,2254.7881283711386,77.18444444444444,50.61377790266448,0.7,False,1.0,,d6c2586d1bd830f3,0.0,,,,0.0,0.16923870967741936,0.16923870967741936,ok,,keep,96.94892361111111,0.952,0.005333333333333338,0.005333333333333338,0.005333333333333338,0.005333333333333338,0.005333333333333338,0.005333333333333338,0.005333333333333338,0.005333333333333338,0.005333333333333338
30,butterfly_000030.jpeg,data/demo/images/butterfly_000030.jpeg,butterfly,butterfly,0.943,train,animals10,ann_3,True,True,,0.05700000000000005,0.14934242567046443,0.024193548387096774,300,200,2009.4893175455554,72.24111666666667,52.71189093635694,0.7,False,1.0,,c3ac2a4afd8f50d1,0.0,,,,0.0,0.17193870967741937,0.17193870967741937,ok,,keep,96.94892361111111,0.943,0.006333333333333339,0.006333333333333339,0.006333333333333339,0.006333333333333339,0.006333333333333339,0.006333333333333339,0.006333333333333339,0.006333333333333339,0.006333333333333339
31,butterfly_000031.jpeg,data/demo/images/butterfly_000031.jpeg,butterfly,butterfly,0.887,train,animals10,ann_1,True,True,,0.11299999999999999,0.26102328431933125,0.024193548387096774,254,300,4725.223405856256,184.7642125984252,90.22176939086151,0.7,False,1.0,,eaca953dd236a584,0.0,,,,0.0,0.18873870967741935,0.18873870967741935,ok,,keep,96.94892361111111,0.887,0.012555555555555554,0.012555555555555554,0.012555555555555554,0.012555555555555554,0.012555555555555554,0.012555555555555554,0.012555555555555554,0.012555555555555554,0.012555555555555554
32,butterfly_000032.jpg,data/demo/images/butterfly_000032.jpg,butterfly,butterfly,0.866,train,animals10,ann_3,True,True,,0.134,0.2989459544540185,0.024193548387096774,640,426,9526.620676785953,104.93234301643193,49.0946805813251,1.0,False,1.0,,a122897be3e8f12b,0.0,,,,0.0,0.19503870967741935,0.19503870967741935,ok,,keep,96.94892361111111,0.866,0.014888888888888889,0.014888888888888889,0.014888888888888889,0.014888888888888889,0.014888888888888889,0.014888888888888889,0.014888888888888889,0.014888888888888889,0.014888888888888889
33,butterfly_000033.jpeg,data/demo/images/butterfly_000033.jpeg,butterfly,butterfly,0.93,train,animals10,ann_3,True,True,,0.06999999999999995,0.17695096636165047,0.024193548387096774,300,201,882.6869877310518,90.19253731343284,41.35593320560728,0.7,False,1.0,,e3e2381cc7e3381e,0.0,,,,0.0,0.17583870967741932,0.17583870967741932,ok,,keep,96.94892361111111,0.93,0.007777777777777772,0.007777777777777772,0.007777777777777772,0.007777777777777772,0.007777777777777772,0.007777777777777772,0.007777777777777772,0.007777777777777772,0.007777777777777772
34,butterfly_000034.jpg,data/demo/images/butterfly_000034.jpg,butterfly,butterfly,0.845,train,animals10,ann_4,True,True,,0.15500000000000003,0.33521225234126556,0.024193548387096774,640,510,744.0299709767484,103.63385723039215,47.350458283355955,1.0,False,1.0,,9fd352820a31ecde,0.0,,,,0.0,0.20133870967741935,0.20133870967741935,ok,,keep,96.94892361111111,0.845,0.017222222222222226,0.017222222222222226,0.017222222222222226,0.017222222222222226,0.017222222222222226,0.017222222222222226,0.017222222222222226,0.017222222222222226,0.017222222222222226
35,butterfly_000035.jpeg,data/demo/images/butterfly_000035.jpeg,butterfly,butterfly,0.917,train,animals10,ann_3,True,True,,0.08299999999999996,0.20342596146389583,0.024193548387096774,169,300,3427.8651232084158,185.7758382642998,62.40725369415342,0.7,False,1.0,,8ef481e3635a2c9d,0.0,,,,0.0,0.17973870967741934,0.17973870967741934,ok,,keep,96.94892361111111,0.917,0.009222222222222218,0.009222222222222218,0.009222222222222218,0.009222222222222218,0.009222222222222218,0.009222222222222218,0.009222222222222218,0.009222222222222218,0.009222222222222218
36,butterfly_000036.jpeg,data/demo/images/butterfly_000036.jpeg,butterfly,butterfly,0.978,train,animals10,ann_3,True,True,,0.02200000000000002,0.06690863190435845,0.024193548387096774,300,199,618.1686149294771,106.25180904522612,42.30036996377708,0.7,False,1.0,,81861ef9523b2dbc,0.0,,,,0.0,0.16143870967741936,0.16143870967741936,ok,,keep,96.94892361111111,0.978,0.0024444444444444466,0.0024444444444444466,0.0024444444444444466,0.0024444444444444466,0.0024444444444444466,0.0024444444444444466,0.0024444444444444466,0.0024444444444444466,0.0024444444444444466
37,butterfly_000037.jpeg,data/demo/images/butterfly_000037.jpeg,butterfly,butterfly,0.879,train,animals10,ann_1,True,True,,0.121,0.27568008830107765,0.024193548387096774,225,300,4374.159391358025,143.83013333333332,45.97835888824541,0.7,False,1.0,,f189d98e666386b8,0.0,,,,0.0,0.19113870967741936,0.19113870967741936,ok,,keep,96.94892361111111,0.879,0.013444444444444445,0.013444444444444445,0.013444444444444445,0.013444444444444445,0.013444444444444445,0.013444444444444445,0.013444444444444445,0.013444444444444445,0.013444444444444445
38,butterfly_000038.jpeg,data/demo/images/butterfly_000038.jpeg,butterfly,butterfly,0.863,train,animals10,ann_2,True,True,,0.137,0.3042231850475893,0.024193548387096774,300,187,2142.584086266566,155.08860962566845,43.770938054940764,0.7,False,1.0,,d7608cf39336c433,0.0,,,,0.0,0.19593870967741936,0.19593870967741936,ok,,keep,96.94892361111111,0.863,0.015222222222222224,0.015222222222222224,0.015222222222222224,0.015222222222222224,0.015222222222222224,0.015222222222222224,0.015222222222222224,0.015222222222222224,0.015222222222222224
39,butterfly_000039.jpeg,data/demo/images/butterfly_000039.jpeg,butterfly,horse,0.649,train,animals10,ann_4,True,True,,0.351,0.6163895103673145,0.024193548387096774,300,188,5868.600898407714,77.51047872340426,46.24168313319361,0.7,False,1.0,,c0739f78a54211ef,0.0,,,,0.61,0.41263870967741934,0.41263870967741934,suspected_label_error,model_disagreement;suspected_label_error,recheck_label,96.94892361111111,0.039,0.039,0.039,0.039,0.039,0.039,0.649,0.039,0.039,0.039
40,butterfly_000040.jpeg,data/demo/images/butterfly_000040.jpeg,butterfly,butterfly,0.846,train,animals10,ann_3,True,True,,0.15400000000000003,0.33351982397088215,0.024193548387096774,300,251,2986.4322733986583,170.07138114209826,98.75802287757385,0.7,False,1.0,,bc13972587b262f2,0.0,,,,0.0,0.20103870967741935,0.20103870967741935,ok,,keep,96.94892361111111,0.846,0.017111111111111115,0.017111111111111115,0.017111111111111115,0.017111111111111115,0.017111111111111115,0.017111111111111115,0.017111111111111115,0.017111111111111115,0.017111111111111115
41,butterfly_000041.jpg,data/demo/images/butterfly_000041.jpg,butterfly,butterfly,0.85,train,animals10,ann_2,True,True,,0.15000000000000002,0.3267165963574531,0.024193548387096774,640,480,613.3606283033583,150.90501302083334,35.76691617372059,1.0,False,1.0,,d50d06d7576b4968,0.0,,,,0.0,0.19983870967741935,0.19983870967741935,ok,,keep,96.94892361111111,0.85,0.01666666666666667,0.01666666666666667,0.01666666666666667,0.01666666666666667,0.01666666666666667,0.01666666666666667,0.01666666666666667,0.01666666666666667,0.01666666666666667
42,butterfly_000042.jpeg,data/demo/images/butterfly_000042.jpeg,butterfly,butterfly,0.9,train,animals10,ann_3,True,True,,0.09999999999999998,0.23660598810559538,0.024193548387096774,300,183,1124.221524646567,128.34218579234974,63.36686625898906,0.7,False,1.0,,859bc60aa773cce1,0.0,,,,0.0,0.18483870967741933,0.18483870967741933,ok,,keep,96.94892361111111,0.9,0.011111111111111108,0.011111111111111108,0.011111111111111108,0.011111111111111108,0.011111111111111108,0.011111111111111108,0.011111111111111108,0.011111111111111108,0.011111111111111108
43,butterfly_000043.jpg,data/demo/images/butterfly_000043.jpg,butterfly,horse,0.566,train,animals10,ann_2,True,True,,0.43400000000000005,0.7113766020927308,0.024193548387096774,640,426,849.8627989375871,108.29090742370892,71.55595879189848,1.0,False,1.0,,f2d987218bb14d36,0.0,,,,0.5177777777777777,0.41448315412186376,0.41448315412186376,suspected_label_error,model_disagreement;suspected_label_error;high_entropy,recheck_label,96.94892361111111,0.04822222222222223,0.04822222222222223,0.04822222222222223,0.04822222222222223,0.04822222222222223,0.04822222222222223,0.566,0.04822222222222223,0.04822222222222223,0.04822222222222223
44,butterfly_000044.jpg,data/demo/images/butterfly_000044.jpg,butterfly,butterfly,0.828,train,animals10,ann_4,True,True,,0.17200000000000004,0.3634896955546401,0.024193548387096774,640,378,8392.294958176231,144.50477017195766,75.08717873322868,1.0,False,1.0,,fa0e94f09627ade0,0.0,,,,0.0,0.20643870967741937,0.20643870967741937,ok,,keep,96.94892361111111,0.828,0.019111111111111117,0.019111111111111117,0.019111111111111117,0.019111111111111117,0.019111111111111117,0.019111111111111117,0.019111111111111117,0.019111111111111117,0.019111111111111117
45,butterfly_000045.jpeg,data/demo/images/butterfly_000045.jpeg,butterfly,butterfly,0.928,train,animals10,ann_3,True,True,,0.07199999999999995,0.1810929946625314,0.024193548387096774,201,300,815.1493093611545,108.92583747927031,52.008814207884384,0.7,False,1.0,,c38eccf11f073c83,0.0,,,,0.0,0.17643870967741934,0.17643870967741934,ok,,keep,96.94892361111111,0.928,0.007999999999999995,0.007999999999999995,0.007999999999999995,0.007999999999999995,0.007999999999999995,0.007999999999999995,0.007999999999999995,0.007999999999999995,0.007999999999999995
46,butterfly_000046.jpeg,data/demo/images/butterfly_000046.jpeg,butterfly,butterfly,0.889,train,animals10,ann_3,True,True,,0.11099999999999999,0.2573163980569815,0.024193548387096774,200,300,1854.6004160330554,126.03875,46.974807593405856,0.7,False,1.0,,fc57d7b64883a282,0.0,,,,0.0,0.18813870967741936,0.18813870967741936,ok,,keep,96.94892361111111,0.889,0.012333333333333332,0.012333333333333332,0.012333333333333332,0.012333333333333332,0.012333333333333332,0.012333333333333332,0.012333333333333332,0.012333333333333332,0.012333333333333332
47,butterfly_000047.jpeg,data/demo/images/butterfly_000047.jpeg,butterfly,butterfly,0.879,train,animals10,ann_4,True,True,,0.121,0.27568008830107765,0.024193548387096774,300,225,5097.263127189904,89.69477037037036,63.71067011674769,0.7,False,1.0,,ea5c36813e43f21e,0.0,,,,0.0,0.19113870967741936,0.19113870967741936,ok,,keep,96.94892361111111,0.879,0.013444444444444445,0.013444444444444445,0.013444444444444445,0.013444444444444445,0.013444444444444445,0.013444444444444445,0.013444444444444445,0.013444444444444445,0.013444444444444445
48,butterfly_000048.jpeg,data/demo/images/butterfly_000048.jpeg,squirrel,butterfly,0.909,train,animals10,ann_1,True,True,,0.09099999999999997,0.2192287274660459,0.024193548387096774,300,300,6315.236823990001,210.91736666666668,61.06960659370584,1.0,False,1.0,,bf68c493b181b46e,0.0,,,,0.909,0.40938870967741936,0.40938870967741936,suspected_label_error,model_disagreement;suspected_label_error,recheck_label,96.94892361111111,0.909,0.010111111111111107,0.010111111111111107,0.010111111111111107,0.010111111111111107,0.010111111111111107,0.010111111111111107,0.010111111111111107,0.010111111111111107,0.010111111111111107
49,butterfly_000049.jpeg,data/demo/images/butterfly_000049.jpeg,butterfly,butterfly,0.908,train,animals10,ann_1,True,True,,0.09199999999999997,0.22117987595253683,0.024193548387096774,300,202,1932.775858879848,100.25321782178217,55.26164578255083,0.7,False,1.0,,ae8c6159333d9b32,0.0,,,,0.0,0.18243870967741935,0.18243870967741935,ok,,keep,96.94892361111111,0.908,0.01022222222222222,0.01022222222222222,0.01022222222222222,0.01022222222222222,0.01022222222222222,0.01022222222222222,0.01022222222222222,0.01022222222222222,0.01022222222222222
50,butterfly_000050.jpeg,data/demo/images/butterfly_000050.jpeg,butterfly,elephant,0.633,train,animals10,ann_3,True,True,,0.367,0.6356860025997849,0.024193548387096774,300,207,5804.659514850339,157.41924315619968,99.06637099230494,0.7,False,1.0,,dac6d166f0c6b078,0.0,,,,0.5922222222222222,0.4129942652329749,0.4129942652329749,suspected_label_error,model_disagreement;suspected_label_error,recheck_label,96.94892361111111,0.040777777777777774,0.040777777777777774,0.040777777777777774,0.040777777777777774,0.040777777777777774,0.633,0.040777777777777774,0.040777777777777774,0.040777777777777774,0.040777777777777774
51,butterfly_000051.jpeg,data/demo/images/butterfly_000051.jpeg,butterfly,butterfly,0.843,train,animals10,ann_4,True,True,,0.15700000000000003,0.3385871788021219,0.024193548387096774,300,240,3203.479842209877,140.23522222222223,50.98937175154528,0.7,False,1.0,,b4d761eb0e3c18ca,0.0,,,,0.0,0.20193870967741936,0.20193870967741936,ok,,keep,96.94892361111111,0.843,0.017444444444444446,0.017444444444444446,0.017444444444444446,0.017444444444444446,0.017444444444444446,0.017444444444444446,0.017444444444444446,0.017444444444444446,0.017444444444444446
52,butterfly_000052.jpg,data/demo/images/butterfly_000052.jpg,butterfly,chicken,0.614,train,animals10,ann_4,True,True,,0.386,0.6579795248166603,0.024193548387096774,640,469,532.5092490195261,147.821358608742,48.57979383279107,1.0,False,1.0,,d043d3f8e48f0b87,0.0,,,,0.5711111111111111,0.4134164874551971,0.4134164874551971,suspected_label_error,model_disagreement;suspected_label_error;high_entropy,recheck_label,96.94892361111111,0.04288888888888889,0.04288888888888889,0.614,0.04288888888888889,0.04288888888888889,0.04288888888888889,0.04288888888888889,0.04288888888888889,0.04288888888888889,0.04288888888888889
53,butterfly_000053.jpeg,data/demo/images/butterfly_000053.jpeg,butterfly,butterfly,0.963,train,animals10,ann_2,True,True,,0.03700000000000003,0.10405139021490523,0.024193548387096774,300,234,11786.785893781504,188.2327492877493,84.49772549657085,0.7,False,1.0,,9f360a5ca53de0e8,0.0,,,,0.0,0.16593870967741936,0.16593870967741936,ok,,keep,96.94892361111111,0.963,0.004111111111111115,0.004111111111111115,0.004111111111111115,0.004111111111111115,0.004111111111111115,0.004111111111111115,0.004111111111111115,0.004111111111111115,0.004111111111111115
54,butterfly_000054.jpeg,data/demo/images/butterfly_000054.jpeg,butterfly,butterfly,0.846,train,animals10,ann_3,True,True,,0.15400000000000003,0.33351982397088215,0.024193548387096774,300,225,1381.3945930927846,153.6209925925926,67.94307081596804,0.7,False,1.0,,e612cc923be8b92d,0.0,,,,0.0,0.20103870967741935,0.20103870967741935,ok,,keep,96.94892361111111,0.846,0.017111111111111115,0.017111111111111115,0.017111111111111115,0.017111111111111115,0.017111111111111115,0.017111111111111115,0.017111111111111115,0.017111111111111115,0.017111111111111115
55,butterfly_000055.jpeg,data/demo/images/butterfly_000055.jpeg,butterfly,butterfly,0.902,train,animals10,ann_4,True,True,,0.09799999999999998,0.2327793093014132,0.024193548387096774,300,249,5014.853993733254,209.57107095046854,62.67691594433706,0.7,False,1.0,,bae08e30e51f9137,0.0,,,,0.0,0.18423870967741934,0.18423870967741934,ok,,keep,96.94892361111111,0.902,0.010888888888888885,0.010888888888888885,0.010888888888888885,0.010888888888888885,0.010888888888888885,0.010888888888888885,0.010888888888888885,0.010888888888888885,0.010888888888888885
56,butterfly_000056.jpeg,data/demo/images/butterfly_000056.jpeg,butterfly,butterfly,0.951,train,animals10,ann_3,True,True,,0.049000000000000044,0.13168859909070477,0.024193548387096774,300,169,828.2206820719007,111.37885601577909,47.90164539791295,0.7,False,1.0,,e4dd8348d4b51cbc,0.0,,,,0.0,0.16953870967741935,0.16953870967741935,ok,,keep,96.94892361111111,0.951,0.00544444444444445,0.00544444444444445,0.00544444444444445,0.00544444444444445,0.00544444444444445,0.00544444444444445,0.00544444444444445,0.00544444444444445,0.00544444444444445
57,butterfly_000057.jpeg,data/demo/images/butterfly_000057.jpeg,butterfly,horse,0.584,train,animals10,ann_1,True,True,,0.41600000000000004,0.6918369513294481,0.024193548387096774,300,188,5582.970055452128,128.23372340425533,89.80802190730078,0.7,False,1.0,,ec7254e9cbcac388,0.0,,,,0.5377777777777777,0.4140831541218638,0.4140831541218638,suspected_label_error,model_disagreement;suspected_label_error;high_entropy,recheck_label,96.94892361111111,0.04622222222222223,0.04622222222222223,0.04622222222222223,0.04622222222222223,0.04622222222222223,0.04622222222222223,0.584,0.04622222222222223,0.04622222222222223,0.04622222222222223
58,butterfly_000058.jpeg,data/demo/images/butterfly_000058.jpeg,butterfly,butterfly,0.925,train,animals10,ann_2,True,True,,0.07499999999999996,0.187257486327022,0.024193548387096774,300,212,1294.8639564010523,87.92526729559748,61.76387143301464,0.7,False,1.0,,984b29b77596619c,0.0,,,,0.0,0.17733870967741933,0.17733870967741933,ok,,keep,96.94892361111111,0.925,0.008333333333333328,0.008333333333333328,0.008333333333333328,0.008333333333333328,0.008333333333333328,0.008333333333333328,0.008333333333333328,0.008333333333333328,0.008333333333333328
59,butterfly_000059.jpg,data/demo/images/butterfly_000059.jpg,butterfly,butterfly,0.847,train,animals10,ann_4,True,True,,0.15300000000000002,0.3318240621360707,0.024193548387096774,640,426,1113.61424764779,157.9849618544601,36.83638367237485,1.0,False,1.0,,f631cc33368c4b99,0.0,,,,0.0,0.20073870967741936,0.20073870967741936,ok,,keep,96.94892361111111,0.847,0.017,0.017,0.017,0.017,0.017,0.017,0.017,0.017,0.017
60,butterfly_000060.jpeg,data/demo/images/butterfly_000060.jpeg,butterfly,butterfly,0.825,train,animals10,ann_1,True,True,,0.17500000000000004,0.36838626873514757,0.024193548387096774,254,300,2416.592832934466,78.67877952755906,59.07868862757548,0.7,False,1.0,,83383e87e1735c1e,0.0,,,,0.0,0.20733870967741935,0.20733870967741935,ok,,keep,96.94892361111111,0.825,0.019444444444444448,0.019444444444444448,0.019444444444444448,0.019444444444444448,0.019444444444444448,0.019444444444444448,0.019444444444444448,0.019444444444444448,0.019444444444444448
61,butterfly_000061.jpeg,data/demo/images/butterfly_000061.jpeg,butterfly,butterfly,0.887,train,animals10,ann_4,True,True,,0.11299999999999999,0.26102328431933125,0.024193548387096774,300,230,2034.2840168872087,191.0357536231884,80.52530980244583,0.7,False,1.0,,ea1a95a7b4685ca9,0.0,,,,0.0,0.18873870967741935,0.18873870967741935,ok,,keep,96.94892361111111,0.887,0.012555555555555554,0.012555555555555554,0.012555555555555554,0.012555555555555554,0.012555555555555554,0.012555555555555554,0.012555555555555554,0.012555555555555554,0.012555555555555554
62,butterfly_000062.jpeg,data/demo/images/butterfly_000062.jpeg,butterfly,butterfly,0.944,train,animals10,ann_4,True,True,,0.05600000000000005,0.14716548405593347,0.024193548387096774,300,300,2573.5764033733335,76.53954444444445,45.470733110103325,1.0,False,1.0,,ced1290d2a73667c,0.0,,,,0.0,0.17163870967741937,0.17163870967741937,ok,,keep,96.94892361111111,0.944,0.006222222222222228,0.006222222222222228,0.006222222222222228,0.006222222222222228,0.006222222222222228,0.006222222222222228,0.006222222222222228,0.006222222222222228,0.006222222222222228
63,butterfly_000063.jpeg,data/demo/images/butterfly_000063.jpeg,butterfly,butterfly,0.83,train,animals10,ann_2,True,True,,0.17000000000000004,0.36021008895529266,0.024193548387096774,300,188,3718.1616436094764,136.8200354609929,50.744141498823716,0.7,False,1.0,,e5b3d8cc66d62912,0.0,,,,0.0,0.20583870967741935,0.20583870967741935,ok,,keep,96.94892361111111,0.83,0.018888888888888893,0.018888888888888893,0.018888888888888893,0.018888888888888893,0.018888888888888893,0.018888888888888893,0.018888888888888893,0.018888888888888893,0.018888888888888893
64,butterfly_000064.jpeg,data/demo/images/butterfly_000064.jpeg,butterfly,butterfly,0.98,train,animals10,ann_4,True,True,,0.020000000000000018,0.06166269175391802,0.024193548387096774,300,221,3308.7683405961293,211.5970286576169,61.620606190704486,0.7,False,1.0,,f91ac3b027b66992,0.0,,,,0.0,0.16083870967741937,0.16083870967741937,ok,,keep,96.94892361111111,0.98,0.0022222222222222244,0.0022222222222222244,0.0022222222222222244,0.0022222222222222244,0.0022222222222222244,0.0022222222222222244,0.0022222222222222244,0.0022222222222222244,0.0022222222222222244
65,butterfly_000065.jpeg,data/demo/images/butterfly_000065.jpeg,butterfly,butterfly,0.848,train,animals10,ann_3,True,True,,0.15200000000000002,0.3301249490105339,0.024193548387096774,300,230,1795.8754752455366,115.29368115942029,64.21062339810838,0.7,False,1.0,,d8396336f7365803,0.0,,,,0.0,0.20043870967741936,0.20043870967741936,ok,,keep,96.94892361111111,0.848,0.01688888888888889,0.01688888888888889,0.01688888888888889,0.01688888888888889,0.01688888888888889,0.01688888888888889,0.01688888888888889,0.01688888888888889,0.01688888888888889
66,butterfly_000066.jpeg,data/demo/images/butterfly_000066.jpeg,butterfly,butterfly,0.959,train,animals10,ann_3,True,True,,0.041000000000000036,0.11343575614189247,0.024193548387096774,300,223,6295.94764670626,184.50400597907324,51.38208116618647,0.7,False,1.0,,e282951e5b316d8f,0.0,,,,0.0,0.16713870967741937,0.16713870967741937,ok,,keep,96.94892361111111,0.959,0.004555555555555559,0.004555555555555559,0.004555555555555559,0.004555555555555559,0.004555555555555559,0.004555555555555559,0.004555555555555559,0.004555555555555559,0.004555555555555559
67,butterfly_000067.jpeg,data/demo/images/butterfly_000067.jpeg,butterfly,butterfly,0.859,train,animals10,ann_3,True,True,,0.14100000000000001,0.3112081668725543,0.024193548387096774,300,188,2255.9543571751924,23.51909574468085,50.83441333009506,0.7,False,0.8,too_dark,d6247589699bc6d2,0.0,,,,0.0,0.16713870967741934,0.16713870967741934,ok,too_dark,keep,96.94892361111111,0.859,0.01566666666666667,0.01566666666666667,0.01566666666666667,0.01566666666666667,0.01566666666666667,0.01566666666666667,0.01566666666666667,0.01566666666666667,0.01566666666666667
68,butterfly_000068.jpg,data/demo/images/butterfly_000068.jpg,butterfly,butterfly,0.868,train,animals10,ann_3,True,True,,0.132,0.29540912653067897,0.024193548387096774,640,426,1020.2918019647609,63.55897887323944,41.073543018653595,1.0,False,1.0,,f0a76998607f83b4,0.0,,,,0.0,0.19443870967741936,0.19443870967741936,ok,,keep,96.94892361111111,0.868,0.014666666666666668,0.014666666666666668,0.014666666666666668,0.014666666666666668,0.014666666666666668,0.014666666666666668,0.014666666666666668,0.014666666666666668,0.014666666666666668
69,butterfly_000069.jpg,data/demo/images/butterfly_000069.jpg,butterfly,butterfly,0.898,train,animals10,ann_4,True,True,,0.10199999999999998,0.24041336377291156,0.024193548387096774,640,426,1315.1677007029768,147.0914209213615,23.3953645766935,1.0,False,1.0,,c6a94abd1b32394e,0.0,,,,0.0,0.18543870967741935,0.18543870967741935,ok,,keep,96.94892361111111,0.898,0.01133333333333333,0.01133333333333333,0.01133333333333333,0.01133333333333333,0.01133333333333333,0.01133333333333333,0.01133333333333333,0.01133333333333333,0.01133333333333333
70,butterfly_000070.jpg,data/demo/images/butterfly_000070.jpg,butterfly,butterfly,0.947,train,animals10,ann_3,True,True,,0.05300000000000005,0.14058479745239807,0.024193548387096774,640,329,1148.9282608895953,149.5072615881459,54.264710621635906,1.0,False,1.0,,f2b18e2c618cb99b,0.0,,,,0.0,0.17073870967741936,0.17073870967741936,ok,,keep,96.94892361111111,0.947,0.005888888888888894,0.005888888888888894,0.005888888888888894,0.005888888888888894,0.005888888888888894,0.005888888888888894,0.005888888888888894,0.005888888888888894,0.005888888888888894
71,butterfly_000071.jpeg,data/demo/images/butterfly_000071.jpeg,butterfly,butterfly,0.907,train,animals10,ann_4,True,True,,0.09299999999999997,0.2231258254558901,0.024193548387096774,300,300,1081.9587068344445,188.21963333333332,69.76776121994551,1.0,False,1.0,,da8f0db064c61d3b,0.0,,,,0.0,0.18273870967741934,0.18273870967741934,ok,,keep,96.94892361111111,0.907,0.01033333333333333,0.01033333333333333,0.01033333333333333,0.01033333333333333,0.01033333333333333,0.01033333333333333,0.01033333333333333,0.01033333333333333,0.01033333333333333
72,butterfly_000072.jpeg,data/demo/images/butterfly_000072.jpeg,butterfly,butterfly,0.949,train,animals10,ann_3,True,True,,0.051000000000000045,0.13615464906396568,0.024193548387096774,300,300,9134.838592219136,129.67572222222222,63.8038881567796,1.0,False,1.0,,e58763ac0e630af3,0.0,,,,0.0,0.17013870967741937,0.17013870967741937,ok,,keep,96.94892361111111,0.949,0.005666666666666671,0.005666666666666671,0.005666666666666671,0.005666666666666671,0.005666666666666671,0.005666666666666671,0.005666666666666671,0.005666666666666671,0.005666666666666671
73,butterfly_000073.jpeg,data/demo/images/butterfly_000073.jpeg,chicken,butterfly,0.891,train,animals10,ann_3,True,True,,0.10899999999999999,0.2535919066135583,0.04838709677419355,300,237,1387.5686919831223,172.31351617440225,90.68074633255044,0.7,False,1.0,,a9c7c062d278d6f8,0.0,,,,0.891,0.41512741935483877,0.41512741935483877,suspected_label_error,model_disagreement;suspected_label_error,recheck_label,96.94892361111111,0.891,0.012111111111111109,0.012111111111111109,0.012111111111111109,0.012111111111111109,0.012111111111111109,0.012111111111111109,0.012111111111111109,0.012111111111111109,0.012111111111111109
74,butterfly_000074.jpg,data/demo/images/butterfly_000074.jpg,butterfly,butterfly,0.952,train,animals10,ann_3,True,True,,0.04800000000000004,0.12944168185409546,0.024193548387096774,640,427,1566.1156528509568,143.74130927985948,29.36542327694706,1.0,False,1.0,,c9334c9866c99b37,0.0,,,,0.0,0.16923870967741936,0.16923870967741936,ok,,keep,96.94892361111111,0.952,0.005333333333333338,0.005333333333333338,0.005333333333333338,0.005333333333333338,0.005333333333333338,0.005333333333333338,0.005333333333333338,0.005333333333333338,0.005333333333333338
75,butterfly_000075.jpg,data/demo/images/butterfly_000075.jpg,butterfly,butterfly,0.842,train,animals10,ann_2,True,True,,0.15800000000000003,0.34026971136696504,0.024193548387096774,640,427,1241.067783944134,163.9106630562061,35.881497573949574,1.0,False,1.0,,e7308fb066185dce,0.0,,,,0.0,0.20223870967741936,0.20223870967741936,ok,,keep,96.94892361111111,0.842,0.01755555555555556,0.01755555555555556,0.01755555555555556,0.01755555555555556,0.01755555555555556,0.01755555555555556,0.01755555555555556,0.01755555555555556,0.01755555555555556
76,butterfly_000076.jpeg,data/demo/images/butterfly_000076.jpeg,butterfly,butterfly,0.905,train,animals10,ann_2,True,True,,0.09499999999999997,0.2270023273706416,0.024193548387096774,300,200,951.0061,84.75793333333333,43.105845354532704,0.7,False,1.0,,dbc96858cc664c9b,0.0,,,,0.0,0.18333870967741933,0.18333870967741933,ok,,keep,96.94892361111111,0.905,0.010555555555555552,0.010555555555555552,0.010555555555555552,0.010555555555555552,0.010555555555555552,0.010555555555555552,0.010555555555555552,0.010555555555555552,0.010555555555555552
77,butterfly_000077.jpeg,data/demo/images/butterfly_000077.jpeg,sheep,butterfly,0.896,train,animals10,ann_2,True,True,,0.10399999999999998,0.24420177269440774,0.04838709677419355,300,257,474.2644401060829,79.20662775616083,62.022755249856594,1.0,False,1.0,,c3f278491f373c09,0.0,,,,0.896,0.4148774193548387,0.4148774193548387,suspected_label_error,model_disagreement;suspected_label_error,recheck_label,96.94892361111111,0.896,0.011555555555555553,0.011555555555555553,0.011555555555555553,0.011555555555555553,0.011555555555555553,0.011555555555555553,0.011555555555555553,0.011555555555555553,0.011555555555555553
78,butterfly_000078.jpeg,data/demo/images/butterfly_000078.jpeg,squirrel,butterfly,0.845,train,animals10,ann_4,True,True,,0.15500000000000003,0.33521225234126556,0.024193548387096774,300,188,1369.4025793845253,104.84015957446809,38.96178115480192,0.7,False,1.0,,bec88cb0ed319571,0.0,,,,0.845,0.41258870967741934,0.41258870967741934,suspected_label_error,model_disagreement;suspected_label_error,recheck_label,96.94892361111111,0.845,0.017222222222222226,0.017222222222222226,0.017222222222222226,0.017222222222222226,0.017222222222222226,0.017222222222222226,0.017222222222222226,0.017222222222222226,0.017222222222222226
79,butterfly_000079.jpeg,data/demo/images/butterfly_000079.jpeg,butterfly,butterfly,0.974,train,animals10,ann_3,True,True,,0.026000000000000023,0.07716456985546556,0.024193548387096774,300,200,2959.4713830775004,94.76421666666667,55.813600399481984,0.7,False,1.0,,96b632596d695986,0.0,,,,0.0,0.16263870967741936,0.16263870967741936,ok,,keep,96.94892361111111,0.974,0.0028888888888888914,0.0028888888888888914,0.0028888888888888914,0.0028888888888888914,0.0028888888888888914,0.0028888888888888914,0.0028888888888888914,0.0028888888888888914,0.0028888888888888914
80,butterfly_000080.jpeg,data/demo/images/butterfly_000080.jpeg,butterfly,cat,0.6,train,animals10,ann_2,True,True,,0.4,0.6739822526714142,0.024193548387096774,300,261,2091.0598796057343,211.89858237547892,71.79431469490751,1.0,False,1.0,,bf1c94a5c342d1b3,0.0,,,,0.5555555555555556,0.41372759856630825,0.41372759856630825,suspected_label_error,model_disagreement;suspected_label_error;high_entropy,recheck_label,96.94892361111111,0.044444444444444446,0.6,0.044444444444444446,0.044444444444444446,0.044444444444444446,0.044444444444444446,0.044444444444444446,0.044444444444444446,0.044444444444444446,0.044444444444444446
81,butterfly_000081.jpeg,data/demo/images/butterfly_000081.jpeg,butterfly,butterfly,0.97,train,animals10,ann_2,True,True,,0.030000000000000027,0.08714505106038822,0.024193548387096774,300,225,5185.84269739369,114.08382222222222,76.00097306724693,0.7,False,1.0,,ccf35169271a3d0d,0.0,,,,0.0,0.16383870967741937,0.16383870967741937,ok,,keep,96.94892361111111,0.97,0.003333333333333336,0.003333333333333336,0.003333333333333336,0.003333333333333336,0.003333333333333336,0.003333333333333336,0.003333333333333336,0.003333333333333336,0.003333333333333336
82,butterfly_000082.jpeg,data/demo/images/butterfly_000082.jpeg,butterfly,butterfly,0.969,train,animals10,ann_1,True,True,,0.031000000000000028,0.08960156097862082,0.024193548387096774,300,229,1229.7347786170278,96.68170305676855,41.56421432764682,0.7,False,1.0,,d29e6989c6239dc6,0.0,,,,0.0,0.16413870967741936,0.16413870967741936,ok,,keep,96.94892361111111,0.969,0.0034444444444444475,0.0034444444444444475,0.0034444444444444475,0.0034444444444444475,0.0034444444444444475,0.0034444444444444475,0.0034444444444444475,0.0034444444444444475,0.0034444444444444475
83,butterfly_000083.jpeg,data/demo/images/butterfly_000083.jpeg,butterfly,butterfly,0.899,train,animals10,ann_3,True,True,,0.10099999999999998,0.23851206749020762,0.024193548387096774,300,238,4543.213180679135,140.19403361344538,44.83242434360962,0.7,False,1.0,,cdd9f3ca816407b2,0.0,,,,0.0,0.18513870967741936,0.18513870967741936,ok,,keep,96.94892361111111,0.899,0.01122222222222222,0.01122222222222222,0.01122222222222222,0.01122222222222222,0.01122222222222222,0.01122222222222222,0.01122222222222222,0.01122222222222222,0.01122222222222222
84,butterfly_000084.jpeg,data/demo/images/butterfly_000084.jpeg,butterfly,squirrel,0.589,train,animals10,ann_3,True,True,,0.41100000000000003,0.6863067696159504,0.024193548387096774,300,200,2671.644255278889,113.16056666666667,32.270119073412516,0.7,False,1.0,,950e2f1b17547656,0.0,,,,0.5433333333333333,0.41397204301075263,0.41397204301075263,suspected_label_error,model_disagreement;suspected_label_error;high_entropy,recheck_label,96.94892361111111,0.04566666666666667,0.04566666666666667,0.04566666666666667,0.04566666666666667,0.04566666666666667,0.04566666666666667,0.04566666666666667,0.04566666666666667,0.04566666666666667,0.589
85,butterfly_000085.jpg,data/demo/images/butterfly_000085.jpg,butterfly,butterfly,0.907,train,animals10,ann_4,True,True,,0.09299999999999997,0.2231258254558901,0.024193548387096774,640,426,332.7761439399507,101.91180677816901,48.122502465297096,1.0,False,1.0,,8872ab64d9b365b8,0.0,,,,0.0,0.18273870967741934,0.18273870967741934,ok,,keep,96.94892361111111,0.907,0.01033333333333333,0.01033333333333333,0.01033333333333333,0.01033333333333333,0.01033333333333333,0.01033333333333333,0.01033333333333333,0.01033333333333333,0.01033333333333333
86,butterfly_000086.jpg,data/demo/images/butterfly_000086.jpg,butterfly,butterfly,0.901,train,animals10,ann_3,True,True,,0.09899999999999998,0.2346950831542553,0.024193548387096774,640,377,1775.5694658211405,117.34246933023873,42.14714077530892,1.0,False,1.0,,ac58239166ae5db6,0.0,,,,0.0,0.18453870967741934,0.18453870967741934,ok,,keep,96.94892361111111,0.901,0.010999999999999998,0.010999999999999998,0.010999999999999998,0.010999999999999998,0.010999999999999998,0.010999999999999998,0.010999999999999998,0.010999999999999998,0.010999999999999998
87,butterfly_000087.jpeg,data/demo/images/butterfly_000087.jpeg,butterfly,chicken,0.618,train,animals10,ann_3,True,True,,0.382,0.6533415520257164,0.024193548387096774,300,227,5025.232056576339,166.46920704845814,74.547989887639,0.7,False,1.0,,b7d9c8639a6d0632,0.0,,,,0.5755555555555556,0.4133275985663082,0.4133275985663082,suspected_label_error,model_disagreement;suspected_label_error;high_entropy,recheck_label,96.94892361111111,0.042444444444444444,0.042444444444444444,0.618,0.042444444444444444,0.042444444444444444,0.042444444444444444,0.042444444444444444,0.042444444444444444,0.042444444444444444,0.042444444444444444
88,butterfly_000088.jpeg,data/demo/images/butterfly_000088.jpeg,butterfly,elephant,0.632,train,animals10,ann_2,True,True,,0.368,0.6368760483844051,0.024193548387096774,300,176,9170.235554605357,138.30685606060607,55.604324267424175,0.7,False,1.0,,bd41d316c4597555,0.0,,,,0.5911111111111111,0.41301648745519715,0.41301648745519715,suspected_label_error,model_disagreement;suspected_label_error,recheck_label,96.94892361111111,0.04088888888888889,0.04088888888888889,0.04088888888888889,0.04088888888888889,0.04088888888888889,0.632,0.04088888888888889,0.04088888888888889,0.04088888888888889,0.04088888888888889
89,butterfly_000089.jpg,data/demo/images/butterfly_000089.jpg,butterfly,butterfly,0.964,train,animals10,ann_4,True,True,,0.03600000000000003,0.10167557528692026,0.024193548387096774,640,359,520.1101509553265,73.48393976323119,37.189112710385906,1.0,False,1.0,,ccddb5b3c4061bb0,0.0,,,,0.0,0.16563870967741937,0.16563870967741937,ok,,keep,96.94892361111111,0.964,0.0040000000000000036,0.0040000000000000036,0.0040000000000000036,0.0040000000000000036,0.0040000000000000036,0.0040000000000000036,0.0040000000000000036,0.0040000000000000036,0.0040000000000000036
90,butterfly_000090.jpg,data/demo/images/butterfly_000090.jpg,butterfly,cat,0.492,train,animals10,ann_2,True,True,,0.508,0.7857295940504602,0.024193548387096774,640,512,1096.1400207088886,136.0090576171875,45.337853531915755,1.0,False,1.0,,8a94cda30f3718db,0.0,,,,0.43555555555555553,0.4161275985663082,0.4161275985663082,hard_example,model_disagreement;high_entropy;low_confidence,send_to_review,96.94892361111111,0.05644444444444444,0.492,0.05644444444444444,0.05644444444444444,0.05644444444444444,0.05644444444444444,0.05644444444444444,0.05644444444444444,0.05644444444444444,0.05644444444444444
91,butterfly_000091.jpeg,data/demo/images/butterfly_000091.jpeg,butterfly,butterfly,0.821,train,animals10,ann_4,True,True,,0.17900000000000005,0.3748729803062328,0.024193548387096774,300,258,4834.695870979809,176.534496124031,100.66939135227284,1.0,False,1.0,,ed129625b1edc338,0.0,,,,0.0,0.20853870967741936,0.20853870967741936,ok,,keep,96.94892361111111,0.821,0.019888888888888893,0.019888888888888893,0.019888888888888893,0.019888888888888893,0.019888888888888893,0.019888888888888893,0.019888888888888893,0.019888888888888893,0.019888888888888893
92,butterfly_000092.jpeg,data/demo/images/butterfly_000092.jpeg,butterfly,butterfly,0.973,train,animals10,ann_3,True,True,,0.027000000000000024,0.0796839281985186,0.024193548387096774,300,225,754.4480607980247,84.61924444444445,45.07053126123406,0.7,False,1.0,,99c82b319cc6e771,0.0,,,,0.0,0.16293870967741936,0.16293870967741936,ok,,keep,96.94892361111111,0.973,0.0030000000000000027,0.0030000000000000027,0.0030000000000000027,0.0030000000000000027,0.0030000000000000027,0.0030000000000000027,0.0030000000000000027,0.0030000000000000027,0.0030000000000000027
93,butterfly_000093.jpeg,data/demo/images/butterfly_000093.jpeg,butterfly,butterfly,0.862,train,animals10,ann_3,True,True,,0.138,0.30597488489540914,0.024193548387096774,260,300,3248.853257051282,78.73947435897436,58.64118103832712,1.0,False,1.0,,cc6dcaa15b5335c8,0.0,,,,0.0,0.19623870967741935,0.19623870967741935,ok,,keep,96.94892361111111,0.862,0.015333333333333334,0.015333333333333334,0.015333333333333334,0.015333333333333334,0.015333333333333334,0.015333333333333334,0.015333333333333334,0.015333333333333334,0.015333333333333334
94,butterfly_000094.jpeg,data/demo/images/butterfly_000094.jpeg,butterfly,cat,0.557,train,animals10,ann_2,True,True,,0.44299999999999995,0.7209312329100894,0.024193548387096774,300,228,1309.2746444205056,149.227865497076,41.09206616704307,0.7,False,1.0,,9fa6c54931e05cb6,0.0,,,,0.5077777777777779,0.41468315412186374,0.41468315412186374,suspected_label_error,model_disagreement;suspected_label_error;high_entropy,recheck_label,96.94892361111111,0.049222222222222216,0.557,0.049222222222222216,0.049222222222222216,0.049222222222222216,0.049222222222222216,0.049222222222222216,0.049222222222222216,0.049222222222222216,0.049222222222222216
95,butterfly_000095.jpeg,data/demo/images/butterfly_000095.jpeg,butterfly,butterfly,0.963,train,animals10,ann_3,True,True,,0.03700000000000003,0.10405139021490523,0.024193548387096774,300,225,422.840530069904,62.15576296296296,46.76047940510945,0.7,False,1.0,,db2c617b36278998,0.0,,,,0.0,0.16593870967741936,0.16593870967741936,ok,,keep,96.94892361111111,0.963,0.004111111111111115,0.004111111111111115,0.004111111111111115,0.004111111111111115,0.004111111111111115,0.004111111111111115,0.004111111111111115,0.004111111111111115,0.004111111111111115
96,butterfly_000096.jpg,data/demo/images/butterfly_000096.jpg,butterfly,butterfly,0.971,train,animals10,ann_3,True,True,,0.029000000000000026,0.08467361425105385,0.024193548387096774,640,421,1309.1394472377647,96.16278577790973,60.581617649413474,1.0,False,1.0,,e29f3621be644d0e,0.0,,,,0.0,0.16353870967741935,0.16353870967741935,ok,,keep,96.94892361111111,0.971,0.0032222222222222253,0.0032222222222222253,0.0032222222222222253,0.0032222222222222253,0.0032222222222222253,0.0032222222222222253,0.0032222222222222253,0.0032222222222222253,0.0032222222222222253
97,butterfly_000097.jpg,data/demo/images/butterfly_000097.jpg,butterfly,butterfly,0.841,val,animals10,ann_2,True,True,,0.15900000000000003,0.34194897942491215,0.024193548387096774,640,412,3297.3177587727096,94.11714199029126,66.64725669813879,1.0,False,1.0,,cb78975d309929b2,0.0,,,,0.0,0.20253870967741935,0.20253870967741935,ok,,keep,96.94892361111111,0.841,0.01766666666666667,0.01766666666666667,0.01766666666666667,0.01766666666666667,0.01766666666666667,0.01766666666666667,0.01766666666666667,0.01766666666666667,0.01766666666666667
98,butterfly_000098.jpeg,data/demo/images/butterfly_000098.jpeg,butterfly,butterfly,0.88,val,animals10,ann_4,True,True,,0.12,0.2738625957719109,0.024193548387096774,300,300,6261.075210399877,220.56015555555555,72.80899778933173,1.0,False,0.8,too_bright,de3684c8d9b5b161,0.0,,,,0.0,0.16083870967741934,0.16083870967741934,ok,too_bright,keep,96.94892361111111,0.88,0.013333333333333332,0.013333333333333332,0.013333333333333332,0.013333333333333332,0.013333333333333332,0.013333333333333332,0.013333333333333332,0.013333333333333332,0.013333333333333332
99,butterfly_000099.jpeg,data/demo/images/butterfly_000099.jpeg,butterfly,butterfly,0.952,val,animals10,ann_2,True,True,,0.04800000000000004,0.12944168185409546,0.024193548387096774,200,200,1538.2943444775,80.8901,54.02881612611921,0.7,False,1.0,,cc6dcca0aad237ca,0.0,,,,0.0,0.16923870967741936,0.16923870967741936,ok,,keep,96.94892361111111,0.952,0.005333333333333338,0.005333333333333338,0.005333333333333338,0.005333333333333338,0.005333333333333338,0.005333333333333338,0.005333333333333338,0.005333333333333338,0.005333333333333338
100,butterfly_000100.jpeg,data/demo/images/butterfly_000100.jpeg,butterfly,butterfly,0.946,val,animals10,ann_4,True,True,,0.05400000000000005,0.14278681310024288,0.024193548387096774,300,225,5385.182193135802,89.6432,66.50663601852631,0.7,False,1.0,,c12974873ef42997,0.0,,,,0.0,0.17103870967741935,0.17103870967741935,ok,,keep,96.94892361111111,0.946,0.006000000000000005,0.006000000000000005,0.006000000000000005,0.006000000000000005,0.006000000000000005,0.006000000000000005,0.006000000000000005,0.006000000000000005,0.006000000000000005
101,butterfly_000101.jpeg,data/demo/images/butterfly_000101.jpeg,butterfly,butterfly,0.967,val,animals10,ann_1,True,True,,0.03300000000000003,0.09447163801432062,0.024193548387096774,300,200,3701.2481059997226,92.47593333333333,51.71887747681907,0.7,False,1.0,,fc0103c7f8f83d46,0.0,,,,0.0,0.16473870967741935,0.16473870967741935,ok,,keep,96.94892361111111,0.967,0.00366666666666667,0.00366666666666667,0.00366666666666667,0.00366666666666667,0.00366666666666667,0.00366666666666667,0.00366666666666667,0.00366666666666667,0.00366666666666667
102,butterfly_000102.jpeg,data/demo/images/butterfly_000102.jpeg,butterfly,butterfly,0.901,val,animals10,ann_2,True,True,,0.09899999999999998,0.2346950831542553,0.024193548387096774,300,225,736.2288519945129,75.91182222222223,24.66145505480662,0.7,False,1.0,,c421a63336772776,0.0,,,,0.0,0.18453870967741934,0.18453870967741934,ok,,keep,96.94892361111111,0.901,0.010999999999999998,0.010999999999999998,0.010999999999999998,0.010999999999999998,0.010999999999999998,0.010999999999999998,0.010999999999999998,0.010999999999999998,0.010999999999999998
103,butterfly_000103.jpeg,data/demo/images/butterfly_000103.jpeg,butterfly,butterfly,0.891,val,animals10,ann_2,True,True,,0.10899999999999999,0.2535919066135583,0.024193548387096774,300,225,1967.482803192099,144.65060740740742,32.036331210187505,0.7,False,1.0,,bd91984fc6c24d2d,0.0,,,,0.0,0.18753870967741934,0.18753870967741934,ok,,keep,96.94892361111111,0.891,0.012111111111111109,0.012111111111111109,0.012111111111111109,0.012111111111111109,0.012111111111111109,0.012111111111111109,0.012111111111111109,0.012111111111111109,0.012111111111111109
104,butterfly_000104.jpeg,data/demo/images/butterfly_000104.jpeg,butterfly,butterfly,0.964,val,animals10,ann_4,True,True,,0.03600000000000003,0.10167557528692026,0.024193548387096774,300,225,1856.514088493608,92.71047407407407,65.26495001656052,0.7,False,1.0,,b5c2561b5b3c5a26,0.0,,,,0.0,0.16563870967741937,0.16563870967741937,ok,,keep,96.94892361111111,0.964,0.0040000000000000036,0.0040000000000000036,0.0040000000000000036,0.0040000000000000036,0.0040000000000000036,0.0040000000000000036,0.0040000000000000036,0.0040000000000000036,0.0040000000000000036
105,butterfly_000105.jpeg,data/demo/images/butterfly_000105.jpeg,butterfly,butterfly,0.902,val,animals10,ann_4,True,True,,0.09799999999999998,0.2327793093014132,0.024193548387096774,300,225,3915.5013073143487,167.14610370370372,71.40639053518473,0.7,False,1.0,,ed90c1d39f4886a7,0.0,,,,0.0,0.18423870967741934,0.18423870967741934,ok,,keep,96.94892361111111,0.902,0.010888888888888885,0.010888888888888885,0.010888888888888885,0.010888888888888885,0.010888888888888885,0.010888888888888885,0.010888888888888885,0.010888888888888885,0.010888888888888885
106,butterfly_000106.jpeg,data/demo/images/butterfly_000106.jpeg,butterfly,butterfly,0.928,val,animals10,ann_3,True,True,,0.07199999999999995,0.1810929946625314,0.024193548387096774,300,225,1008.6157209011798,110.87783703703704,69.37905977648977,0.7,False,1.0,,de13693447a34cae,0.0,,,,0.0,0.17643870967741934,0.17643870967741934,ok,,keep,96.94892361111111,0.928,0.007999999999999995,0.007999999999999995,0.007999999999999995,0.007999999999999995,0.007999999999999995,0.007999999999999995,0.007999999999999995,0.007999999999999995,0.007999999999999995
107,butterfly_000107.jpeg,data/demo/images/butterfly_000107.jpeg,butterfly,butterfly,0.951,val,animals10,ann_2,True,True,,0.049000000000000044,0.13168859909070477,0.024193548387096774,300,300,1504.2801129233335,210.93498888888888,71.35524901816488,1.0,False,1.0,,afc99024ddd266c9,0.0,,,,0.0,0.16953870967741935,0.16953870967741935,ok,,keep,96.94892361111111,0.951,0.00544444444444445,0.00544444444444445,0.00544444444444445,0.00544444444444445,0.00544444444444445,0.00544444444444445,0.00544444444444445,0.00544444444444445,0.00544444444444445
108,butterfly_000108.jpeg,data/demo/images/butterfly_000108.jpeg,butterfly,elephant,0.611,val,animals10,ann_1,True,True,,0.389,0.6614387574550515,0.024193548387096774,300,245,2454.1970629541397,169.42744217687076,99.01203624002648,0.7,False,1.0,,af4bd28c83b3b283,0.0,,,,0.5677777777777777,0.41348315412186376,0.41348315412186376,suspected_label_error,model_disagreement;suspected_label_error;high_entropy,recheck_label,96.94892361111111,0.043222222222222224,0.043222222222222224,0.043222222222222224,0.043222222222222224,0.043222222222222224,0.611,0.043222222222222224,0.043222222222222224,0.043222222222222224,0.043222222222222224
109,butterfly_000109.jpg,data/demo/images/butterfly_000109.jpg,butterfly,butterfly,0.831,test,animals10,ann_4,True,True,,0.16900000000000004,0.35856567590799426,0.024193548387096774,640,382,1331.3462087912728,170.64929237565445,67.39492351589453,1.0,False,1.0,,b1ddd90cc7264372,0.0,,,,0.0,0.20553870967741936,0.20553870967741936,ok,,keep,96.94892361111111,0.831,0.018777777777777782,0.018777777777777782,0.018777777777777782,0.018777777777777782,0.018777777777777782,0.018777777777777782,0.018777777777777782,0.018777777777777782,0.018777777777777782
110,butterfly_000110.jpeg,data/demo/images/butterfly_000110.jpeg,butterfly,horse,0.491,test,animals10,ann_2,True,True,,0.509,0.7866690691198837,0.024193548387096774,255,300,16836.83469112837,198.68419607843137,72.66963418055309,0.7,False,1.0,,bab8bc788d28b16c,0.0,,,,0.4344444444444444,0.41614982078853047,0.41614982078853047,hard_example,model_disagreement;high_entropy;low_confidence,send_to_review,96.94892361111111,0.05655555555555555,0.05655555555555555,0.05655555555555555,0.05655555555555555,0.05655555555555555,0.05655555555555555,0.491,0.05655555555555555,0.05655555555555555,0.05655555555555555
111,butterfly_000111.jpeg,data/demo/images/butterfly_000111.jpeg,butterfly,butterfly,0.977,test,animals10,ann_4,True,True,,0.02300000000000002,0.06950084439251457,0.024193548387096774,300,169,2340.2382464864677,28.778343195266274,43.34465449613274,0.7,False,0.8,too_dark,c6e8381c9cf1e1c7,0.0,,,,0.0,0.13173870967741935,0.13173870967741935,ok,too_dark,keep,96.94892361111111,0.977,0.002555555555555558,0.002555555555555558,0.002555555555555558,0.002555555555555558,0.002555555555555558,0.002555555555555558,0.002555555555555558,0.002555555555555558,0.002555555555555558
112,butterfly_000112.jpeg,data/demo/images/butterfly_000112.jpeg,butterfly,butterfly,0.963,test,animals10,ann_4,True,True,,0.03700000000000003,0.10405139021490523,0.024193548387096774,300,187,2484.9154865420483,134.56857397504456,60.73251854810896,0.7,False,1.0,,d0b00c8f8dc79767,0.0,,,,0.0,0.16593870967741936,0.16593870967741936,ok,,keep,96.94892361111111,0.963,0.004111111111111115,0.004111111111111115,0.004111111111111115,0.004111111111111115,0.004111111111111115,0.004111111111111115,0.004111111111111115,0.004111111111111115,0.004111111111111115
113,butterfly_000113.jpeg,data/demo/images/butterfly_000113.jpeg,butterfly,butterfly,0.965,test,animals10,ann_4,True,True,,0.03500000000000003,0.09928724455841263,0.024193548387096774,300,225,16248.76531955358,124.9436,59.46934152992585,0.7,False,1.0,,c52a5fab2c24b6d2,0.0,,,,0.0,0.16533870967741937,0.16533870967741937,ok,,keep,96.94892361111111,0.965,0.0038888888888888922,0.0038888888888888922,0.0038888888888888922,0.0038888888888888922,0.0038888888888888922,0.0038888888888888922,0.0038888888888888922,0.0038888888888888922,0.0038888888888888922
114,butterfly_000114.jpeg,data/demo/images/butterfly_000114.jpeg,butterfly,spider,0.481,test,animals10,ann_3,True,True,,0.519,0.7959682175969021,0.024193548387096774,300,230,1447.2110146532243,122.48384057971015,85.23319639587994,0.7,False,1.0,,943739e063ce64dc,0.0,,,,0.42333333333333334,0.4163720430107527,0.4163720430107527,hard_example,model_disagreement;high_entropy;low_confidence,send_to_review,96.94892361111111,0.05766666666666667,0.05766666666666667,0.05766666666666667,0.05766666666666667,0.05766666666666667,0.05766666666666667,0.05766666666666667,0.05766666666666667,0.481,0.05766666666666667
115,butterfly_000115.jpg,data/demo/images/butterfly_000115.jpg,butterfly,spider,0.54,test,animals10,ann_2,True,True,,0.45999999999999996,0.7385903171212175,0.024193548387096774,640,360,2380.0637260714866,78.97455729166667,50.711593844386684,1.0,False,1.0,,99f2658fe2f440a5,0.0,,,,0.48888888888888893,0.41506093189964155,0.41506093189964155,hard_example,model_disagreement;high_entropy;low_confidence,send_to_review,96.94892361111111,0.05111111111111111,0.05111111111111111,0.05111111111111111,0.05111111111111111,0.05111111111111111,0.05111111111111111,0.05111111111111111,0.05111111111111111,0.54,0.05111111111111111
116,butterfly_000116.jpeg,data/demo/images/butterfly_000116.jpeg,butterfly,butterfly,0.856,test,animals10,ann_1,True,True,,0.14400000000000002,0.316409175590959,0.024193548387096774,300,300,8025.551721773333,201.51824444444443,78.44457109199408,1.0,False,1.0,,bfdc9625e9c24071,0.0,,,,0.0,0.19803870967741935,0.19803870967741935,ok,,keep,96.94892361111111,0.856,0.016,0.016,0.016,0.016,0.016,0.016,0.016,0.016,0.016
117,butterfly_000117.jpeg,data/demo/images/butterfly_000117.jpeg,butterfly,butterfly,0.977,test,animals10,ann_4,True,True,,0.02300000000000002,0.06950084439251457,0.024193548387096774,300,208,4528.235169855358,127.56051282051283,53.96154784558039,0.7,False,1.0,,e0dd8334243fdb43,0.0,,,,0.0,0.16173870967741935,0.16173870967741935,ok,,keep,96.94892361111111,0.977,0.002555555555555558,0.002555555555555558,0.002555555555555558,0.002555555555555558,0.002555555555555558,0.002555555555555558,0.002555555555555558,0.002555555555555558,0.002555555555555558
118,butterfly_000118.jpeg,data/demo/images/butterfly_000118.jpeg,butterfly,butterfly,0.907,test,animals10,ann_4,True,True,,0.09299999999999997,0.2231258254558901,0.024193548387096774,300,200,4956.888583278888,118.56161666666667,59.402516810202485,0.7,False,1.0,,c8ccfdc9ab04d61c,0.0,,,,0.0,0.18273870967741934,0.18273870967741934,ok,,keep,96.94892361111111,0.907,0.01033333333333333,0.01033333333333333,0.01033333333333333,0.01033333333333333,0.01033333333333333,0.01033333333333333,0.01033333333333333,0.01033333333333333,0.01033333333333333
119,butterfly_000119.jpeg,data/demo/images/butterfly_000119.jpeg,butterfly,butterfly,0.86,test,animals10,ann_3,True,True,,0.14,0.3094673539141393,0.024193548387096774,300,169,4697.449462645644,135.7430966469428,52.16025693029178,0.7,False,1.0,,a058d235cfef098d,0.0,,,,0.0,0.19683870967741934,0.19683870967741934,ok,,keep,96.94892361111111,0.86,0.015555555555555557,0.015555555555555557,0.015555555555555557,0.015555555555555557,0.015555555555555557,0.015555555555555557,0.015555555555555557,0.015555555555555557,0.015555555555555557
120,butterfly_000120.png,data/demo/images/butterfly_000120.png,butterfly,butterfly,0.85,test,animals10,ann_1,True,True,,0.15000000000000002,0.3267165963574531,0.024193548387096774,640,480,5154.833743489583,32.471722005208335,71.42655907279875,1.0,False,0.8,too_dark,cf6c369371399834,0.0,,,,0.0,0.16983870967741935,0.16983870967741935,ok,too_dark,keep,96.94892361111111,0.85,0.01666666666666667,0.01666666666666667,0.01666666666666667,0.01666666666666667,0.01666666666666667,0.01666666666666667,0.01666666666666667,0.01666666666666667,0.01666666666666667
121,cat_000121.jpg,data/demo/images/cat_000121.jpg,cat,cat,0.84,train,animals10,ann_1,True,True,,0.16000000000000003,0.3436249996504188,0.06451612903225806,640,427,1191.6155328532468,143.34680913348947,43.49837941885438,1.0,False,1.0,,e3aa5ec480397c6b,0.0,,,,0.0,0.2109032258064516,0.2109032258064516,ok,,keep,96.94892361111111,0.01777777777777778,0.84,0.01777777777777778,0.01777777777777778,0.01777777777777778,0.01777777777777778,0.01777777777777778,0.01777777777777778,0.01777777777777778,0.01777777777777778
122,cat_000122.jpg,data/demo/images/cat_000122.jpg,cat,cat,0.891,train,animals10,ann_4,True,True,,0.10899999999999999,0.2535919066135583,0.06451612903225806,620,640,794.5184018127823,100.42045866935484,57.861031885702936,1.0,False,1.0,,88c96cd49757b549,0.0,,,,0.0,0.1956032258064516,0.1956032258064516,ok,,keep,96.94892361111111,0.012111111111111109,0.891,0.012111111111111109,0.012111111111111109,0.012111111111111109,0.012111111111111109,0.012111111111111109,0.012111111111111109,0.012111111111111109,0.012111111111111109
123,cat_000123.jpeg,data/demo/images/cat_000123.jpeg,cat,cat,0.846,train,animals10,ann_3,True,True,,0.15400000000000003,0.33351982397088215,0.06451612903225806,199,132,850.2611503300867,95.57362570427897,31.231594005663712,0.7,False,1.0,,97d26927c91c986d,0.0,,,,0.0,0.2091032258064516,0.2091032258064516,ok,,keep,96.94892361111111,0.017111111111111115,0.846,0.017111111111111115,0.017111111111111115,0.017111111111111115,0.017111111111111115,0.017111111111111115,0.017111111111111115,0.017111111111111115,0.017111111111111115
124,cat_000124.jpeg,data/demo/images/cat_000124.jpeg,cat,cat,0.866,train,animals10,ann_4,True,True,,0.134,0.2989459544540185,0.06451612903225806,300,259,379.1103854005688,120.9717117117117,73.30870902437421,1.0,False,1.0,,faba8e4c9d463164,0.0,,,,0.0,0.2031032258064516,0.2031032258064516,ok,,keep,96.94892361111111,0.014888888888888889,0.866,0.014888888888888889,0.014888888888888889,0.014888888888888889,0.014888888888888889,0.014888888888888889,0.014888888888888889,0.014888888888888889,0.014888888888888889
125,cat_000125.jpeg,data/demo/images/cat_000125.jpeg,dog,cat,0.924,train,animals10,ann_2,True,True,,0.07599999999999996,0.1892996919537253,0.008064516129032258,229,300,1116.6041591502833,121.34901018922854,66.01654867105697,0.7,False,1.0,,9e3e6256e13e6541,0.0,,,,0.924,0.4054129032258065,0.4054129032258065,suspected_label_error,model_disagreement;suspected_label_error,recheck_label,96.94892361111111,0.00844444444444444,0.924,0.00844444444444444,0.00844444444444444,0.00844444444444444,0.00844444444444444,0.00844444444444444,0.00844444444444444,0.00844444444444444,0.00844444444444444
126,cat_000126.jpeg,data/demo/images/cat_000126.jpeg,cat,cat,0.823,train,animals10,ann_1,True,True,,0.17700000000000005,0.37163558730207785,0.06451612903225806,300,300,894.3475724591358,117.05918888888888,62.28787894399759,1.0,False,1.0,,aaf447e2c31c8d0f,0.0,,,,0.0,0.21600322580645162,0.21600322580645162,ok,,keep,96.94892361111111,0.019666666666666673,0.823,0.019666666666666673,0.019666666666666673,0.019666666666666673,0.019666666666666673,0.019666666666666673,0.019666666666666673,0.019666666666666673,0.019666666666666673
127,cat_000127.jpeg,data/demo/images/cat_000127.jpeg,cat,cat,0.848,train,animals10,ann_1,True,True,,0.15200000000000002,0.3301249490105339,0.06451612903225806,241,300,171.52754719940927,141.09834024896264,63.73472651367997,0.7,False,1.0,,cd9157e873e42613,0.0,,,,0.0,0.20850322580645161,0.20850322580645161,ok,,keep,96.94892361111111,0.01688888888888889,0.848,0.01688888888888889,0.01688888888888889,0.01688888888888889,0.01688888888888889,0.01688888888888889,0.01688888888888889,0.01688888888888889,0.01688888888888889
128,cat_000128.jpg,data/demo/images/cat_000128.jpg,cat,cat,0.971,train,animals10,ann_3,True,True,,0.029000000000000026,0.08467361425105385,0.06451612903225806,640,426,1168.3630941417098,122.60348078051643,59.38174314615125,1.0,False,1.0,,b6cc9b37e8f0210b,0.0,,,,0.0,0.17160322580645163,0.17160322580645163,ok,,keep,96.94892361111111,0.0032222222222222253,0.971,0.0032222222222222253,0.0032222222222222253,0.0032222222222222253,0.0032222222222222253,0.0032222222222222253,0.0032222222222222253,0.0032222222222222253,0.0032222222222222253
129,cat_000129.jpeg,data/demo/images/cat_000129.jpeg,cat,cat,0.876,train,animals10,ann_3,True,True,,0.124,0.2811081808641757,0.06451612903225806,300,200,988.4851921308333,215.73665,67.80765367403227,0.7,False,1.0,,ef99966414e59932,0.0,,,,0.0,0.2001032258064516,0.2001032258064516,ok,,keep,96.94892361111111,0.013777777777777778,0.876,0.013777777777777778,0.013777777777777778,0.013777777777777778,0.013777777777777778,0.013777777777777778,0.013777777777777778,0.013777777777777778,0.013777777777777778
130,cat_000130.jpeg,data/demo/images/cat_000130.jpeg,cat,cat,0.903,train,animals10,ann_4,True,True,,0.09699999999999998,0.23085862231574836,0.06451612903225806,300,277,633.6393818467884,125.65978339350181,72.12351314216136,1.0,False,1.0,,aa91e586924b9f9a,0.0,,,,0.0,0.1920032258064516,0.1920032258064516,ok,,keep,96.94892361111111,0.010777777777777775,0.903,0.010777777777777775,0.010777777777777775,0.010777777777777775,0.010777777777777775,0.010777777777777775,0.010777777777777775,0.010777777777777775,0.010777777777777775
131,cat_000131.jpeg,data/demo/images/cat_000131.jpeg,cat,elephant,0.579,train,animals10,ann_3,True,True,,0.42100000000000004,0.6973224413860093,0.06451612903225806,300,251,484.81666349987387,123.97699867197875,51.18984847092984,0.7,False,1.0,,ab8bdd854b50293b,0.0,,,,0.5322222222222222,0.4222587813620071,0.4222587813620071,suspected_label_error,model_disagreement;suspected_label_error;high_entropy,recheck_label,96.94892361111111,0.04677777777777778,0.04677777777777778,0.04677777777777778,0.04677777777777778,0.04677777777777778,0.579,0.04677777777777778,0.04677777777777778,0.04677777777777778,0.04677777777777778
132,cat_000132.jpeg,data/demo/images/cat_000132.jpeg,cat,cat,0.527,train,animals10,ann_3,True,True,,0.473,0.751753188835859,0.06451612903225806,300,200,433.0256442708333,101.8839,51.15252278682515,0.7,False,1.0,,9fc16ce4d3a46691,0.0,,,,0.0,0.3048032258064516,0.3048032258064516,hard_example,high_entropy;low_confidence,send_to_review,96.94892361111111,0.05255555555555555,0.527,0.05255555555555555,0.05255555555555555,0.05255555555555555,0.05255555555555555,0.05255555555555555,0.05255555555555555,0.05255555555555555,0.05255555555555555
133,cat_000133.jpeg,data/demo/images/cat_000133.jpeg,cat,cat,0.862,train,animals10,ann_3,True,True,,0.138,0.30597488489540914,0.06451612903225806,300,240,1896.584199395062,117.75780555555555,85.92975155882968,0.7,False,1.0,,bce6c496c689d269,0.0,,,,0.0,0.2043032258064516,0.2043032258064516,ok,,keep,96.94892361111111,0.015333333333333334,0.862,0.015333333333333334,0.015333333333333334,0.015333333333333334,0.015333333333333334,0.015333333333333334,0.015333333333333334,0.015333333333333334,0.015333333333333334
134,cat_000134.jpeg,data/demo/images/cat_000134.jpeg,cat,cat,0.858,train,animals10,ann_1,True,True,,0.14200000000000002,0.31294539412085615,0.06451612903225806,155,300,293.0483725267661,141.91621505376344,66.18059254453037,0.7,False,1.0,,94a619847b1966df,0.0,,,,0.0,0.2055032258064516,0.2055032258064516,ok,,keep,96.94892361111111,0.01577777777777778,0.858,0.01577777777777778,0.01577777777777778,0.01577777777777778,0.01577777777777778,0.01577777777777778,0.01577777777777778,0.01577777777777778,0.01577777777777778
135,cat_000135.jpg,data/demo/images/cat_000135.jpg,cat,cat,0.916,train,animals10,ann_3,True,True,,0.08399999999999996,0.2054206525410096,0.06451612903225806,640,426,1210.1367514075014,76.41882702464788,50.08897517546974,1.0,False,1.0,,9ca43a6dc3b22c9b,0.0,,,,0.0,0.1881032258064516,0.1881032258064516,ok,,keep,96.94892361111111,0.009333333333333329,0.916,0.009333333333333329,0.009333333333333329,0.009333333333333329,0.009333333333333329,0.009333333333333329,0.009333333333333329,0.009333333333333329,0.009333333333333329
136,cat_000136.jpeg,data/demo/images/cat_000136.jpeg,cat,cat,0.925,train,animals10,ann_3,True,True,,0.07499999999999996,0.187257486327022,0.06451612903225806,300,284,309.4765723664562,153.17164319248826,53.08873914551448,1.0,False,1.0,,cb94f0491bcbd4d4,0.0,,,,0.0,0.18540322580645158,0.18540322580645158,ok,,keep,96.94892361111111,0.008333333333333328,0.925,0.008333333333333328,0.008333333333333328,0.008333333333333328,0.008333333333333328,0.008333333333333328,0.008333333333333328,0.008333333333333328,0.008333333333333328
137,cat_000137.jpg,data/demo/images/cat_000137.jpg,cat,cat,0.882,train,animals10,ann_1,True,True,,0.118,0.2702152428225078,0.06451612903225806,640,616,429.5967602097885,91.5448635349026,48.471965390539694,1.0,False,1.0,,91686ea721d4cbd3,0.0,,,,0.0,0.1983032258064516,0.1983032258064516,ok,,keep,96.94892361111111,0.01311111111111111,0.882,0.01311111111111111,0.01311111111111111,0.01311111111111111,0.01311111111111111,0.01311111111111111,0.01311111111111111,0.01311111111111111,0.01311111111111111
138,cat_000138.jpeg,data/demo/images/cat_000138.jpeg,cat,cat,0.951,train,animals10,ann_3,True,True,,0.049000000000000044,0.13168859909070477,0.06451612903225806,300,176,2218.5276749020745,71.48255681818182,57.27181732206314,0.7,False,1.0,,9e31c7486dce1993,0.0,,,,0.0,0.1776032258064516,0.1776032258064516,ok,,keep,96.94892361111111,0.00544444444444445,0.951,0.00544444444444445,0.00544444444444445,0.00544444444444445,0.00544444444444445,0.00544444444444445,0.00544444444444445,0.00544444444444445,0.00544444444444445
139,cat_000139.jpg,data/demo/images/cat_000139.jpg,cat,cat,0.906,train,animals10,ann_4,True,True,,0.09399999999999997,0.22506662621078755,0.06451612903225806,640,434,2597.361679072599,45.24402001728111,39.15500836651203,1.0,False,1.0,,c49d18c3a7f36646,0.0,,,,0.0,0.1911032258064516,0.1911032258064516,ok,,keep,96.94892361111111,0.010444444444444442,0.906,0.010444444444444442,0.010444444444444442,0.010444444444444442,0.010444444444444442,0.010444444444444442,0.010444444444444442,0.010444444444444442,0.010444444444444442
140,cat_000140.jpg,data/demo/images/cat_000140.jpg,cat,cat,0.901,train,animals10,ann_2,True,True,,0.09899999999999998,0.2346950831542553,0.06451612903225806,426,640,1349.2548559259815,188.56507849178405,49.73443682893489,1.0,False,1.0,,f0e4cf41cdc99a92,0.0,,,,0.0,0.1926032258064516,0.1926032258064516,ok,,keep,96.94892361111111,0.010999999999999998,0.901,0.010999999999999998,0.010999999999999998,0.010999999999999998,0.010999999999999998,0.010999999999999998,0.010999999999999998,0.010999999999999998,0.010999999999999998
141,cat_000141.jpeg,data/demo/images/cat_000141.jpeg,cat,cat,0.849,train,animals10,ann_1,True,True,,0.15100000000000002,0.32842246652400897,0.06451612903225806,199,132,434.51515452236373,120.7018044769301,49.38969666063124,0.7,False,1.0,,f0e121c66f9de05a,0.0,,,,0.0,0.20820322580645162,0.20820322580645162,ok,,keep,96.94892361111111,0.01677777777777778,0.849,0.01677777777777778,0.01677777777777778,0.01677777777777778,0.01677777777777778,0.01677777777777778,0.01677777777777778,0.01677777777777778,0.01677777777777778
142,cat_000142.jpeg,data/demo/images/cat_000142.jpeg,cat,cat,0.936,train,animals10,ann_2,True,True,,0.06399999999999995,0.16436180350733687,0.06451612903225806,300,300,1773.607297629506,182.51074444444444,73.44698538629541,1.0,False,1.0,,add886df62277441,0.0,,,,0.0,0.1821032258064516,0.1821032258064516,ok,,keep,96.94892361111111,0.007111111111111105,0.936,0.007111111111111105,0.007111111111111105,0.007111111111111105,0.007111111111111105,0.007111111111111105,0.007111111111111105,0.007111111111111105,0.007111111111111105
143,cat_000143.jpeg,data/demo/images/cat_000143.jpeg,cat,cat,0.925,train,animals10,ann_2,True,True,,0.07499999999999996,0.187257486327022,0.06451612903225806,300,150,767.6438198276543,109.44195555555555,66.52330358401751,0.7,False,1.0,,828081bdd42a7bff,0.0,,,,0.0,0.18540322580645158,0.18540322580645158,ok,,keep,96.94892361111111,0.008333333333333328,0.925,0.008333333333333328,0.008333333333333328,0.008333333333333328,0.008333333333333328,0.008333333333333328,0.008333333333333328,0.008333333333333328,0.008333333333333328
144,cat_000144.jpeg,data/demo/images/cat_000144.jpeg,cat,cat,0.869,train,animals10,ann_3,True,True,,0.131,0.2936350389288106,0.06451612903225806,200,300,282.3204158863889,22.325466666666667,42.94802833792904,0.7,False,0.8,too_dark,929a6b6564d2999d,0.0,,,,0.0,0.17220322580645162,0.17220322580645162,ok,too_dark,keep,96.94892361111111,0.014555555555555556,0.869,0.014555555555555556,0.014555555555555556,0.014555555555555556,0.014555555555555556,0.014555555555555556,0.014555555555555556,0.014555555555555556,0.014555555555555556
145,cat_000145.jpg,data/demo/images/cat_000145.jpg,cat,cat,0.894,train,animals10,ann_1,True,True,,0.10599999999999998,0.24797153813600767,0.06451612903225806,640,408,1410.0205690458124,137.3125,41.79930264848338,1.0,False,1.0,,bde093448e799c72,0.0,,,,0.0,0.1947032258064516,0.1947032258064516,ok,,keep,96.94892361111111,0.011777777777777776,0.894,0.011777777777777776,0.011777777777777776,0.011777777777777776,0.011777777777777776,0.011777777777777776,0.011777777777777776,0.011777777777777776,0.011777777777777776
146,cat_000146.jpg,data/demo/images/cat_000146.jpg,cat,cat,0.913,train,animals10,ann_1,True,True,,0.08699999999999997,0.21137109911164187,0.06451612903225806,640,426,3932.03950262341,110.05447476525822,62.01156737646506,1.0,False,1.0,,8c28f3495c79cc76,0.0,,,,0.0,0.1890032258064516,0.1890032258064516,ok,,keep,96.94892361111111,0.009666666666666664,0.913,0.009666666666666664,0.009666666666666664,0.009666666666666664,0.009666666666666664,0.009666666666666664,0.009666666666666664,0.009666666666666664,0.009666666666666664
147,cat_000147.jpeg,data/demo/images/cat_000147.jpeg,cat,cat,0.839,train,animals10,ann_4,True,True,,0.16100000000000003,0.3452977885003792,0.06451612903225806,300,278,187.01439953073512,224.46235011990407,60.12940240286658,1.0,False,0.8,too_bright,e1d39e24435a72a7,0.0,,,,0.0,0.18120322580645162,0.18120322580645162,ok,too_bright,keep,96.94892361111111,0.01788888888888889,0.839,0.01788888888888889,0.01788888888888889,0.01788888888888889,0.01788888888888889,0.01788888888888889,0.01788888888888889,0.01788888888888889,0.01788888888888889
148,cat_000148.jpeg,data/demo/images/cat_000148.jpeg,cat,cat,0.959,train,animals10,ann_2,True,True,,0.041000000000000036,0.11343575614189247,0.06451612903225806,300,225,944.0868400425788,164.4650074074074,53.55795564204725,0.7,False,1.0,,857c939bfc067348,0.0,,,,0.0,0.17520322580645162,0.17520322580645162,ok,,keep,96.94892361111111,0.004555555555555559,0.959,0.004555555555555559,0.004555555555555559,0.004555555555555559,0.004555555555555559,0.004555555555555559,0.004555555555555559,0.004555555555555559,0.004555555555555559
149,cat_000149.jpeg,data/demo/images/cat_000149.jpeg,cat,cat,0.885,train,animals10,ann_4,True,True,,0.11499999999999999,0.2647128380343369,0.06451612903225806,300,218,15679.525391212625,145.73553516819572,62.34570775505016,0.7,False,1.0,,dc196fa68fc14a2a,0.0,,,,0.0,0.1974032258064516,0.1974032258064516,ok,,keep,96.94892361111111,0.012777777777777777,0.885,0.012777777777777777,0.012777777777777777,0.012777777777777777,0.012777777777777777,0.012777777777777777,0.012777777777777777,0.012777777777777777,0.012777777777777777
150,cat_000150.jpeg,data/demo/images/cat_000150.jpeg,cat,cat,0.849,train,animals10,ann_1,True,True,,0.15100000000000002,0.32842246652400897,0.06451612903225806,300,300,873.9400298622224,65.17366666666666,58.898612093627094,1.0,False,1.0,,fe2219fcc25284cf,0.0,,,,0.0,0.20820322580645162,0.20820322580645162,ok,,keep,96.94892361111111,0.01677777777777778,0.849,0.01677777777777778,0.01677777777777778,0.01677777777777778,0.01677777777777778,0.01677777777777778,0.01677777777777778,0.01677777777777778,0.01677777777777778
151,cat_000151.jpeg,data/demo/images/cat_000151.jpeg,cat,cat,0.848,train,animals10,ann_1,True,True,,0.15200000000000002,0.3301249490105339,0.06451612903225806,300,217,946.6431818355785,141.276866359447,56.184926416131695,0.7,False,1.0,,87071f51d3d9243b,0.0,,,,0.0,0.20850322580645161,0.20850322580645161,ok,,keep,96.94892361111111,0.01688888888888889,0.848,0.01688888888888889,0.01688888888888889,0.01688888888888889,0.01688888888888889,0.01688888888888889,0.01688888888888889,0.01688888888888889,0.01688888888888889
152,cat_000152.jpg,data/demo/images/cat_000152.jpg,elephant,cat,0.944,train,animals10,ann_2,True,True,,0.05600000000000005,0.14716548405593347,0.0,640,426,521.3898318921563,80.74990463615023,61.477285581341555,1.0,False,1.0,,8c5b269373ac958e,0.0,,,,0.944,0.40280000000000005,0.40280000000000005,suspected_label_error,model_disagreement;suspected_label_error,recheck_label,96.94892361111111,0.006222222222222228,0.944,0.006222222222222228,0.006222222222222228,0.006222222222222228,0.006222222222222228,0.006222222222222228,0.006222222222222228,0.006222222222222228,0.006222222222222228
153,cat_000153.jpeg,data/demo/images/cat_000153.jpeg,cat,cat,0.834,train,animals10,ann_4,True,True,,0.16600000000000004,0.35361382337745995,0.06451612903225806,169,300,409.1699479850145,185.05765285996054,55.77760546857931,0.7,False,1.0,,cebd5044af5ec12a,0.0,,,,0.0,0.21270322580645162,0.21270322580645162,ok,,keep,96.94892361111111,0.018444444444444447,0.834,0.018444444444444447,0.018444444444444447,0.018444444444444447,0.018444444444444447,0.018444444444444447,0.018444444444444447,0.018444444444444447,0.018444444444444447
154,cat_000154.jpg,data/demo/images/cat_000154.jpg,cat,cat,0.974,train,animals10,ann_4,True,True,,0.026000000000000023,0.07716456985546556,0.06451612903225806,640,414,692.4679263862542,158.06135643115942,52.45393573533141,1.0,False,1.0,,d5b247c42b85788f,0.0,,,,0.0,0.17070322580645161,0.17070322580645161,ok,,keep,96.94892361111111,0.0028888888888888914,0.974,0.0028888888888888914,0.0028888888888888914,0.0028888888888888914,0.0028888888888888914,0.0028888888888888914,0.0028888888888888914,0.0028888888888888914,0.0028888888888888914
155,cat_000155.jpeg,data/demo/images/cat_000155.jpeg,squirrel,cat,0.88,train,animals10,ann_1,True,True,,0.12,0.2738625957719109,0.024193548387096774,300,200,477.04363916000005,60.95786666666667,44.65721395380096,0.7,False,1.0,,99486f16666895bb,0.0,,,,0.88,0.4108387096774193,0.4108387096774193,suspected_label_error,model_disagreement;suspected_label_error,recheck_label,96.94892361111111,0.013333333333333332,0.88,0.013333333333333332,0.013333333333333332,0.013333333333333332,0.013333333333333332,0.013333333333333332,0.013333333333333332,0.013333333333333332,0.013333333333333332
156,cat_000156.jpg,data/demo/images/cat_000156.jpg,cat,cat,0.905,train,animals10,ann_1,True,True,,0.09499999999999997,0.2270023273706416,0.06451612903225806,427,640,1486.7404053412718,128.733924912178,58.04752359211905,1.0,False,1.0,,adc29719f007cc3d,0.0,,,,0.0,0.19140322580645158,0.19140322580645158,ok,,keep,96.94892361111111,0.010555555555555552,0.905,0.010555555555555552,0.010555555555555552,0.010555555555555552,0.010555555555555552,0.010555555555555552,0.010555555555555552,0.010555555555555552,0.010555555555555552
157,cat_000157.jpg,data/demo/images/cat_000157.jpg,cat,cat,0.86,train,animals10,ann_3,True,True,,0.14,0.3094673539141393,0.06451612903225806,640,426,1339.580370887313,182.53331866197183,60.723285043214965,1.0,False,1.0,,b18e0c191e67e27d,0.0,,,,0.0,0.2049032258064516,0.2049032258064516,ok,,keep,96.94892361111111,0.015555555555555557,0.86,0.015555555555555557,0.015555555555555557,0.015555555555555557,0.015555555555555557,0.015555555555555557,0.015555555555555557,0.015555555555555557,0.015555555555555557
158,cat_000158.jpg,data/demo/images/cat_000158.jpg,cat,spider,0.585,train,animals10,ann_2,True,True,,0.41500000000000004,0.6907344952807812,0.06451612903225806,640,426,8653.444662889618,115.20248679577465,61.54463667199724,1.0,False,1.0,,f8b0c7732c83cb85,0.0,,,,0.5388888888888889,0.4221254480286738,0.4221254480286738,suspected_label_error,model_disagreement;suspected_label_error;high_entropy,recheck_label,96.94892361111111,0.04611111111111112,0.04611111111111112,0.04611111111111112,0.04611111111111112,0.04611111111111112,0.04611111111111112,0.04611111111111112,0.04611111111111112,0.585,0.04611111111111112
159,cat_000159.jpg,data/demo/images/cat_000159.jpg,cat,dog,0.555,train,animals10,ann_3,True,True,,0.44499999999999995,0.7230351018379546,0.06451612903225806,640,426,1270.2320235209386,119.3605156983568,53.795858724458476,1.0,False,1.0,,c3cc2c36326bf331,0.0,,,,0.5055555555555556,0.4227921146953405,0.4227921146953405,suspected_label_error,model_disagreement;suspected_label_error;high_entropy,recheck_label,96.94892361111111,0.04944444444444444,0.04944444444444444,0.04944444444444444,0.04944444444444444,0.555,0.04944444444444444,0.04944444444444444,0.04944444444444444,0.04944444444444444,0.04944444444444444
160,cat_000160.jpeg,data/demo/images/cat_000160.jpeg,cat,cat,0.841,train,animals10,ann_4,True,True,,0.15900000000000003,0.34194897942491215,0.06451612903225806,300,200,232.76061939555555,79.12921666666666,82.4575504106187,0.7,False,1.0,,953b6ac42dfc2196,0.0,,,,0.0,0.2106032258064516,0.2106032258064516,ok,,keep,96.94892361111111,0.01766666666666667,0.841,0.01766666666666667,0.01766666666666667,0.01766666666666667,0.01766666666666667,0.01766666666666667,0.01766666666666667,0.01766666666666667,0.01766666666666667
161,cat_000161.jpeg,data/demo/images/cat_000161.jpeg,cat,cat,0.972,train,animals10,ann_4,True,True,,0.028000000000000025,0.08218675153543593,0.06451612903225806,300,145,1171.1595012175983,188.06947126436782,66.78477183053089,0.7,False,1.0,,e3d48d2b9a7ac027,0.0,,,,0.0,0.1713032258064516,0.1713032258064516,ok,,keep,96.94892361111111,0.003111111111111114,0.972,0.003111111111111114,0.003111111111111114,0.003111111111111114,0.003111111111111114,0.003111111111111114,0.003111111111111114,0.003111111111111114,0.003111111111111114
162,cat_000162.jpg,data/demo/images/cat_000162.jpg,dog,cat,0.841,train,animals10,ann_1,True,True,,0.15900000000000003,0.34194897942491215,0.008064516129032258,640,425,342.74156586418684,88.25238970588235,49.295549086408215,1.0,False,1.0,,cc3673cb3c0d3361,0.0,,,,0.841,0.40956290322580646,0.40956290322580646,suspected_label_error,model_disagreement;suspected_label_error,recheck_label,96.94892361111111,0.01766666666666667,0.841,0.01766666666666667,0.01766666666666667,0.01766666666666667,0.01766666666666667,0.01766666666666667,0.01766666666666667,0.01766666666666667,0.01766666666666667
163,cat_000163.jpeg,data/demo/images/cat_000163.jpeg,cat,cat,0.879,train,animals10,ann_1,True,True,,0.121,0.27568008830107765,0.06451612903225806,300,169,2096.790621434435,139.86140039447733,61.23546642538745,0.7,False,1.0,,e6b49b4b0de1cc1a,0.0,,,,0.0,0.1992032258064516,0.1992032258064516,ok,,keep,96.94892361111111,0.013444444444444445,0.879,0.013444444444444445,0.013444444444444445,0.013444444444444445,0.013444444444444445,0.013444444444444445,0.013444444444444445,0.013444444444444445,0.013444444444444445
164,cat_000164.jpeg,data/demo/images/cat_000164.jpeg,cat,cat,0.943,train,animals10,ann_1,True,True,,0.05700000000000005,0.14934242567046443,0.06451612903225806,300,225,1261.5805118024691,170.2162074074074,49.07116112705081,0.7,False,1.0,,85ff9a0179cc841f,0.0,,,,0.0,0.18000322580645162,0.18000322580645162,ok,,keep,96.94892361111111,0.006333333333333339,0.943,0.006333333333333339,0.006333333333333339,0.006333333333333339,0.006333333333333339,0.006333333333333339,0.006333333333333339,0.006333333333333339,0.006333333333333339
165,cat_000165.jpeg,data/demo/images/cat_000165.jpeg,cat,cat,0.6,train,animals10,ann_1,True,True,,0.4,0.6739822526714142,0.06451612903225806,300,169,1851.0725241879952,182.15378698224853,87.1712852766496,0.7,False,1.0,,bdc0d23b862dc16d,0.0,,,,0.0,0.2829032258064516,0.2829032258064516,hard_example,high_entropy,send_to_review,96.94892361111111,0.044444444444444446,0.6,0.044444444444444446,0.044444444444444446,0.044444444444444446,0.044444444444444446,0.044444444444444446,0.044444444444444446,0.044444444444444446,0.044444444444444446
166,cat_000166.jpeg,data/demo/images/cat_000166.jpeg,chicken,cat,0.881,train,animals10,ann_3,True,True,,0.119,0.27204099056360964,0.04838709677419355,201,300,812.3750905769658,92.94915422885572,33.60713274871589,0.7,False,1.0,,cc72ec04e7f6840f,0.0,,,,0.881,0.4156274193548387,0.4156274193548387,suspected_label_error,model_disagreement;suspected_label_error,recheck_label,96.94892361111111,0.013222222222222222,0.881,0.013222222222222222,0.013222222222222222,0.013222222222222222,0.013222222222222222,0.013222222222222222,0.013222222222222222,0.013222222222222222,0.013222222222222222
167,cat_000167.jpeg,data/demo/images/cat_000167.jpeg,cat,cat,0.931,train,animals10,ann_1,True,True,,0.06899999999999995,0.17486998855386815,0.06451612903225806,300,169,704.1408155935251,134.5449506903353,54.48361977344106,0.7,False,1.0,,a88503fe21d13edd,0.0,,,,0.0,0.1836032258064516,0.1836032258064516,ok,,keep,96.94892361111111,0.007666666666666661,0.931,0.007666666666666661,0.007666666666666661,0.007666666666666661,0.007666666666666661,0.007666666666666661,0.007666666666666661,0.007666666666666661,0.007666666666666661
168,cat_000168.jpeg,data/demo/images/cat_000168.jpeg,cat,cat,0.926,train,animals10,ann_3,True,True,,0.07399999999999995,0.1852090204280019,0.06451612903225806,300,169,1529.838281913176,133.09459566074952,49.59978294140547,0.7,False,1.0,,a1db1ecbb8488e36,0.0,,,,0.0,0.1851032258064516,0.1851032258064516,ok,,keep,96.94892361111111,0.008222222222222218,0.926,0.008222222222222218,0.008222222222222218,0.008222222222222218,0.008222222222222218,0.008222222222222218,0.008222222222222218,0.008222222222222218,0.008222222222222218
169,cat_000169.jpeg,data/demo/images/cat_000169.jpeg,cat,cat,0.887,train,animals10,ann_1,True,True,,0.11299999999999999,0.26102328431933125,0.06451612903225806,150,150,1588.525927111111,185.35755555555556,78.45111555486301,0.7,False,1.0,,a90dc1d2f8f29e94,0.0,,,,0.0,0.1968032258064516,0.1968032258064516,ok,,keep,96.94892361111111,0.012555555555555554,0.887,0.012555555555555554,0.012555555555555554,0.012555555555555554,0.012555555555555554,0.012555555555555554,0.012555555555555554,0.012555555555555554,0.012555555555555554
170,cat_000170.jpeg,data/demo/images/cat_000170.jpeg,cat,cat,0.865,train,animals10,ann_1,True,True,,0.135,0.30070874272747405,0.06451612903225806,300,244,277.38010841600976,52.04233606557377,45.27637048230561,0.7,False,1.0,,954bc23d9668db25,0.0,,,,0.0,0.2034032258064516,0.2034032258064516,ok,,keep,96.94892361111111,0.015000000000000001,0.865,0.015000000000000001,0.015000000000000001,0.015000000000000001,0.015000000000000001,0.015000000000000001,0.015000000000000001,0.015000000000000001,0.015000000000000001
171,cat_000171.jpeg,data/demo/images/cat_000171.jpeg,cat,cat,0.944,train,animals10,ann_2,True,True,,0.05600000000000005,0.14716548405593347,0.06451612903225806,300,200,441.65030158999997,175.41903333333335,55.148709967374174,0.7,False,1.0,,b0d6c6e9f4907992,0.0,,,,0.0,0.17970322580645162,0.17970322580645162,ok,,keep,96.94892361111111,0.006222222222222228,0.944,0.006222222222222228,0.006222222222222228,0.006222222222222228,0.006222222222222228,0.006222222222222228,0.006222222222222228,0.006222222222222228,0.006222222222222228
172,cat_000172.jpeg,data/demo/images/cat_000172.jpeg,cat,cat,0.846,train,animals10,ann_4,True,True,,0.15400000000000003,0.33351982397088215,0.06451612903225806,300,225,805.7650563184636,96.8473925925926,51.291636021811776,0.7,False,1.0,,958b6ad098e27b74,0.0,,,,0.0,0.2091032258064516,0.2091032258064516,ok,,keep,96.94892361111111,0.017111111111111115,0.846,0.017111111111111115,0.017111111111111115,0.017111111111111115,0.017111111111111115,0.017111111111111115,0.017111111111111115,0.017111111111111115,0.017111111111111115
173,cat_000173.jpeg,data/demo/images/cat_000173.jpeg,cat,cat,0.897,train,animals10,ann_2,True,True,,0.10299999999999998,0.24230991857412246,0.06451612903225806,221,300,442.2189290473168,183.34455505279035,50.10291444580255,0.7,False,1.0,,edc09ea9925ff012,0.0,,,,0.0,0.1938032258064516,0.1938032258064516,ok,,keep,96.94892361111111,0.011444444444444443,0.897,0.011444444444444443,0.011444444444444443,0.011444444444444443,0.011444444444444443,0.011444444444444443,0.011444444444444443,0.011444444444444443,0.011444444444444443
174,cat_000174.jpeg,data/demo/images/cat_000174.jpeg,chicken,cat,0.954,train,animals10,ann_4,True,True,,0.04600000000000004,0.12491914136620547,0.04838709677419355,300,225,1747.4243631694924,141.50127407407408,61.51916929680803,0.7,False,1.0,,b9cc8663d3939c23,0.0,,,,0.954,0.4119774193548388,0.4119774193548388,suspected_label_error,model_disagreement;suspected_label_error,recheck_label,96.94892361111111,0.005111111111111116,0.954,0.005111111111111116,0.005111111111111116,0.005111111111111116,0.005111111111111116,0.005111111111111116,0.005111111111111116,0.005111111111111116,0.005111111111111116
175,cat_000175.jpeg,data/demo/images/cat_000175.jpeg,cat,spider,0.467,train,animals10,ann_1,True,True,,0.5329999999999999,0.8086946675526778,0.06451612903225806,242,300,955.9985608479612,162.71356749311295,54.96646894685081,0.7,False,1.0,,c0add29e89742fc3,0.0,,,,0.4077777777777778,0.424747670250896,0.424747670250896,hard_example,model_disagreement;high_entropy;low_confidence,send_to_review,96.94892361111111,0.05922222222222221,0.05922222222222221,0.05922222222222221,0.05922222222222221,0.05922222222222221,0.05922222222222221,0.05922222222222221,0.05922222222222221,0.467,0.05922222222222221
176,cat_000176.jpg,data/demo/images/cat_000176.jpg,cat,cat,0.893,train,animals10,ann_3,True,True,,0.10699999999999998,0.24984952716727366,0.06451612903225806,640,423,200.56573801454542,126.17464169621749,34.35635772785063,1.0,False,1.0,,c4ba31e3ce1c99d8,0.0,,,,0.0,0.1950032258064516,0.1950032258064516,ok,,keep,96.94892361111111,0.011888888888888886,0.893,0.011888888888888886,0.011888888888888886,0.011888888888888886,0.011888888888888886,0.011888888888888886,0.011888888888888886,0.011888888888888886,0.011888888888888886
177,cat_000177.jpg,data/demo/images/cat_000177.jpg,cat,chicken,0.651,train,animals10,ann_3,True,True,,0.349,0.6139433338847329,0.06451612903225806,640,426,1778.6136891990884,124.28078051643193,52.31804848443252,1.0,False,1.0,,da18256766cccad9,0.0,,,,0.6122222222222222,0.4206587813620071,0.4206587813620071,suspected_label_error,model_disagreement;suspected_label_error,recheck_label,96.94892361111111,0.03877777777777777,0.03877777777777777,0.651,0.03877777777777777,0.03877777777777777,0.03877777777777777,0.03877777777777777,0.03877777777777777,0.03877777777777777,0.03877777777777777
178,cat_000178.png,data/demo/images/cat_000178.png,cat,cat,0.888,train,animals10,ann_1,True,True,,0.11199999999999999,0.2591720245638017,0.06451612903225806,640,402,2605.5735101742125,96.82622046019901,56.25104885412324,1.0,False,1.0,,95da46e1583e1e1d,0.0,,,,0.0,0.1965032258064516,0.1965032258064516,ok,,keep,96.94892361111111,0.012444444444444444,0.888,0.012444444444444444,0.012444444444444444,0.012444444444444444,0.012444444444444444,0.012444444444444444,0.012444444444444444,0.012444444444444444,0.012444444444444444
179,cat_000179.jpeg,data/demo/images/cat_000179.jpeg,cat,cat,0.827,train,animals10,ann_2,True,True,,0.17300000000000004,0.36512491754882076,0.06451612903225806,300,225,1920.3282205550618,82.52903703703704,51.864875445706296,0.7,False,1.0,,8bd5356c325ac939,0.0,,,,0.0,0.21480322580645161,0.21480322580645161,ok,,keep,96.94892361111111,0.019222222222222227,0.827,0.019222222222222227,0.019222222222222227,0.019222222222222227,0.019222222222222227,0.019222222222222227,0.019222222222222227,0.019222222222222227,0.019222222222222227
180,cat_000180.jpeg,data/demo/images/cat_000180.jpeg,cat,cat,0.877,train,animals10,ann_4,True,True,,0.123,0.27930285222902873,0.06451612903225806,300,201,1059.8548167055822,119.29407960199005,32.925578197032785,0.7,False,1.0,,914bee16ea4d11ce,0.0,,,,0.0,0.1998032258064516,0.1998032258064516,ok,,keep,96.94892361111111,0.013666666666666667,0.877,0.013666666666666667,0.013666666666666667,0.013666666666666667,0.013666666666666667,0.013666666666666667,0.013666666666666667,0.013666666666666667,0.013666666666666667
181,cat_000181.jpg,data/demo/images/cat_000181.jpg,cat,cat,0.937,train,animals10,ann_3,True,True,,0.06299999999999994,0.16223882247430896,0.06451612903225806,640,475,1167.978295886037,119.50668092105263,53.2373112022903,1.0,False,1.0,,d8e8a521f53953b8,0.0,,,,0.0,0.18180322580645158,0.18180322580645158,ok,,keep,96.94892361111111,0.006999999999999994,0.937,0.006999999999999994,0.006999999999999994,0.006999999999999994,0.006999999999999994,0.006999999999999994,0.006999999999999994,0.006999999999999994,0.006999999999999994
182,cat_000182.jpeg,data/demo/images/cat_000182.jpeg,cat,cat,0.884,train,animals10,ann_4,True,True,,0.11599999999999999,0.26655119773013786,0.06451612903225806,300,188,1069.0325980634777,121.4427304964539,52.546703815806474,0.7,False,1.0,,d149486b3d3e3876,0.0,,,,0.0,0.1977032258064516,0.1977032258064516,ok,,keep,96.94892361111111,0.012888888888888887,0.884,0.012888888888888887,0.012888888888888887,0.012888888888888887,0.012888888888888887,0.012888888888888887,0.012888888888888887,0.012888888888888887,0.012888888888888887
183,cat_000183.jpeg,data/demo/images/cat_000183.jpeg,cat,cat,0.956,train,animals10,ann_4,True,True,,0.04400000000000004,0.12035700329104203,0.06451612903225806,200,300,2643.1424129663887,124.1425,52.88579009289735,0.7,False,1.0,,ea04b9d6956b992c,0.0,,,,0.0,0.17610322580645163,0.17610322580645163,ok,,keep,96.94892361111111,0.004888888888888893,0.956,0.004888888888888893,0.004888888888888893,0.004888888888888893,0.004888888888888893,0.004888888888888893,0.004888888888888893,0.004888888888888893,0.004888888888888893
184,cat_000184.jpeg,data/demo/images/cat_000184.jpeg,cat,cat,0.838,train,animals10,ann_1,True,True,,0.16200000000000003,0.3469673622181481,0.06451612903225806,242,300,2357.7800933899475,178.60192837465564,75.05845139461614,0.7,False,1.0,,c5e4139a3fc3323c,0.0,,,,0.0,0.21150322580645162,0.21150322580645162,ok,,keep,96.94892361111111,0.018000000000000002,0.838,0.018000000000000002,0.018000000000000002,0.018000000000000002,0.018000000000000002,0.018000000000000002,0.018000000000000002,0.018000000000000002,0.018000000000000002
185,cat_000185.jpeg,data/demo/images/cat_000185.jpeg,cat,cat,0.837,train,animals10,ann_4,True,True,,0.16300000000000003,0.34863373683746157,0.06451612903225806,300,223,514.701261302705,117.63315396113602,67.80180437569206,0.7,False,1.0,,ffb4d058cbe11123,0.0,,,,0.0,0.2118032258064516,0.2118032258064516,ok,,keep,96.94892361111111,0.018111111111111116,0.837,0.018111111111111116,0.018111111111111116,0.018111111111111116,0.018111111111111116,0.018111111111111116,0.018111111111111116,0.018111111111111116,0.018111111111111116
186,cat_000186.jpg,data/demo/images/cat_000186.jpg,cat,cat,0.849,train,animals10,ann_4,True,True,,0.15100000000000002,0.32842246652400897,0.06451612903225806,640,426,2268.2066937330123,117.12137617370892,75.96539182360384,1.0,False,1.0,,e6e6e4cc94151cd3,0.0,,,,0.0,0.20820322580645162,0.20820322580645162,ok,,keep,96.94892361111111,0.01677777777777778,0.849,0.01677777777777778,0.01677777777777778,0.01677777777777778,0.01677777777777778,0.01677777777777778,0.01677777777777778,0.01677777777777778,0.01677777777777778
187,cat_000187.jpg,data/demo/images/cat_000187.jpg,cat,cat,0.958,train,animals10,ann_2,True,True,,0.04200000000000004,0.11575355315954997,0.06451612903225806,640,442,818.7361252193022,147.2448776866516,39.23325957588948,1.0,False,1.0,,e5c91ce232c7596c,0.0,,,,0.0,0.1755032258064516,0.1755032258064516,ok,,keep,96.94892361111111,0.0046666666666666705,0.958,0.0046666666666666705,0.0046666666666666705,0.0046666666666666705,0.0046666666666666705,0.0046666666666666705,0.0046666666666666705,0.0046666666666666705,0.0046666666666666705
188,cat_000188.jpeg,data/demo/images/cat_000188.jpeg,cat,cat,0.962,train,animals10,ann_4,True,True,,0.038000000000000034,0.1064150150439352,0.06451612903225806,225,300,665.1344697380521,92.84441481481481,57.87775905518588,0.7,False,1.0,,c33c7c0992e23d76,0.0,,,,0.0,0.1743032258064516,0.1743032258064516,ok,,keep,96.94892361111111,0.004222222222222226,0.962,0.004222222222222226,0.004222222222222226,0.004222222222222226,0.004222222222222226,0.004222222222222226,0.004222222222222226,0.004222222222222226,0.004222222222222226
189,cat_000189.jpeg,data/demo/images/cat_000189.jpeg,elephant,cat,0.822,train,animals10,ann_2,True,True,,0.17800000000000005,0.3732557679083505,0.0,300,225,932.6553596424691,27.594503703703705,53.52781625934717,0.7,False,0.8,too_dark,9b396466b399658c,0.0,,,,0.822,0.3789,0.3789,suspected_label_error,too_dark;model_disagreement;suspected_label_error,recheck_label,96.94892361111111,0.019777777777777783,0.822,0.019777777777777783,0.019777777777777783,0.019777777777777783,0.019777777777777783,0.019777777777777783,0.019777777777777783,0.019777777777777783,0.019777777777777783
190,cat_000190.jpg,data/demo/images/cat_000190.jpg,cat,cat,0.874,train,animals10,ann_1,True,True,,0.126,0.2847068710391291,0.06451612903225806,640,492,3809.9272836225246,104.66463097052845,45.612938449648574,1.0,False,1.0,,9bf973843a189a3a,0.0,,,,0.0,0.2007032258064516,0.2007032258064516,ok,,keep,96.94892361111111,0.014,0.874,0.014,0.014,0.014,0.014,0.014,0.014,0.014,0.014
191,cat_000191.jpeg,data/demo/images/cat_000191.jpeg,cat,cat,0.897,train,animals10,ann_4,True,True,,0.10299999999999998,0.24230991857412246,0.06451612903225806,300,204,360.41477268118035,189.81424836601306,43.01665781149958,0.7,False,1.0,,e8dc9c9bcb859492,0.0,,,,0.0,0.1938032258064516,0.1938032258064516,ok,,keep,96.94892361111111,0.011444444444444443,0.897,0.011444444444444443,0.011444444444444443,0.011444444444444443,0.011444444444444443,0.011444444444444443,0.011444444444444443,0.011444444444444443,0.011444444444444443
192,cat_000192.jpeg,data/demo/images/cat_000192.jpeg,cat,cat,0.963,train,animals10,ann_1,True,True,,0.03700000000000003,0.10405139021490523,0.06451612903225806,225,300,376.3617124475171,154.29365925925927,72.76360823074931,0.7,False,1.0,,f272878f3cb46143,0.0,,,,0.0,0.1740032258064516,0.1740032258064516,ok,,keep,96.94892361111111,0.004111111111111115,0.963,0.004111111111111115,0.004111111111111115,0.004111111111111115,0.004111111111111115,0.004111111111111115,0.004111111111111115,0.004111111111111115,0.004111111111111115
193,cat_000193.jpeg,data/demo/images/cat_000193.jpeg,cow,cat,0.895,train,animals10,ann_4,True,True,,0.10499999999999998,0.24608896613809964,0.056451612903225805,300,200,748.3223160441667,82.56838333333333,73.30269088093826,0.7,False,1.0,,fe309b368017e8bc,0.0,,,,0.895,0.4165403225806451,0.4165403225806451,suspected_label_error,model_disagreement;suspected_label_error,recheck_label,96.94892361111111,0.011666666666666665,0.895,0.011666666666666665,0.011666666666666665,0.011666666666666665,0.011666666666666665,0.011666666666666665,0.011666666666666665,0.011666666666666665,0.011666666666666665
194,cat_000194.jpeg,data/demo/images/cat_000194.jpeg,cat,sheep,0.524,train,animals10,ann_3,True,True,,0.476,0.7547489262757463,0.06451612903225806,300,200,407.72122243749993,39.8171,70.2389126310338,0.7,False,1.0,,c962389dc6b33339,0.0,,,,0.47111111111111115,0.42348100358422935,0.42348100358422935,hard_example,model_disagreement;high_entropy;low_confidence,send_to_review,96.94892361111111,0.05288888888888889,0.05288888888888889,0.05288888888888889,0.05288888888888889,0.05288888888888889,0.05288888888888889,0.05288888888888889,0.524,0.05288888888888889,0.05288888888888889
195,cat_000195.jpeg,data/demo/images/cat_000195.jpeg,cat,cow,0.577,train,animals10,ann_4,True,True,,0.42300000000000004,0.6995041575593895,0.06451612903225806,300,243,402.66849941950284,155.24378600823044,42.99612408522439,0.7,False,1.0,,e58a850f3e6f682c,0.0,,,,0.5299999999999999,0.4223032258064515,0.4223032258064515,suspected_label_error,model_disagreement;suspected_label_error;high_entropy,recheck_label,96.94892361111111,0.04700000000000001,0.04700000000000001,0.04700000000000001,0.577,0.04700000000000001,0.04700000000000001,0.04700000000000001,0.04700000000000001,0.04700000000000001,0.04700000000000001
196,cat_000196.jpeg,data/demo/images/cat_000196.jpeg,cat,cat,0.893,train,animals10,ann_4,True,True,,0.10699999999999998,0.24984952716727366,0.06451612903225806,300,200,587.6366271197222,103.51883333333333,49.59125674255045,0.7,False,1.0,,9a3947ace55c0da6,0.0,,,,0.0,0.1950032258064516,0.1950032258064516,ok,,keep,96.94892361111111,0.011888888888888886,0.893,0.011888888888888886,0.011888888888888886,0.011888888888888886,0.011888888888888886,0.011888888888888886,0.011888888888888886,0.011888888888888886,0.011888888888888886
197,cat_000197.jpeg,data/demo/images/cat_000197.jpeg,cat,cat,0.871,train,animals10,ann_4,True,True,,0.129,0.2900753937344504,0.06451612903225806,300,201,1545.6870488970296,84.86066334991708,30.94002417706521,0.7,False,1.0,,99e3463f23e1c478,0.0,,,,0.0,0.2016032258064516,0.2016032258064516,ok,,keep,96.94892361111111,0.014333333333333333,0.871,0.014333333333333333,0.014333333333333333,0.014333333333333333,0.014333333333333333,0.014333333333333333,0.014333333333333333,0.014333333333333333,0.014333333333333333
198,cat_000198.jpg,data/demo/images/cat_000198.jpg,cat,horse,0.545,train,animals10,ann_1,True,True,,0.45499999999999996,0.7334490582321915,0.06451612903225806,640,426,3250.089163042737,93.2734521713615,54.21277088491517,1.0,False,1.0,,de2699b166cc4936,0.0,,,,0.49444444444444446,0.42301433691756263,0.42301433691756263,hard_example,model_disagreement;high_entropy;low_confidence,send_to_review,96.94892361111111,0.05055555555555555,0.05055555555555555,0.05055555555555555,0.05055555555555555,0.05055555555555555,0.05055555555555555,0.545,0.05055555555555555,0.05055555555555555,0.05055555555555555
199,cat_000199.jpeg,data/demo/images/cat_000199.jpeg,cat,cat,0.974,train,animals10,ann_3,True,True,,0.026000000000000023,0.07716456985546556,0.06451612903225806,300,200,520.5093298622222,96.06255,49.869935540672536,0.7,False,1.0,,e48e9b339a66ca25,0.0,,,,0.0,0.17070322580645161,0.17070322580645161,ok,,keep,96.94892361111111,0.0028888888888888914,0.974,0.0028888888888888914,0.0028888888888888914,0.0028888888888888914,0.0028888888888888914,0.0028888888888888914,0.0028888888888888914,0.0028888888888888914,0.0028888888888888914
200,cat_000200.jpeg,data/demo/images/cat_000200.jpeg,cat,cat,0.925,train,animals10,ann_4,True,True,,0.07499999999999996,0.187257486327022,0.06451612903225806,278,300,284.6500643478023,79.86130695443646,71.67961982691928,1.0,False,1.0,,ee9b85c597c033c4,0.0,,,,0.0,0.18540322580645158,0.18540322580645158,ok,,keep,96.94892361111111,0.008333333333333328,0.925,0.008333333333333328,0.008333333333333328,0.008333333333333328,0.008333333333333328,0.008333333333333328,0.008333333333333328,0.008333333333333328,0.008333333333333328
201,cat_000201.jpeg,data/demo/images/cat_000201.jpeg,cat,cat,0.829,train,animals10,ann_2,True,True,,0.17100000000000004,0.36185142406794485,0.06451612903225806,300,221,1285.3880382247155,174.99610859728506,73.24093373242354,0.7,False,1.0,,e1b4964b884f974e,0.0,,,,0.0,0.21420322580645162,0.21420322580645162,ok,,keep,96.94892361111111,0.019000000000000003,0.829,0.019000000000000003,0.019000000000000003,0.019000000000000003,0.019000000000000003,0.019000000000000003,0.019000000000000003,0.019000000000000003,0.019000000000000003
202,cat_000202.jpeg,data/demo/images/cat_000202.jpeg,cat,cat,0.943,train,animals10,ann_4,True,True,,0.05700000000000005,0.14934242567046443,0.06451612903225806,300,225,377.9213406399999,123.02555555555556,80.15458813296611,0.7,False,1.0,,de0c79cb9318d925,0.0,,,,0.0,0.18000322580645162,0.18000322580645162,ok,,keep,96.94892361111111,0.006333333333333339,0.943,0.006333333333333339,0.006333333333333339,0.006333333333333339,0.006333333333333339,0.006333333333333339,0.006333333333333339,0.006333333333333339,0.006333333333333339
203,cat_000203.jpeg,data/demo/images/cat_000203.jpeg,cat,cat,0.892,train,animals10,ann_1,True,True,,0.10799999999999998,0.2517229709804101,0.06451612903225806,300,273,388.37064453598225,69.38103785103785,39.818882377518584,1.0,False,1.0,,ee2aa9f7d9a00b18,0.0,,,,0.0,0.1953032258064516,0.1953032258064516,ok,,keep,96.94892361111111,0.011999999999999999,0.892,0.011999999999999999,0.011999999999999999,0.011999999999999999,0.011999999999999999,0.011999999999999999,0.011999999999999999,0.011999999999999999,0.011999999999999999
204,cat_000204.jpeg,data/demo/images/cat_000204.jpeg,cat,cat,0.875,train,animals10,ann_3,True,True,,0.125,0.28290951131643977,0.06451612903225806,300,200,1445.0809305555558,124.36466666666666,93.22291984747577,0.7,False,1.0,,a764cec9e1ccc9c8,0.0,,,,0.0,0.2004032258064516,0.2004032258064516,ok,,keep,96.94892361111111,0.013888888888888888,0.875,0.013888888888888888,0.013888888888888888,0.013888888888888888,0.013888888888888888,0.013888888888888888,0.013888888888888888,0.013888888888888888,0.013888888888888888
205,cat_000205.jpeg,data/demo/images/cat_000205.jpeg,cat,cat,0.837,train,animals10,ann_2,True,True,,0.16300000000000003,0.34863373683746157,0.06451612903225806,300,300,776.8581713377779,223.185,47.64817237371813,1.0,False,0.8,too_bright,e3ce9cb1856a4a6c,0.0,,,,0.0,0.1818032258064516,0.1818032258064516,ok,too_bright,keep,96.94892361111111,0.018111111111111116,0.837,0.018111111111111116,0.018111111111111116,0.018111111111111116,0.018111111111111116,0.018111111111111116,0.018111111111111116,0.018111111111111116,0.018111111111111116
206,cat_000206.jpeg,data/demo/images/cat_000206.jpeg,cat,cat,0.939,train,animals10,ann_4,True,True,,0.061000000000000054,0.15797067765931938,0.06451612903225806,300,237,2595.888052890187,130.46722925457104,52.62621565779553,0.7,False,1.0,,f9d687e8e821b407,0.0,,,,0.0,0.18120322580645162,0.18120322580645162,ok,,keep,96.94892361111111,0.006777777777777784,0.939,0.006777777777777784,0.006777777777777784,0.006777777777777784,0.006777777777777784,0.006777777777777784,0.006777777777777784,0.006777777777777784,0.006777777777777784
207,cat_000207.jpeg,data/demo/images/cat_000207.jpeg,cat,cat,0.85,train,animals10,ann_4,True,True,,0.15000000000000002,0.3267165963574531,0.06451612903225806,300,225,379.1157143920988,82.60242962962963,62.17056643133627,0.7,False,1.0,,944a2fb572b35a8c,0.0,,,,0.0,0.2079032258064516,0.2079032258064516,ok,,keep,96.94892361111111,0.01666666666666667,0.85,0.01666666666666667,0.01666666666666667,0.01666666666666667,0.01666666666666667,0.01666666666666667,0.01666666666666667,0.01666666666666667,0.01666666666666667
208,cat_000208.jpeg,data/demo/images/cat_000208.jpeg,cat,cat,0.85,train,animals10,ann_3,True,True,,0.15000000000000002,0.3267165963574531,0.06451612903225806,300,300,316.6621048888889,119.82876666666667,43.32746166925904,1.0,False,1.0,,e1a663adce0bc81b,0.0,,,,0.0,0.2079032258064516,0.2079032258064516,ok,,keep,96.94892361111111,0.01666666666666667,0.85,0.01666666666666667,0.01666666666666667,0.01666666666666667,0.01666666666666667,0.01666666666666667,0.01666666666666667,0.01666666666666667,0.01666666666666667
209,cat_000209.jpeg,data/demo/images/cat_000209.jpeg,cat,cat,0.968,train,animals10,ann_1,True,True,,0.03200000000000003,0.09204361077835214,0.06451612903225806,269,300,1306.6961090458487,187.25722428748452,87.10584344382403,1.0,False,1.0,,b092cb8dc696cccd,0.0,,,,0.0,0.1725032258064516,0.1725032258064516,ok,,keep,96.94892361111111,0.0035555555555555588,0.968,0.0035555555555555588,0.0035555555555555588,0.0035555555555555588,0.0035555555555555588,0.0035555555555555588,0.0035555555555555588,0.0035555555555555588,0.0035555555555555588
210,cat_000210.jpg,data/demo/images/cat_000210.jpg,cat,cat,0.925,train,animals10,ann_2,True,True,,0.07499999999999996,0.187257486327022,0.06451612903225806,640,426,1408.1474867955594,80.70053183685447,54.889600517969825,1.0,False,1.0,,c3df2f2578646198,0.0,,,,0.0,0.18540322580645158,0.18540322580645158,ok,,keep,96.94892361111111,0.008333333333333328,0.925,0.008333333333333328,0.008333333333333328,0.008333333333333328,0.008333333333333328,0.008333333333333328,0.008333333333333328,0.008333333333333328,0.008333333333333328
211,cat_000211.jpeg,data/demo/images/cat_000211.jpeg,cat,butterfly,0.577,train,animals10,ann_4,True,True,,0.42300000000000004,0.6995041575593895,0.06451612903225806,300,168,906.8804761904762,143.40684523809523,69.4304303279453,0.7,False,1.0,,e3a59ccc6f82312e,0.0,,,,0.5299999999999999,0.4223032258064515,0.4223032258064515,suspected_label_error,model_disagreement;suspected_label_error;high_entropy,recheck_label,96.94892361111111,0.577,0.04700000000000001,0.04700000000000001,0.04700000000000001,0.04700000000000001,0.04700000000000001,0.04700000000000001,0.04700000000000001,0.04700000000000001,0.04700000000000001
212,cat_000212.jpg,data/demo/images/cat_000212.jpg,cat,cat,0.901,train,animals10,ann_2,True,True,,0.09899999999999998,0.2346950831542553,0.06451612903225806,640,444,845.95340675663,103.74765976914415,42.568602758619875,1.0,False,1.0,,83660ecf33337919,0.0,,,,0.0,0.1926032258064516,0.1926032258064516,ok,,keep,96.94892361111111,0.010999999999999998,0.901,0.010999999999999998,0.010999999999999998,0.010999999999999998,0.010999999999999998,0.010999999999999998,0.010999999999999998,0.010999999999999998,0.010999999999999998
213,cat_000213.jpeg,data/demo/images/cat_000213.jpeg,cat,cat,0.95,train,animals10,ann_1,True,True,,0.050000000000000044,0.1339261958878155,0.06451612903225806,300,169,216.59140544059693,162.16798816568047,53.09129947344435,0.7,False,1.0,,93f9e5d2428c134f,0.0,,,,0.0,0.17790322580645163,0.17790322580645163,ok,,keep,96.94892361111111,0.00555555555555556,0.95,0.00555555555555556,0.00555555555555556,0.00555555555555556,0.00555555555555556,0.00555555555555556,0.00555555555555556,0.00555555555555556,0.00555555555555556
214,cat_000214.jpeg,data/demo/images/cat_000214.jpeg,cat,cat,0.961,train,animals10,ann_4,True,True,,0.039000000000000035,0.10876675830168384,0.06451612903225806,300,200,844.4075134863889,141.3927,83.68300357127485,0.7,False,1.0,,f2cf9d1216272768,0.0,,,,0.0,0.17460322580645163,0.17460322580645163,ok,,keep,96.94892361111111,0.0043333333333333375,0.961,0.0043333333333333375,0.0043333333333333375,0.0043333333333333375,0.0043333333333333375,0.0043333333333333375,0.0043333333333333375,0.0043333333333333375,0.0043333333333333375
215,cat_000215.jpeg,data/demo/images/cat_000215.jpeg,cat,cat,0.931,train,animals10,ann_2,True,True,,0.06899999999999995,0.17486998855386815,0.06451612903225806,300,169,1745.056610505779,180.3736291913215,67.1817455104212,0.7,False,1.0,,ee2d94d2b5d812d2,0.0,,,,0.0,0.1836032258064516,0.1836032258064516,ok,,keep,96.94892361111111,0.007666666666666661,0.931,0.007666666666666661,0.007666666666666661,0.007666666666666661,0.007666666666666661,0.007666666666666661,0.007666666666666661,0.007666666666666661,0.007666666666666661
216,cat_000216.jpg,data/demo/images/cat_000216.jpg,cat,cat,0.975,train,animals10,ann_4,True,True,,0.025000000000000022,0.07462805787016473,0.06451612903225806,6016,4000,115.34128478201728,137.8190277593085,37.324445843515115,1.0,False,1.0,,d6946d939369b624,0.0,,,,0.0,0.17040322580645162,0.17040322580645162,ok,,keep,96.94892361111111,0.00277777777777778,0.975,0.00277777777777778,0.00277777777777778,0.00277777777777778,0.00277777777777778,0.00277777777777778,0.00277777777777778,0.00277777777777778,0.00277777777777778
217,cat_000217.jpg,data/demo/images/cat_000217.jpg,cat,cat,0.916,val,animals10,ann_3,True,True,,0.08399999999999996,0.2054206525410096,0.06451612903225806,409,640,2569.178587552634,128.13474556845966,42.883680092729854,1.0,False,1.0,,e884171fbe2ead90,0.0,,,,0.0,0.1881032258064516,0.1881032258064516,ok,,keep,96.94892361111111,0.009333333333333329,0.916,0.009333333333333329,0.009333333333333329,0.009333333333333329,0.009333333333333329,0.009333333333333329,0.009333333333333329,0.009333333333333329,0.009333333333333329
218,cat_000218.jpg,data/demo/images/cat_000218.jpg,cat,cat,0.87,val,animals10,ann_2,True,True,,0.13,0.2918571363060806,0.06451612903225806,640,360,6419.990612470763,127.16540364583334,67.92236471599846,1.0,False,1.0,,917936626f24c64f,0.0,,,,0.0,0.2019032258064516,0.2019032258064516,ok,,keep,96.94892361111111,0.014444444444444446,0.87,0.014444444444444446,0.014444444444444446,0.014444444444444446,0.014444444444444446,0.014444444444444446,0.014444444444444446,0.014444444444444446,0.014444444444444446
219,cat_000219.jpg,data/demo/images/cat_000219.jpg,cat,cat,0.866,val,animals10,ann_3,True,True,,0.134,0.2989459544540185,0.06451612903225806,640,360,841.9012239073953,101.11617621527778,42.40488659026029,1.0,False,1.0,,d8c0ceb9db1f0362,0.0,,,,0.0,0.2031032258064516,0.2031032258064516,ok,,keep,96.94892361111111,0.014888888888888889,0.866,0.014888888888888889,0.014888888888888889,0.014888888888888889,0.014888888888888889,0.014888888888888889,0.014888888888888889,0.014888888888888889,0.014888888888888889
220,cat_000220.jpeg,data/demo/images/cat_000220.jpeg,cat,cat,0.934,val,animals10,ann_2,True,True,,0.06599999999999995,0.16858611913538024,0.06451612903225806,300,296,530.0819881178476,128.92990990990992,103.56050119229383,1.0,False,1.0,,ea858cd3923ea2c7,0.0,,,,0.0,0.1827032258064516,0.1827032258064516,ok,,keep,96.94892361111111,0.007333333333333327,0.934,0.007333333333333327,0.007333333333333327,0.007333333333333327,0.007333333333333327,0.007333333333333327,0.007333333333333327,0.007333333333333327,0.007333333333333327
221,cat_000221.jpeg,data/demo/images/cat_000221.jpeg,cat,cat,0.872,val,animals10,ann_1,True,True,,0.128,0.2882897858891631,0.06451612903225806,300,300,570.7367826666666,117.21827777777777,38.039634145491455,1.0,False,1.0,,c007cec9ed74783a,0.0,,,,0.0,0.2013032258064516,0.2013032258064516,ok,,keep,96.94892361111111,0.014222222222222223,0.872,0.014222222222222223,0.014222222222222223,0.014222222222222223,0.014222222222222223,0.014222222222222223,0.014222222222222223,0.014222222222222223,0.014222222222222223
222,cat_000222.jpeg,data/demo/images/cat_000222.jpeg,cat,cat,0.913,val,animals10,ann_4,True,True,,0.08699999999999997,0.21137109911164187,0.06451612903225806,300,200,1014.8908185955555,75.45603333333334,46.05807674663466,0.7,False,1.0,,81246dc62fdb3c59,0.0,,,,0.0,0.1890032258064516,0.1890032258064516,ok,,keep,96.94892361111111,0.009666666666666664,0.913,0.009666666666666664,0.009666666666666664,0.009666666666666664,0.009666666666666664,0.009666666666666664,0.009666666666666664,0.009666666666666664,0.009666666666666664
223,cat_000223.jpeg,data/demo/images/cat_000223.jpeg,cat,cat,0.905,val,animals10,ann_4,True,True,,0.09499999999999997,0.2270023273706416,0.06451612903225806,300,180,629.1217162126201,102.9955,74.76618738471487,0.7,False,1.0,,9661392dea06e69b,0.0,,,,0.0,0.19140322580645158,0.19140322580645158,ok,,keep,96.94892361111111,0.010555555555555552,0.905,0.010555555555555552,0.010555555555555552,0.010555555555555552,0.010555555555555552,0.010555555555555552,0.010555555555555552,0.010555555555555552,0.010555555555555552
224,cat_000224.jpeg,data/demo/images/cat_000224.jpeg,cat,cat,0.824,val,animals10,ann_2,True,True,,0.17600000000000005,0.3700124253446628,0.06451612903225806,300,200,1303.2795535330554,71.6075,51.09353622279437,0.7,False,1.0,,ad45dabb455a2495,0.0,,,,0.0,0.21570322580645163,0.21570322580645163,ok,,keep,96.94892361111111,0.019555555555555562,0.824,0.019555555555555562,0.019555555555555562,0.019555555555555562,0.019555555555555562,0.019555555555555562,0.019555555555555562,0.019555555555555562,0.019555555555555562
225,cat_000225.jpeg,data/demo/images/cat_000225.jpeg,butterfly,cat,0.94,val,animals10,ann_2,True,True,,0.06000000000000005,0.15582528881667973,0.024193548387096774,300,209,805.7119154160594,147.55526315789473,67.60245594393477,0.7,False,1.0,,bd178fe8d16cc8c0,0.0,,,,0.94,0.4078387096774193,0.4078387096774193,suspected_label_error,model_disagreement;suspected_label_error,recheck_label,96.94892361111111,0.006666666666666672,0.94,0.006666666666666672,0.006666666666666672,0.006666666666666672,0.006666666666666672,0.006666666666666672,0.006666666666666672,0.006666666666666672,0.006666666666666672
226,cat_000226.jpeg,data/demo/images/cat_000226.jpeg,cat,cat,0.843,val,animals10,ann_1,True,True,,0.15700000000000003,0.3385871788021219,0.06451612903225806,300,200,1163.7759433733333,139.88635,55.12017356356473,0.7,False,1.0,,cc22fb29856e956a,0.0,,,,0.0,0.21000322580645162,0.21000322580645162,ok,,keep,96.94892361111111,0.017444444444444446,0.843,0.017444444444444446,0.017444444444444446,0.017444444444444446,0.017444444444444446,0.017444444444444446,0.017444444444444446,0.017444444444444446,0.017444444444444446
227,cat_000227.jpeg,data/demo/images/cat_000227.jpeg,cat,cat,0.941,val,animals10,ann_1,True,True,,0.05900000000000005,0.1536721993820405,0.06451612903225806,300,169,549.4527912592541,79.75639053254437,65.01417538942876,0.7,False,1.0,,c1e1a5384ee3e13e,0.0,,,,0.0,0.1806032258064516,0.1806032258064516,ok,,keep,96.94892361111111,0.006555555555555561,0.941,0.006555555555555561,0.006555555555555561,0.006555555555555561,0.006555555555555561,0.006555555555555561,0.006555555555555561,0.006555555555555561,0.006555555555555561
228,cat_000228.jpeg,data/demo/images/cat_000228.jpeg,cat,cat,0.919,val,animals10,ann_2,True,True,,0.08099999999999996,0.19941939742863374,0.06451612903225806,199,300,1128.0936308956846,108.57001675041876,69.55642881464628,0.7,False,1.0,,db3525da9e8de140,0.0,,,,0.0,0.1872032258064516,0.1872032258064516,ok,,keep,96.94892361111111,0.008999999999999996,0.919,0.008999999999999996,0.008999999999999996,0.008999999999999996,0.008999999999999996,0.008999999999999996,0.008999999999999996,0.008999999999999996,0.008999999999999996
229,cat_000229.jpg,data/demo/images/cat_000229.jpg,cat,cat,0.91,test,animals10,ann_2,True,True,,0.08999999999999997,0.21727232864486018,0.06451612903225806,640,434,1030.761493180205,138.6988983294931,51.268853017060366,1.0,False,1.0,,83b196bd6bcd406a,0.0,,,,0.0,0.18990322580645158,0.18990322580645158,ok,,keep,96.94892361111111,0.009999999999999997,0.91,0.009999999999999997,0.009999999999999997,0.009999999999999997,0.009999999999999997,0.009999999999999997,0.009999999999999997,0.009999999999999997,0.009999999999999997
230,cat_000230.jpeg,data/demo/images/cat_000230.jpeg,cat,cat,0.947,test,animals10,ann_3,True,True,,0.05300000000000005,0.14058479745239807,0.06451612903225806,300,300,518.9971404320987,95.69675555555555,68.31730038354708,1.0,False,1.0,,948d7ad18f3ac84d,0.0,,,,0.0,0.17880322580645164,0.17880322580645164,ok,,keep,96.94892361111111,0.005888888888888894,0.947,0.005888888888888894,0.005888888888888894,0.005888888888888894,0.005888888888888894,0.005888888888888894,0.005888888888888894,0.005888888888888894,0.005888888888888894
231,cat_000231.jpeg,data/demo/images/cat_000231.jpeg,cat,cat,0.828,test,animals10,ann_4,True,True,,0.17200000000000004,0.3634896955546401,0.06451612903225806,300,225,1740.364885177723,196.86242962962962,62.41780640069529,0.7,False,1.0,,bed8c123c76ec321,0.0,,,,0.0,0.21450322580645162,0.21450322580645162,ok,,keep,96.94892361111111,0.019111111111111117,0.828,0.019111111111111117,0.019111111111111117,0.019111111111111117,0.019111111111111117,0.019111111111111117,0.019111111111111117,0.019111111111111117,0.019111111111111117
232,cat_000232.jpeg,data/demo/images/cat_000232.jpeg,cat,cat,0.973,test,animals10,ann_3,True,True,,0.027000000000000024,0.0796839281985186,0.06451612903225806,300,300,82.89736598469135,188.36725555555554,47.570328999647366,1.0,False,1.0,,911d3bf6244a2e79,0.0,,,,0.0,0.1710032258064516,0.1710032258064516,ok,,keep,96.94892361111111,0.0030000000000000027,0.973,0.0030000000000000027,0.0030000000000000027,0.0030000000000000027,0.0030000000000000027,0.0030000000000000027,0.0030000000000000027,0.0030000000000000027,0.0030000000000000027
233,cat_000233.jpeg,data/demo/images/cat_000233.jpeg,cat,cat,0.829,test,animals10,ann_3,True,True,,0.17100000000000004,0.36185142406794485,0.06451612903225806,225,300,1813.1719081900687,126.4888888888889,68.97718449057568,0.7,False,1.0,,eac11d3f941fb148,0.0,,,,0.0,0.21420322580645162,0.21420322580645162,ok,,keep,96.94892361111111,0.019000000000000003,0.829,0.019000000000000003,0.019000000000000003,0.019000000000000003,0.019000000000000003,0.019000000000000003,0.019000000000000003,0.019000000000000003,0.019000000000000003
234,cat_000234.jpeg,data/demo/images/cat_000234.jpeg,cat,cat,0.959,test,animals10,ann_4,True,True,,0.041000000000000036,0.11343575614189247,0.06451612903225806,297,300,172.63148679600596,67.42151515151515,59.43054648782258,1.0,False,1.0,,ff12c17dc0549aa3,0.0,,,,0.0,0.17520322580645162,0.17520322580645162,ok,,keep,96.94892361111111,0.004555555555555559,0.959,0.004555555555555559,0.004555555555555559,0.004555555555555559,0.004555555555555559,0.004555555555555559,0.004555555555555559,0.004555555555555559,0.004555555555555559
235,cat_000235.jpeg,data/demo/images/cat_000235.jpeg,cat,cat,0.966,test,animals10,ann_3,True,True,,0.03400000000000003,0.09688605368118958,0.06451612903225806,300,200,1186.1707098655556,185.37488333333334,75.05531945940311,0.7,False,1.0,,e8589a919cb6b69c,0.0,,,,0.0,0.17310322580645163,0.17310322580645163,ok,,keep,96.94892361111111,0.003777777777777781,0.966,0.003777777777777781,0.003777777777777781,0.003777777777777781,0.003777777777777781,0.003777777777777781,0.003777777777777781,0.003777777777777781,0.003777777777777781
236,cat_000236.jpeg,data/demo/images/cat_000236.jpeg,cat,cat,0.907,test,animals10,ann_2,True,True,,0.09299999999999997,0.2231258254558901,0.06451612903225806,300,300,266.30549355246916,149.70783333333333,67.50366430198027,1.0,False,1.0,,ebeb1d19898a1d2c,0.0,,,,0.0,0.1908032258064516,0.1908032258064516,ok,,keep,96.94892361111111,0.01033333333333333,0.907,0.01033333333333333,0.01033333333333333,0.01033333333333333,0.01033333333333333,0.01033333333333333,0.01033333333333333,0.01033333333333333,0.01033333333333333
237,cat_000237.jpeg,data/demo/images/cat_000237.jpeg,cat,cat,0.974,test,animals10,ann_3,True,True,,0.026000000000000023,0.07716456985546556,0.06451612903225806,300,259,5922.51588157203,73.24263835263835,75.39436382799977,1.0,False,1.0,,91c16e9f3e643632,0.0,,,,0.0,0.17070322580645161,0.17070322580645161,ok,,keep,96.94892361111111,0.0028888888888888914,0.974,0.0028888888888888914,0.0028888888888888914,0.0028888888888888914,0.0028888888888888914,0.0028888888888888914,0.0028888888888888914,0.0028888888888888914,0.0028888888888888914
238,cat_000238.jpeg,data/demo/images/cat_000238.jpeg,cat,cat,0.977,test,animals10,ann_1,True,True,,0.02300000000000002,0.06950084439251457,0.06451612903225806,225,300,1982.9685412949245,123.95367407407407,47.66383397003857,0.7,False,1.0,,d325189968bc36db,0.0,,,,0.0,0.1698032258064516,0.1698032258064516,ok,,keep,96.94892361111111,0.002555555555555558,0.977,0.002555555555555558,0.002555555555555558,0.002555555555555558,0.002555555555555558,0.002555555555555558,0.002555555555555558,0.002555555555555558,0.002555555555555558
239,cat_000239.jpeg,data/demo/images/cat_000239.jpeg,cat,cat,0.848,test,animals10,ann_1,True,True,,0.15200000000000002,0.3301249490105339,0.06451612903225806,300,266,659.8219458381229,147.1196365914787,87.9557509243707,1.0,False,1.0,,e486aa1be37a8f28,0.0,,,,0.0,0.20850322580645161,0.20850322580645161,ok,,keep,96.94892361111111,0.01688888888888889,0.848,0.01688888888888889,0.01688888888888889,0.01688888888888889,0.01688888888888889,0.01688888888888889,0.01688888888888889,0.01688888888888889,0.01688888888888889
240,cat_000240.jpeg,data/demo/images/cat_000240.jpeg,cat,cat,0.889,test,animals10,ann_3,True,True,,0.11099999999999999,0.2573163980569815,0.06451612903225806,300,225,288.4609786855418,180.9559851851852,41.80558782994431,0.7,False,1.0,,e59d983365265999,0.0,,,,0.0,0.1962032258064516,0.1962032258064516,ok,,keep,96.94892361111111,0.012333333333333332,0.889,0.012333333333333332,0.012333333333333332,0.012333333333333332,0.012333333333333332,0.012333333333333332,0.012333333333333332,0.012333333333333332,0.012333333333333332
241,chicken_000241.jpeg,data/demo/images/chicken_000241.jpeg,chicken,chicken,0.891,train,animals10,ann_1,True,True,,0.10899999999999999,0.25359190661355835,0.04838709677419355,300,225,3188.029281208011,100.05835555555555,46.30224714768639,0.7,False,1.0,,8ea3235ec965968b,0.0,,,,0.0,0.1923774193548387,0.1923774193548387,ok,,keep,96.94892361111111,0.012111111111111109,0.012111111111111109,0.891,0.012111111111111109,0.012111111111111109,0.012111111111111109,0.012111111111111109,0.012111111111111109,0.012111111111111109,0.012111111111111109
242,chicken_000242.jpeg,data/demo/images/chicken_000242.jpeg,chicken,chicken,0.851,train,animals10,ann_2,True,True,,0.14900000000000002,0.32500731993810167,0.04838709677419355,300,226,3333.178730339755,115.11483775811209,45.781108654492456,0.7,False,1.0,,d890250dcfc79e66,0.0,,,,0.0,0.20437741935483872,0.20437741935483872,ok,,keep,96.94892361111111,0.01655555555555556,0.01655555555555556,0.851,0.01655555555555556,0.01655555555555556,0.01655555555555556,0.01655555555555556,0.01655555555555556,0.01655555555555556,0.01655555555555556
243,chicken_000243.jpeg,data/demo/images/chicken_000243.jpeg,chicken,chicken,0.851,train,animals10,ann_1,True,True,,0.14900000000000002,0.32500731993810167,0.04838709677419355,300,266,1668.4762632105012,146.75453634085213,59.49614231695662,1.0,False,1.0,,ad1d8cade32033c7,0.0,,,,0.0,0.20437741935483872,0.20437741935483872,ok,,keep,96.94892361111111,0.01655555555555556,0.01655555555555556,0.851,0.01655555555555556,0.01655555555555556,0.01655555555555556,0.01655555555555556,0.01655555555555556,0.01655555555555556,0.01655555555555556
244,chicken_000244.jpeg,data/demo/images/chicken_000244.jpeg,chicken,chicken,0.927,train,animals10,ann_1,True,True,,0.07299999999999995,0.18315421650538397,0.04838709677419355,300,225,1447.2353305775582,136.74317037037036,47.74242954942789,0.7,False,1.0,,e91cd2e23893f70c,0.0,,,,0.0,0.18157741935483868,0.18157741935483868,ok,,keep,96.94892361111111,0.008111111111111105,0.008111111111111105,0.927,0.008111111111111105,0.008111111111111105,0.008111111111111105,0.008111111111111105,0.008111111111111105,0.008111111111111105,0.008111111111111105
245,chicken_000245.jpeg,data/demo/images/chicken_000245.jpeg,chicken,chicken,0.898,train,animals10,ann_1,True,True,,0.10199999999999998,0.24041336377291156,0.04838709677419355,300,152,4273.885078473665,105.90076754385964,51.399502517631426,0.7,False,1.0,,830b3c3ec36474cf,0.0,,,,0.0,0.1902774193548387,0.1902774193548387,ok,,keep,96.94892361111111,0.01133333333333333,0.01133333333333333,0.898,0.01133333333333333,0.01133333333333333,0.01133333333333333,0.01133333333333333,0.01133333333333333,0.01133333333333333,0.01133333333333333
246,chicken_000246.jpeg,data/demo/images/chicken_000246.jpeg,chicken,chicken,0.844,train,animals10,ann_4,True,True,,0.15600000000000003,0.336901364834241,0.04838709677419355,300,225,1952.854137005432,121.05357037037037,55.594063404027,0.7,False,1.0,,bd23c2b4654bb4b4,0.0,,,,0.0,0.2064774193548387,0.2064774193548387,ok,,keep,96.94892361111111,0.017333333333333336,0.017333333333333336,0.844,0.017333333333333336,0.017333333333333336,0.017333333333333336,0.017333333333333336,0.017333333333333336,0.017333333333333336,0.017333333333333336
247,chicken_000247.jpeg,data/demo/images/chicken_000247.jpeg,chicken,chicken,0.866,train,animals10,ann_3,True,True,,0.134,0.29894595445401856,0.04838709677419355,300,225,8693.18478246365,127.6761037037037,50.65053246844888,0.7,False,1.0,,e78e6c8598dda548,0.0,,,,0.0,0.19987741935483871,0.19987741935483871,ok,,keep,96.94892361111111,0.014888888888888889,0.014888888888888889,0.866,0.014888888888888889,0.014888888888888889,0.014888888888888889,0.014888888888888889,0.014888888888888889,0.014888888888888889,0.014888888888888889
248,chicken_000248.jpeg,data/demo/images/chicken_000248.jpeg,chicken,chicken,0.91,train,animals10,ann_2,True,True,,0.08999999999999997,0.21727232864486018,0.04838709677419355,182,300,3900.4577158552374,173.18056776556776,88.69170321657975,0.7,False,1.0,,bb1e85658687609f,0.0,,,,0.0,0.1866774193548387,0.1866774193548387,ok,,keep,96.94892361111111,0.009999999999999997,0.009999999999999997,0.91,0.009999999999999997,0.009999999999999997,0.009999999999999997,0.009999999999999997,0.009999999999999997,0.009999999999999997,0.009999999999999997
249,chicken_000249.jpeg,data/demo/images/chicken_000249.jpeg,chicken,chicken,0.979,train,animals10,ann_4,True,True,,0.02100000000000002,0.06429622789059766,0.04838709677419355,300,228,4854.450069003924,174.67400584795323,75.00667484745928,0.7,False,1.0,,bb97c4485a1f05f1,0.0,,,,0.0,0.1659774193548387,0.1659774193548387,ok,,keep,96.94892361111111,0.0023333333333333353,0.0023333333333333353,0.979,0.0023333333333333353,0.0023333333333333353,0.0023333333333333353,0.0023333333333333353,0.0023333333333333353,0.0023333333333333353,0.0023333333333333353
250,chicken_000250.jpeg,data/demo/images/chicken_000250.jpeg,chicken,chicken,0.975,train,animals10,ann_4,True,True,,0.025000000000000022,0.07462805787016473,0.04838709677419355,200,300,2242.8522045330556,141.62698333333333,57.766303689086094,0.7,False,1.0,,a48613dbccc4959f,0.0,,,,0.0,0.1671774193548387,0.1671774193548387,ok,,keep,96.94892361111111,0.00277777777777778,0.00277777777777778,0.975,0.00277777777777778,0.00277777777777778,0.00277777777777778,0.00277777777777778,0.00277777777777778,0.00277777777777778,0.00277777777777778
251,chicken_000251.jpeg,data/demo/images/chicken_000251.jpeg,chicken,chicken,0.954,train,animals10,ann_1,True,True,,0.04600000000000004,0.12491914136620547,0.04838709677419355,300,300,1877.4731303822223,103.77128888888889,64.09633185989914,1.0,False,1.0,,badba568d6e48a44,0.0,,,,0.0,0.1734774193548387,0.1734774193548387,ok,,keep,96.94892361111111,0.005111111111111116,0.005111111111111116,0.954,0.005111111111111116,0.005111111111111116,0.005111111111111116,0.005111111111111116,0.005111111111111116,0.005111111111111116,0.005111111111111116
252,chicken_000252.jpeg,data/demo/images/chicken_000252.jpeg,chicken,chicken,0.978,train,animals10,ann_3,True,True,,0.02200000000000002,0.06690863190435845,0.04838709677419355,212,300,835.457433635685,197.63099056603772,58.69491378615945,0.7,False,1.0,,e1ac94c7d9cb3815,0.0,,,,0.0,0.1662774193548387,0.1662774193548387,ok,,keep,96.94892361111111,0.0024444444444444466,0.0024444444444444466,0.978,0.0024444444444444466,0.0024444444444444466,0.0024444444444444466,0.0024444444444444466,0.0024444444444444466,0.0024444444444444466,0.0024444444444444466
253,chicken_000253.jpeg,data/demo/images/chicken_000253.jpeg,chicken,chicken,0.941,train,animals10,ann_1,True,True,,0.05900000000000005,0.1536721993820405,0.04838709677419355,300,200,7080.639584582223,158.52676666666667,68.81843200440966,0.7,False,1.0,,acc09b3447eb143f,0.0,,,,0.0,0.17737741935483872,0.17737741935483872,ok,,keep,96.94892361111111,0.006555555555555561,0.006555555555555561,0.941,0.006555555555555561,0.006555555555555561,0.006555555555555561,0.006555555555555561,0.006555555555555561,0.006555555555555561,0.006555555555555561
254,chicken_000254.jpeg,data/demo/images/chicken_000254.jpeg,elephant,chicken,0.909,train,animals10,ann_2,True,True,,0.09099999999999997,0.2192287274660459,0.0,300,212,2701.986396578458,85.10400943396226,74.2382422956293,0.7,False,1.0,,d307ec7892940bcf,0.0,,,,0.909,0.40454999999999997,0.40454999999999997,suspected_label_error,model_disagreement;suspected_label_error,recheck_label,96.94892361111111,0.010111111111111107,0.010111111111111107,0.909,0.010111111111111107,0.010111111111111107,0.010111111111111107,0.010111111111111107,0.010111111111111107,0.010111111111111107,0.010111111111111107
255,chicken_000255.jpeg,data/demo/images/chicken_000255.jpeg,chicken,chicken,0.866,train,animals10,ann_4,True,True,,0.134,0.29894595445401856,0.04838709677419355,240,180,6976.277506939623,122.80199074074073,47.64282480391156,0.7,False,1.0,,9979a352acad3331,0.0,,,,0.0,0.19987741935483871,0.19987741935483871,ok,,keep,96.94892361111111,0.014888888888888889,0.014888888888888889,0.866,0.014888888888888889,0.014888888888888889,0.014888888888888889,0.014888888888888889,0.014888888888888889,0.014888888888888889,0.014888888888888889
256,chicken_000256.jpeg,data/demo/images/chicken_000256.jpeg,elephant,chicken,0.869,train,animals10,ann_4,True,True,,0.131,0.2936350389288106,0.0,300,220,3358.6117934536273,106.17322727272727,60.416313331371086,0.7,False,1.0,,d1c12cb291a57b5b,0.0,,,,0.869,0.40654999999999997,0.40654999999999997,suspected_label_error,model_disagreement;suspected_label_error,recheck_label,96.94892361111111,0.014555555555555556,0.014555555555555556,0.869,0.014555555555555556,0.014555555555555556,0.014555555555555556,0.014555555555555556,0.014555555555555556,0.014555555555555556,0.014555555555555556
257,chicken_000257.jpeg,data/demo/images/chicken_000257.jpeg,chicken,chicken,0.845,train,animals10,ann_3,True,True,,0.15500000000000003,0.33521225234126556,0.04838709677419355,300,225,2910.1401021846914,102.5057037037037,42.53342960700948,0.7,False,1.0,,b5129b746481877f,0.0,,,,0.0,0.20617741935483871,0.20617741935483871,ok,,keep,96.94892361111111,0.017222222222222226,0.017222222222222226,0.845,0.017222222222222226,0.017222222222222226,0.017222222222222226,0.017222222222222226,0.017222222222222226,0.017222222222222226,0.017222222222222226
258,chicken_000258.jpeg,data/demo/images/chicken_000258.jpeg,chicken,chicken,0.896,train,animals10,ann_3,True,True,,0.10399999999999998,0.2442017726944078,0.04838709677419355,241,300,9559.008153942865,113.24221300138312,48.360898663940816,0.7,False,1.0,,e8789695a16b9e4c,0.0,,,,0.0,0.1908774193548387,0.1908774193548387,ok,,keep,96.94892361111111,0.011555555555555553,0.011555555555555553,0.896,0.011555555555555553,0.011555555555555553,0.011555555555555553,0.011555555555555553,0.011555555555555553,0.011555555555555553,0.011555555555555553
259,chicken_000259.jpeg,data/demo/images/chicken_000259.jpeg,chicken,chicken,0.93,train,animals10,ann_2,True,True,,0.06999999999999995,0.17695096636165047,0.04838709677419355,300,223,4466.332013798119,158.89260089686098,55.543252290437245,0.7,False,1.0,,86a77bd46c0351b9,0.0,,,,0.0,0.1806774193548387,0.1806774193548387,ok,,keep,96.94892361111111,0.007777777777777772,0.007777777777777772,0.93,0.007777777777777772,0.007777777777777772,0.007777777777777772,0.007777777777777772,0.007777777777777772,0.007777777777777772,0.007777777777777772
260,chicken_000260.jpeg,data/demo/images/chicken_000260.jpeg,elephant,chicken,0.975,train,animals10,ann_3,True,True,,0.025000000000000022,0.07462805787016473,0.0,300,225,5490.678034915556,128.32802962962964,37.28306472221139,0.7,False,1.0,,e54d1236799968cd,0.0,,,,0.975,0.40125,0.40125,suspected_label_error,model_disagreement;suspected_label_error,recheck_label,96.94892361111111,0.00277777777777778,0.00277777777777778,0.975,0.00277777777777778,0.00277777777777778,0.00277777777777778,0.00277777777777778,0.00277777777777778,0.00277777777777778,0.00277777777777778
261,chicken_000261.jpeg,data/demo/images/chicken_000261.jpeg,chicken,chicken,0.959,train,animals10,ann_4,True,True,,0.041000000000000036,0.11343575614189247,0.04838709677419355,243,300,4339.044759531914,120.45134430727023,47.29261165180594,0.7,False,1.0,,82c061391d9d9f7e,0.0,,,,0.0,0.1719774193548387,0.1719774193548387,ok,,keep,96.94892361111111,0.004555555555555559,0.004555555555555559,0.959,0.004555555555555559,0.004555555555555559,0.004555555555555559,0.004555555555555559,0.004555555555555559,0.004555555555555559,0.004555555555555559
262,chicken_000262.jpeg,data/demo/images/chicken_000262.jpeg,chicken,chicken,0.88,train,animals10,ann_1,True,True,,0.12,0.2738625957719109,0.04838709677419355,300,204,8609.176124781068,154.87478758169934,73.76820673649507,0.7,False,1.0,,af83e43c5ac1e1b2,0.0,,,,0.0,0.1956774193548387,0.1956774193548387,ok,,keep,96.94892361111111,0.013333333333333332,0.013333333333333332,0.88,0.013333333333333332,0.013333333333333332,0.013333333333333332,0.013333333333333332,0.013333333333333332,0.013333333333333332,0.013333333333333332
263,chicken_000263.jpeg,data/demo/images/chicken_000263.jpeg,chicken,chicken,0.829,train,animals10,ann_3,True,True,,0.17100000000000004,0.36185142406794485,0.04838709677419355,247,300,2799.86446875033,127.50917678812415,73.25860952749936,0.7,False,1.0,,ea1a8561789dcbd2,0.0,,,,0.0,0.2109774193548387,0.2109774193548387,ok,,keep,96.94892361111111,0.019000000000000003,0.019000000000000003,0.829,0.019000000000000003,0.019000000000000003,0.019000000000000003,0.019000000000000003,0.019000000000000003,0.019000000000000003,0.019000000000000003
264,chicken_000264.jpeg,data/demo/images/chicken_000264.jpeg,chicken,chicken,0.877,train,animals10,ann_1,True,True,,0.123,0.27930285222902873,0.04838709677419355,300,295,3626.640264480194,96.12456497175141,41.16998561095486,1.0,False,1.0,,ec99c466517236ad,0.0,,,,0.0,0.1965774193548387,0.1965774193548387,ok,,keep,96.94892361111111,0.013666666666666667,0.013666666666666667,0.877,0.013666666666666667,0.013666666666666667,0.013666666666666667,0.013666666666666667,0.013666666666666667,0.013666666666666667,0.013666666666666667
265,chicken_000265.jpeg,data/demo/images/chicken_000265.jpeg,chicken,chicken,0.966,train,animals10,ann_3,True,True,,0.03400000000000003,0.09688605368118958,0.04838709677419355,300,243,3979.0045292664663,93.93205761316872,50.02984465693682,0.7,False,1.0,,dfaf8af091199c82,0.0,,,,0.0,0.16987741935483872,0.16987741935483872,ok,,keep,96.94892361111111,0.003777777777777781,0.003777777777777781,0.966,0.003777777777777781,0.003777777777777781,0.003777777777777781,0.003777777777777781,0.003777777777777781,0.003777777777777781,0.003777777777777781
266,chicken_000266.jpeg,data/demo/images/chicken_000266.jpeg,elephant,chicken,0.97,train,animals10,ann_2,True,True,,0.030000000000000027,0.08714505106038822,0.0,299,300,1390.196805246275,120.58254180602006,52.62701912760375,1.0,False,1.0,,a6891a9631b77678,0.0,,,,0.97,0.40149999999999997,0.40149999999999997,suspected_label_error,model_disagreement;suspected_label_error,recheck_label,96.94892361111111,0.003333333333333336,0.003333333333333336,0.97,0.003333333333333336,0.003333333333333336,0.003333333333333336,0.003333333333333336,0.003333333333333336,0.003333333333333336,0.003333333333333336
267,chicken_000267.jpeg,data/demo/images/chicken_000267.jpeg,chicken,chicken,0.835,train,animals10,ann_2,True,True,,0.16500000000000004,0.3519569518904415,0.04838709677419355,300,210,3437.0768608425296,110.80968253968254,41.32906124113905,0.7,False,1.0,,d51c8ea6ec6b330a,0.0,,,,0.0,0.20917741935483872,0.20917741935483872,ok,,keep,96.94892361111111,0.018333333333333337,0.018333333333333337,0.835,0.018333333333333337,0.018333333333333337,0.018333333333333337,0.018333333333333337,0.018333333333333337,0.018333333333333337,0.018333333333333337
268,chicken_000268.jpeg,data/demo/images/chicken_000268.jpeg,chicken,chicken,0.952,train,animals10,ann_3,True,True,,0.04800000000000004,0.12944168185409546,0.04838709677419355,225,300,283.0391969439781,122.98567407407407,49.99765759651363,0.7,False,1.0,,c5bd032e70f9af40,0.0,,,,0.0,0.17407741935483872,0.17407741935483872,ok,,keep,96.94892361111111,0.005333333333333338,0.005333333333333338,0.952,0.005333333333333338,0.005333333333333338,0.005333333333333338,0.005333333333333338,0.005333333333333338,0.005333333333333338,0.005333333333333338
269,chicken_000269.jpeg,data/demo/images/chicken_000269.jpeg,chicken,chicken,0.878,train,animals10,ann_3,True,True,,0.122,0.27749349750077557,0.04838709677419355,300,225,2233.4723294312207,96.02711111111111,66.76056391775974,0.7,False,1.0,,874f69ba65e006ea,0.0,,,,0.0,0.19627741935483872,0.19627741935483872,ok,,keep,96.94892361111111,0.013555555555555555,0.013555555555555555,0.878,0.013555555555555555,0.013555555555555555,0.013555555555555555,0.013555555555555555,0.013555555555555555,0.013555555555555555,0.013555555555555555
270,chicken_000270.jpeg,data/demo/images/chicken_000270.jpeg,chicken,spider,0.515,train,animals10,ann_4,True,True,,0.485,0.7636421465568164,0.04838709677419355,279,300,1151.7585527870915,109.15215053763441,51.008066848947585,1.0,False,1.0,,abcad290b4269f2d,0.0,,,,0.46111111111111114,0.4204551971326165,0.4204551971326165,hard_example,model_disagreement;high_entropy;low_confidence,send_to_review,96.94892361111111,0.05388888888888889,0.05388888888888889,0.05388888888888889,0.05388888888888889,0.05388888888888889,0.05388888888888889,0.05388888888888889,0.05388888888888889,0.515,0.05388888888888889
271,chicken_000271.jpeg,data/demo/images/chicken_000271.jpeg,chicken,chicken,0.846,train,animals10,ann_2,True,True,,0.15400000000000003,0.33351982397088215,0.04838709677419355,300,199,5617.231690250246,113.83435510887772,46.341453008755295,0.7,False,1.0,,bc9cd263895886e7,0.0,,,,0.0,0.20587741935483872,0.20587741935483872,ok,,keep,96.94892361111111,0.017111111111111115,0.017111111111111115,0.846,0.017111111111111115,0.017111111111111115,0.017111111111111115,0.017111111111111115,0.017111111111111115,0.017111111111111115,0.017111111111111115
272,chicken_000272.jpeg,data/demo/images/chicken_000272.jpeg,chicken,chicken,0.85,train,animals10,ann_1,True,True,,0.15000000000000002,0.3267165963574531,0.04838709677419355,300,225,3168.099948554184,141.82937777777778,52.4559155925228,0.7,False,1.0,,b64ec1b38e8f3213,0.0,,,,0.0,0.2046774193548387,0.2046774193548387,ok,,keep,96.94892361111111,0.01666666666666667,0.01666666666666667,0.85,0.01666666666666667,0.01666666666666667,0.01666666666666667,0.01666666666666667,0.01666666666666667,0.01666666666666667,0.01666666666666667
273,chicken_000273.jpeg,data/demo/images/chicken_000273.jpeg,chicken,chicken,0.839,train,animals10,ann_2,True,True,,0.16100000000000003,0.3452977885003792,0.04838709677419355,300,225,4303.7836352869135,140.22303703703705,49.7980429746967,0.7,False,1.0,,a3e99996261b3665,0.0,,,,0.0,0.2079774193548387,0.2079774193548387,ok,,keep,96.94892361111111,0.01788888888888889,0.01788888888888889,0.839,0.01788888888888889,0.01788888888888889,0.01788888888888889,0.01788888888888889,0.01788888888888889,0.01788888888888889,0.01788888888888889
274,chicken_000274.jpeg,data/demo/images/chicken_000274.jpeg,chicken,chicken,0.87,train,animals10,ann_3,True,True,,0.13,0.2918571363060806,0.04838709677419355,289,300,620.9446235137139,117.20309111880046,59.586290153837815,1.0,False,1.0,,f4256d4adae26661,0.0,,,,0.0,0.1986774193548387,0.1986774193548387,ok,,keep,96.94892361111111,0.014444444444444446,0.014444444444444446,0.87,0.014444444444444446,0.014444444444444446,0.014444444444444446,0.014444444444444446,0.014444444444444446,0.014444444444444446,0.014444444444444446
275,chicken_000275.jpeg,data/demo/images/chicken_000275.jpeg,chicken,chicken,0.978,train,animals10,ann_3,True,True,,0.02200000000000002,0.06690863190435845,0.04838709677419355,300,300,1370.8052061387652,103.59641111111111,55.75589469990185,1.0,False,1.0,,f9cbd99133323286,0.0,,,,0.0,0.1662774193548387,0.1662774193548387,ok,,keep,96.94892361111111,0.0024444444444444466,0.0024444444444444466,0.978,0.0024444444444444466,0.0024444444444444466,0.0024444444444444466,0.0024444444444444466,0.0024444444444444466,0.0024444444444444466,0.0024444444444444466
276,chicken_000276.jpeg,data/demo/images/chicken_000276.jpeg,chicken,chicken,0.939,train,animals10,ann_1,True,True,,0.061000000000000054,0.1579706776593194,0.04838709677419355,300,225,5833.159635291961,106.88438518518518,38.697915293067275,0.7,False,1.0,,d043933646cbed2d,0.0,,,,0.0,0.1779774193548387,0.1779774193548387,ok,,keep,96.94892361111111,0.006777777777777784,0.006777777777777784,0.939,0.006777777777777784,0.006777777777777784,0.006777777777777784,0.006777777777777784,0.006777777777777784,0.006777777777777784,0.006777777777777784
277,chicken_000277.jpeg,data/demo/images/chicken_000277.jpeg,chicken,chicken,0.843,train,animals10,ann_2,True,True,,0.15700000000000003,0.3385871788021219,0.04838709677419355,300,200,5480.043465319723,117.87473333333334,34.89350811056725,0.7,False,1.0,,d51e4cbb0cc639e2,0.0,,,,0.0,0.20677741935483873,0.20677741935483873,ok,,keep,96.94892361111111,0.017444444444444446,0.017444444444444446,0.843,0.017444444444444446,0.017444444444444446,0.017444444444444446,0.017444444444444446,0.017444444444444446,0.017444444444444446,0.017444444444444446
278,chicken_000278.jpeg,data/demo/images/chicken_000278.jpeg,chicken,chicken,0.977,train,animals10,ann_4,True,True,,0.02300000000000002,0.06950084439251457,0.04838709677419355,300,240,2913.987440416474,112.75952777777778,48.84084761070964,0.7,False,1.0,,a796f04f9b31d860,0.0,,,,0.0,0.16657741935483872,0.16657741935483872,ok,,keep,96.94892361111111,0.002555555555555558,0.002555555555555558,0.977,0.002555555555555558,0.002555555555555558,0.002555555555555558,0.002555555555555558,0.002555555555555558,0.002555555555555558,0.002555555555555558
279,chicken_000279.jpeg,data/demo/images/chicken_000279.jpeg,chicken,chicken,0.832,train,animals10,ann_4,True,True,,0.16800000000000004,0.35691817043903473,0.04838709677419355,292,300,1462.3797013198223,152.0599885844749,64.09179986586062,1.0,False,1.0,,ea9ac7e49085379c,0.0,,,,0.0,0.2100774193548387,0.2100774193548387,ok,,keep,96.94892361111111,0.01866666666666667,0.01866666666666667,0.832,0.01866666666666667,0.01866666666666667,0.01866666666666667,0.01866666666666667,0.01866666666666667,0.01866666666666667,0.01866666666666667
280,chicken_000280.jpeg,data/demo/images/chicken_000280.jpeg,chicken,cat,0.458,train,animals10,ann_1,True,True,,0.542,0.8166954335435913,0.04838709677419355,300,300,3861.552298861111,95.37208888888888,66.94562316514707,1.0,False,1.0,,8655b86adf859859,0.0,,,,0.3977777777777778,0.4217218637992831,0.4217218637992831,hard_example,model_disagreement;high_entropy;low_confidence,send_to_review,96.94892361111111,0.060222222222222226,0.458,0.060222222222222226,0.060222222222222226,0.060222222222222226,0.060222222222222226,0.060222222222222226,0.060222222222222226,0.060222222222222226,0.060222222222222226
281,chicken_000281.jpeg,data/demo/images/chicken_000281.jpeg,chicken,chicken,0.827,train,animals10,ann_3,True,True,,0.17300000000000004,0.36512491754882076,0.04838709677419355,300,225,4733.892353775803,125.08122962962963,45.30676470101564,0.7,False,1.0,,d1d3afd381c4352a,0.0,,,,0.0,0.2115774193548387,0.2115774193548387,ok,,keep,96.94892361111111,0.019222222222222227,0.019222222222222227,0.827,0.019222222222222227,0.019222222222222227,0.019222222222222227,0.019222222222222227,0.019222222222222227,0.019222222222222227,0.019222222222222227
282,chicken_000282.jpeg,data/demo/images/chicken_000282.jpeg,chicken,chicken,0.945,train,animals10,ann_2,True,True,,0.05500000000000005,0.14498032671278155,0.04838709677419355,300,225,2263.1003220356656,105.39546666666666,37.49871610894511,0.7,False,1.0,,c747ac7d4383392c,0.0,,,,0.0,0.17617741935483872,0.17617741935483872,ok,,keep,96.94892361111111,0.006111111111111117,0.006111111111111117,0.945,0.006111111111111117,0.006111111111111117,0.006111111111111117,0.006111111111111117,0.006111111111111117,0.006111111111111117,0.006111111111111117
283,chicken_000283.jpeg,data/demo/images/chicken_000283.jpeg,chicken,chicken,0.927,train,animals10,ann_1,True,True,,0.07299999999999995,0.18315421650538397,0.04838709677419355,300,249,3655.5458953133375,104.38072289156626,65.37614819558492,0.7,False,1.0,,c18f3ef8b1540e5a,0.0,,,,0.0,0.18157741935483868,0.18157741935483868,ok,,keep,96.94892361111111,0.008111111111111105,0.008111111111111105,0.927,0.008111111111111105,0.008111111111111105,0.008111111111111105,0.008111111111111105,0.008111111111111105,0.008111111111111105,0.008111111111111105
284,chicken_000284.jpeg,data/demo/images/chicken_000284.jpeg,chicken,chicken,0.971,train,animals10,ann_3,True,True,,0.029000000000000026,0.08467361425105385,0.04838709677419355,225,300,1542.9471899239504,109.30988148148148,55.03085050043083,0.7,False,1.0,,eccb993590c24b3d,0.0,,,,0.0,0.16837741935483871,0.16837741935483871,ok,,keep,96.94892361111111,0.0032222222222222253,0.0032222222222222253,0.971,0.0032222222222222253,0.0032222222222222253,0.0032222222222222253,0.0032222222222222253,0.0032222222222222253,0.0032222222222222253,0.0032222222222222253
285,chicken_000285.jpeg,data/demo/images/chicken_000285.jpeg,chicken,chicken,0.945,train,animals10,ann_2,True,True,,0.05500000000000005,0.14498032671278155,0.04838709677419355,300,200,3928.9664744530555,114.65366666666667,61.70507072536439,0.7,False,1.0,,e89c9e63226587cd,0.0,,,,0.0,0.17617741935483872,0.17617741935483872,ok,,keep,96.94892361111111,0.006111111111111117,0.006111111111111117,0.945,0.006111111111111117,0.006111111111111117,0.006111111111111117,0.006111111111111117,0.006111111111111117,0.006111111111111117,0.006111111111111117
286,chicken_000286.jpeg,data/demo/images/chicken_000286.jpeg,chicken,squirrel,0.626,train,animals10,ann_2,True,True,,0.374,0.6439771823746542,0.04838709677419355,300,200,787.996867928889,118.07196666666667,68.05894151982449,0.7,False,1.0,,e9b885e696e2133c,0.0,,,,0.5844444444444444,0.41798853046594986,0.41798853046594986,suspected_label_error,model_disagreement;suspected_label_error,recheck_label,96.94892361111111,0.041555555555555554,0.041555555555555554,0.041555555555555554,0.041555555555555554,0.041555555555555554,0.041555555555555554,0.041555555555555554,0.041555555555555554,0.041555555555555554,0.626
287,chicken_000287.jpeg,data/demo/images/chicken_000287.jpeg,chicken,chicken,0.847,train,animals10,ann_1,True,True,,0.15300000000000002,0.3318240621360707,0.04838709677419355,180,180,914.6969199778997,115.83756172839506,58.013870757153164,0.7,False,1.0,,9232b32b58d59bb2,0.0,,,,0.0,0.2055774193548387,0.2055774193548387,ok,,keep,96.94892361111111,0.017,0.017,0.847,0.017,0.017,0.017,0.017,0.017,0.017,0.017
288,chicken_000288.jpeg,data/demo/images/chicken_000288.jpeg,chicken,cow,0.662,train,animals10,ann_4,True,True,,0.33799999999999997,0.6003521301446184,0.04838709677419355,169,300,8955.589788351246,89.59108481262328,64.18416524695502,0.7,False,1.0,,ffe1c2728e0d4c32,0.0,,,,0.6244444444444445,0.41718853046594984,0.41718853046594984,suspected_label_error,model_disagreement;suspected_label_error,recheck_label,96.94892361111111,0.03755555555555555,0.03755555555555555,0.03755555555555555,0.662,0.03755555555555555,0.03755555555555555,0.03755555555555555,0.03755555555555555,0.03755555555555555,0.03755555555555555
289,chicken_000289.jpeg,data/demo/images/chicken_000289.jpeg,chicken,chicken,0.89,train,animals10,ann_1,True,True,,0.10999999999999999,0.25545637041400393,0.04838709677419355,300,225,2683.8443017402474,123.80503703703704,58.25985572796308,0.7,False,1.0,,e71a9c26730e0a6f,0.0,,,,0.0,0.1926774193548387,0.1926774193548387,ok,,keep,96.94892361111111,0.012222222222222221,0.012222222222222221,0.89,0.012222222222222221,0.012222222222222221,0.012222222222222221,0.012222222222222221,0.012222222222222221,0.012222222222222221,0.012222222222222221
290,chicken_000290.jpeg,data/demo/images/chicken_000290.jpeg,chicken,chicken,0.881,train,animals10,ann_2,True,True,,0.119,0.27204099056360964,0.04838709677419355,300,225,6993.561472798025,134.49555555555557,55.40247857360504,0.7,False,1.0,,e8cac3e238cee6c4,0.0,,,,0.0,0.1953774193548387,0.1953774193548387,ok,,keep,96.94892361111111,0.013222222222222222,0.013222222222222222,0.881,0.013222222222222222,0.013222222222222222,0.013222222222222222,0.013222222222222222,0.013222222222222222,0.013222222222222222,0.013222222222222222
291,chicken_000291.jpeg,data/demo/images/chicken_000291.jpeg,chicken,chicken,0.942,train,animals10,ann_3,True,True,,0.05800000000000005,0.15151128714699563,0.04838709677419355,300,169,2968.493629779147,116.30098619329388,51.39562083715397,0.7,False,1.0,,f36bcea530287643,0.0,,,,0.0,0.17707741935483873,0.17707741935483873,ok,,keep,96.94892361111111,0.0064444444444444506,0.0064444444444444506,0.942,0.0064444444444444506,0.0064444444444444506,0.0064444444444444506,0.0064444444444444506,0.0064444444444444506,0.0064444444444444506,0.0064444444444444506
292,chicken_000292.jpeg,data/demo/images/chicken_000292.jpeg,chicken,chicken,0.564,train,animals10,ann_3,True,True,,0.43600000000000005,0.7135122058048925,0.04838709677419355,300,225,3700.5408706291355,142.6002074074074,42.65636771484006,0.7,False,1.0,,af15d8ebb6e0e084,0.0,,,,0.0,0.29047741935483873,0.29047741935483873,hard_example,high_entropy,send_to_review,96.94892361111111,0.04844444444444445,0.04844444444444445,0.564,0.04844444444444445,0.04844444444444445,0.04844444444444445,0.04844444444444445,0.04844444444444445,0.04844444444444445,0.04844444444444445
293,chicken_000293.jpeg,data/demo/images/chicken_000293.jpeg,chicken,chicken,0.826,train,animals10,ann_3,True,True,,0.17400000000000004,0.3667571040116898,0.04838709677419355,300,169,3080.1292794229894,123.30996055226825,42.3949407986836,0.7,False,1.0,,a55d9be663008cde,0.0,,,,0.0,0.21187741935483873,0.21187741935483873,ok,,keep,96.94892361111111,0.019333333333333338,0.019333333333333338,0.826,0.019333333333333338,0.019333333333333338,0.019333333333333338,0.019333333333333338,0.019333333333333338,0.019333333333333338,0.019333333333333338
294,chicken_000294.jpeg,data/demo/images/chicken_000294.jpeg,chicken,chicken,0.893,train,animals10,ann_3,True,True,,0.10699999999999998,0.24984952716727368,0.04838709677419355,300,300,2876.8775649772842,144.28155555555554,71.15323631136005,1.0,False,1.0,,8191f468eb74d96c,0.0,,,,0.0,0.19177741935483872,0.19177741935483872,ok,,keep,96.94892361111111,0.011888888888888886,0.011888888888888886,0.893,0.011888888888888886,0.011888888888888886,0.011888888888888886,0.011888888888888886,0.011888888888888886,0.011888888888888886,0.011888888888888886
295,chicken_000295.jpeg,data/demo/images/chicken_000295.jpeg,chicken,chicken,0.856,train,animals10,ann_4,True,True,,0.14400000000000002,0.316409175590959,0.04838709677419355,300,240,1476.330885360918,92.88280555555555,48.88278854016198,0.7,False,1.0,,d1e42cdd633998f0,0.0,,,,0.0,0.20287741935483872,0.20287741935483872,ok,,keep,96.94892361111111,0.016,0.016,0.856,0.016,0.016,0.016,0.016,0.016,0.016,0.016
296,chicken_000296.jpeg,data/demo/images/chicken_000296.jpeg,chicken,chicken,0.85,train,animals10,ann_1,True,True,,0.15000000000000002,0.3267165963574531,0.04838709677419355,225,224,20189.60257928792,92.3872619047619,51.57916234812834,0.7,False,1.0,,c1c33e38ce951367,0.0,,,,0.0,0.2046774193548387,0.2046774193548387,ok,,keep,96.94892361111111,0.01666666666666667,0.01666666666666667,0.85,0.01666666666666667,0.01666666666666667,0.01666666666666667,0.01666666666666667,0.01666666666666667,0.01666666666666667,0.01666666666666667
297,chicken_000297.jpeg,data/demo/images/chicken_000297.jpeg,chicken,chicken,0.97,train,animals10,ann_3,True,True,,0.030000000000000027,0.08714505106038822,0.04838709677419355,169,300,5015.533862824208,138.4874358974359,62.67413563856116,0.7,False,1.0,,b6f14df9021f4923,0.0,,,,0.0,0.1686774193548387,0.1686774193548387,ok,,keep,96.94892361111111,0.003333333333333336,0.003333333333333336,0.97,0.003333333333333336,0.003333333333333336,0.003333333333333336,0.003333333333333336,0.003333333333333336,0.003333333333333336,0.003333333333333336
298,chicken_000298.jpeg,data/demo/images/chicken_000298.jpeg,chicken,chicken,0.899,train,animals10,ann_1,True,True,,0.10099999999999998,0.23851206749020762,0.04838709677419355,300,266,299.80978327711506,122.31453634085213,53.05873101162964,1.0,False,1.0,,963368c9656f661c,0.0,,,,0.0,0.1899774193548387,0.1899774193548387,ok,,keep,96.94892361111111,0.01122222222222222,0.01122222222222222,0.899,0.01122222222222222,0.01122222222222222,0.01122222222222222,0.01122222222222222,0.01122222222222222,0.01122222222222222,0.01122222222222222
299,chicken_000299.jpeg,data/demo/images/chicken_000299.jpeg,chicken,chicken,0.928,train,animals10,ann_1,True,True,,0.07199999999999995,0.1810929946625314,0.04838709677419355,300,200,13272.848072333336,140.92703333333333,48.68767101843021,0.7,False,1.0,,e0ccc7b39c5c7262,0.0,,,,0.0,0.18127741935483868,0.18127741935483868,ok,,keep,96.94892361111111,0.007999999999999995,0.007999999999999995,0.928,0.007999999999999995,0.007999999999999995,0.007999999999999995,0.007999999999999995,0.007999999999999995,0.007999999999999995,0.007999999999999995
300,chicken_000300.jpeg,data/demo/images/chicken_000300.jpeg,chicken,chicken,0.914,train,animals10,ann_1,True,True,,0.08599999999999997,0.2093931617611685,0.04838709677419355,300,169,2220.194514874207,84.17585798816567,59.82412290592372,0.7,False,1.0,,d2c26cf7cb249349,0.0,,,,0.0,0.1854774193548387,0.1854774193548387,ok,,keep,96.94892361111111,0.009555555555555552,0.009555555555555552,0.914,0.009555555555555552,0.009555555555555552,0.009555555555555552,0.009555555555555552,0.009555555555555552,0.009555555555555552,0.009555555555555552
301,chicken_000301.jpeg,data/demo/images/chicken_000301.jpeg,chicken,chicken,0.847,train,animals10,ann_3,True,True,,0.15300000000000002,0.3318240621360707,0.04838709677419355,300,200,4142.362187919722,127.9582,50.32800068311874,0.7,False,1.0,,bc8cc3e33793321c,0.0,,,,0.0,0.2055774193548387,0.2055774193548387,ok,,keep,96.94892361111111,0.017,0.017,0.847,0.017,0.017,0.017,0.017,0.017,0.017,0.017
302,chicken_000302.jpeg,data/demo/images/chicken_000302.jpeg,chicken,chicken,0.915,train,animals10,ann_4,True,True,,0.08499999999999996,0.20740969920288294,0.04838709677419355,300,300,3956.838275687778,119.1917888888889,56.70411591292596,1.0,False,1.0,,96866b799db1a826,0.0,,,,0.0,0.1851774193548387,0.1851774193548387,ok,,keep,96.94892361111111,0.009444444444444441,0.009444444444444441,0.915,0.009444444444444441,0.009444444444444441,0.009444444444444441,0.009444444444444441,0.009444444444444441,0.009444444444444441,0.009444444444444441
303,chicken_000303.jpeg,data/demo/images/chicken_000303.jpeg,chicken,chicken,0.936,train,animals10,ann_3,True,True,,0.06399999999999995,0.16436180350733687,0.04838709677419355,300,200,377.09677103999996,128.86495,51.69020614678858,0.7,False,1.0,,e4e4cf93b119b1c8,0.0,,,,0.0,0.1788774193548387,0.1788774193548387,ok,,keep,96.94892361111111,0.007111111111111105,0.007111111111111105,0.936,0.007111111111111105,0.007111111111111105,0.007111111111111105,0.007111111111111105,0.007111111111111105,0.007111111111111105,0.007111111111111105
304,chicken_000304.jpeg,data/demo/images/chicken_000304.jpeg,chicken,chicken,0.915,train,animals10,ann_4,True,True,,0.08499999999999996,0.20740969920288294,0.04838709677419355,300,240,10713.566893980711,118.56554166666666,63.52771297159249,0.7,False,1.0,,974d988e8df3c164,0.0,,,,0.0,0.1851774193548387,0.1851774193548387,ok,,keep,96.94892361111111,0.009444444444444441,0.009444444444444441,0.915,0.009444444444444441,0.009444444444444441,0.009444444444444441,0.009444444444444441,0.009444444444444441,0.009444444444444441,0.009444444444444441
305,chicken_000305.jpeg,data/demo/images/chicken_000305.jpeg,chicken,chicken,0.972,train,animals10,ann_4,True,True,,0.028000000000000025,0.08218675153543593,0.04838709677419355,300,200,297.82473359888894,165.30616666666666,32.166451394357374,0.7,False,1.0,,b863c73870c739c6,0.0,,,,0.0,0.16807741935483872,0.16807741935483872,ok,,keep,96.94892361111111,0.003111111111111114,0.003111111111111114,0.972,0.003111111111111114,0.003111111111111114,0.003111111111111114,0.003111111111111114,0.003111111111111114,0.003111111111111114,0.003111111111111114
306,chicken_000306.jpeg,data/demo/images/chicken_000306.jpeg,chicken,chicken,0.893,train,animals10,ann_1,True,True,,0.10699999999999998,0.24984952716727368,0.04838709677419355,300,239,12056.256577507786,92.72203626220363,61.79839654601386,0.7,False,1.0,,e2cb67560eba1171,0.0,,,,0.0,0.19177741935483872,0.19177741935483872,ok,,keep,96.94892361111111,0.011888888888888886,0.011888888888888886,0.893,0.011888888888888886,0.011888888888888886,0.011888888888888886,0.011888888888888886,0.011888888888888886,0.011888888888888886,0.011888888888888886
307,chicken_000307.jpeg,data/demo/images/chicken_000307.jpeg,chicken,chicken,0.921,train,animals10,ann_2,True,True,,0.07899999999999996,0.1953894942795192,0.04838709677419355,300,225,2341.3527472098767,152.07754074074074,80.17878893348872,0.7,False,1.0,,b9cd9390cb96cc34,0.0,,,,0.0,0.1833774193548387,0.1833774193548387,ok,,keep,96.94892361111111,0.008777777777777773,0.008777777777777773,0.921,0.008777777777777773,0.008777777777777773,0.008777777777777773,0.008777777777777773,0.008777777777777773,0.008777777777777773,0.008777777777777773
308,chicken_000308.jpeg,data/demo/images/chicken_000308.jpeg,butterfly,chicken,0.9,train,animals10,ann_1,True,True,,0.09999999999999998,0.23660598810559538,0.024193548387096774,300,225,5527.189815173443,129.66114074074073,50.116731038226845,0.7,False,1.0,,e94f93389ae7c830,0.0,,,,0.9,0.4098387096774193,0.4098387096774193,suspected_label_error,model_disagreement;suspected_label_error,recheck_label,96.94892361111111,0.011111111111111108,0.011111111111111108,0.9,0.011111111111111108,0.011111111111111108,0.011111111111111108,0.011111111111111108,0.011111111111111108,0.011111111111111108,0.011111111111111108
309,chicken_000309.jpeg,data/demo/images/chicken_000309.jpeg,chicken,chicken,0.929,train,animals10,ann_2,True,True,,0.07099999999999995,0.1790252727680998,0.04838709677419355,300,225,3295.3240657479287,129.42561481481482,53.794084145623735,0.7,False,1.0,,d12db456491d67a5,0.0,,,,0.0,0.1809774193548387,0.1809774193548387,ok,,keep,96.94892361111111,0.007888888888888883,0.007888888888888883,0.929,0.007888888888888883,0.007888888888888883,0.007888888888888883,0.007888888888888883,0.007888888888888883,0.007888888888888883,0.007888888888888883
310,chicken_000310.jpeg,data/demo/images/chicken_000310.jpeg,chicken,chicken,0.942,train,animals10,ann_4,True,True,,0.05800000000000005,0.15151128714699563,0.04838709677419355,259,300,1100.3807332886113,84.08662805662806,69.38604779161973,1.0,False,1.0,,bb686870bcb4dc89,0.0,,,,0.0,0.17707741935483873,0.17707741935483873,ok,,keep,96.94892361111111,0.0064444444444444506,0.0064444444444444506,0.942,0.0064444444444444506,0.0064444444444444506,0.0064444444444444506,0.0064444444444444506,0.0064444444444444506,0.0064444444444444506,0.0064444444444444506
311,chicken_000311.jpeg,data/demo/images/chicken_000311.jpeg,chicken,chicken,0.926,train,animals10,ann_4,True,True,,0.07399999999999995,0.1852090204280019,0.04838709677419355,300,202,722.9134207746517,82.18311881188119,30.534089840999467,0.7,False,1.0,,8448d2ff2d41b27e,0.0,,,,0.0,0.1818774193548387,0.1818774193548387,ok,,keep,96.94892361111111,0.008222222222222218,0.008222222222222218,0.926,0.008222222222222218,0.008222222222222218,0.008222222222222218,0.008222222222222218,0.008222222222222218,0.008222222222222218,0.008222222222222218
312,chicken_000312.jpeg,data/demo/images/chicken_000312.jpeg,chicken,chicken,0.95,train,animals10,ann_1,True,True,,0.050000000000000044,0.1339261958878155,0.04838709677419355,300,225,4187.388949918025,95.45952592592593,74.70102983323338,0.7,False,1.0,,a9e1cb5aa40e45eb,0.0,,,,0.0,0.17467741935483871,0.17467741935483871,ok,,keep,96.94892361111111,0.00555555555555556,0.00555555555555556,0.95,0.00555555555555556,0.00555555555555556,0.00555555555555556,0.00555555555555556,0.00555555555555556,0.00555555555555556,0.00555555555555556
313,chicken_000313.jpeg,data/demo/images/chicken_000313.jpeg,chicken,horse,0.652,train,animals10,ann_1,True,True,,0.348,0.6127173796313181,0.04838709677419355,300,299,4009.252075656499,119.87993311036789,74.11147565411083,1.0,False,1.0,,b84df1600f95ec1b,0.0,,,,0.6133333333333334,0.41741075268817207,0.41741075268817207,suspected_label_error,model_disagreement;suspected_label_error,recheck_label,96.94892361111111,0.03866666666666666,0.03866666666666666,0.03866666666666666,0.03866666666666666,0.03866666666666666,0.03866666666666666,0.652,0.03866666666666666,0.03866666666666666,0.03866666666666666
314,chicken_000314.jpeg,data/demo/images/chicken_000314.jpeg,chicken,chicken,0.88,train,animals10,ann_4,True,True,,0.12,0.2738625957719109,0.04838709677419355,300,226,17037.13672129898,114.82339233038348,68.45824635569345,0.7,False,1.0,,fb98d465e9d81a12,0.0,,,,0.0,0.1956774193548387,0.1956774193548387,ok,,keep,96.94892361111111,0.013333333333333332,0.013333333333333332,0.88,0.013333333333333332,0.013333333333333332,0.013333333333333332,0.013333333333333332,0.013333333333333332,0.013333333333333332,0.013333333333333332
315,chicken_000315.jpeg,data/demo/images/chicken_000315.jpeg,cow,chicken,0.958,train,animals10,ann_3,True,True,,0.04200000000000004,0.11575355315954997,0.056451612903225805,300,275,11444.681200734618,132.41826666666665,78.26729057663665,1.0,False,1.0,,eb91855ac26cbc66,0.0,,,,0.958,0.4133903225806451,0.4133903225806451,suspected_label_error,model_disagreement;suspected_label_error,recheck_label,96.94892361111111,0.0046666666666666705,0.0046666666666666705,0.958,0.0046666666666666705,0.0046666666666666705,0.0046666666666666705,0.0046666666666666705,0.0046666666666666705,0.0046666666666666705,0.0046666666666666705
316,chicken_000316.jpeg,data/demo/images/chicken_000316.jpeg,chicken,chicken,0.889,train,animals10,ann_3,True,True,,0.11099999999999999,0.2573163980569815,0.04838709677419355,300,225,4159.216502915995,108.54669629629629,39.19257522528018,0.7,False,1.0,,90e1049c63f3cc7f,0.0,,,,0.0,0.1929774193548387,0.1929774193548387,ok,,keep,96.94892361111111,0.012333333333333332,0.012333333333333332,0.889,0.012333333333333332,0.012333333333333332,0.012333333333333332,0.012333333333333332,0.012333333333333332,0.012333333333333332,0.012333333333333332
317,chicken_000317.jpeg,data/demo/images/chicken_000317.jpeg,chicken,chicken,0.838,train,animals10,ann_4,True,True,,0.16200000000000003,0.3469673622181481,0.04838709677419355,285,300,11709.10343442413,133.31729824561404,54.3385080966915,1.0,False,1.0,,ec9dd332386ea449,0.0,,,,0.0,0.20827741935483873,0.20827741935483873,ok,,keep,96.94892361111111,0.018000000000000002,0.018000000000000002,0.838,0.018000000000000002,0.018000000000000002,0.018000000000000002,0.018000000000000002,0.018000000000000002,0.018000000000000002,0.018000000000000002
318,chicken_000318.jpeg,data/demo/images/chicken_000318.jpeg,chicken,chicken,0.912,train,animals10,ann_4,True,True,,0.08799999999999997,0.21334356878298547,0.04838709677419355,300,225,1577.870164614321,119.28121481481482,56.79755915209152,0.7,False,1.0,,a5a5d93c4ce23693,0.0,,,,0.0,0.18607741935483868,0.18607741935483868,ok,,keep,96.94892361111111,0.009777777777777774,0.009777777777777774,0.912,0.009777777777777774,0.009777777777777774,0.009777777777777774,0.009777777777777774,0.009777777777777774,0.009777777777777774,0.009777777777777774
319,chicken_000319.jpeg,data/demo/images/chicken_000319.jpeg,chicken,chicken,0.829,train,animals10,ann_3,True,True,,0.17100000000000004,0.36185142406794485,0.04838709677419355,300,225,5210.492752821728,120.9530962962963,48.78656243389826,0.7,False,1.0,,bd09ca9c1f2330fa,0.0,,,,0.0,0.2109774193548387,0.2109774193548387,ok,,keep,96.94892361111111,0.019000000000000003,0.019000000000000003,0.829,0.019000000000000003,0.019000000000000003,0.019000000000000003,0.019000000000000003,0.019000000000000003,0.019000000000000003,0.019000000000000003
320,chicken_000320.jpeg,data/demo/images/chicken_000320.jpeg,chicken,chicken,0.919,train,animals10,ann_3,True,True,,0.08099999999999996,0.19941939742863374,0.04838709677419355,300,225,12099.346085886202,142.14795555555557,47.32942978706161,0.7,False,1.0,,d3930c65907fd28e,0.0,,,,0.0,0.1839774193548387,0.1839774193548387,ok,,keep,96.94892361111111,0.008999999999999996,0.008999999999999996,0.919,0.008999999999999996,0.008999999999999996,0.008999999999999996,0.008999999999999996,0.008999999999999996,0.008999999999999996,0.008999999999999996
321,chicken_000321.jpeg,data/demo/images/chicken_000321.jpeg,chicken,chicken,0.83,train,animals10,ann_1,True,True,,0.17000000000000004,0.36021008895529266,0.04838709677419355,300,300,10194.039989416173,125.28157777777778,46.35696283023674,1.0,False,1.0,,b6c7cb3662c96c82,0.0,,,,0.0,0.21067741935483872,0.21067741935483872,ok,,keep,96.94892361111111,0.018888888888888893,0.018888888888888893,0.83,0.018888888888888893,0.018888888888888893,0.018888888888888893,0.018888888888888893,0.018888888888888893,0.018888888888888893,0.018888888888888893
322,chicken_000322.jpeg,data/demo/images/chicken_000322.jpeg,chicken,chicken,0.95,train,animals10,ann_1,True,True,,0.050000000000000044,0.1339261958878155,0.04838709677419355,300,225,313.4614318202469,93.28881481481481,50.57988453264872,0.7,False,1.0,,9da62792946d5b92,0.0,,,,0.0,0.17467741935483871,0.17467741935483871,ok,,keep,96.94892361111111,0.00555555555555556,0.00555555555555556,0.95,0.00555555555555556,0.00555555555555556,0.00555555555555556,0.00555555555555556,0.00555555555555556,0.00555555555555556,0.00555555555555556
323,chicken_000323.jpeg,data/demo/images/chicken_000323.jpeg,chicken,chicken,0.881,train,animals10,ann_4,True,True,,0.119,0.27204099056360964,0.04838709677419355,300,200,1902.7851770122224,84.11526666666667,72.6080623181445,0.7,False,1.0,,d9c206f92934db87,0.0,,,,0.0,0.1953774193548387,0.1953774193548387,ok,,keep,96.94892361111111,0.013222222222222222,0.013222222222222222,0.881,0.013222222222222222,0.013222222222222222,0.013222222222222222,0.013222222222222222,0.013222222222222222,0.013222222222222222,0.013222222222222222
324,chicken_000324.jpeg,data/demo/images/chicken_000324.jpeg,chicken,chicken,0.876,train,animals10,ann_2,True,True,,0.124,0.2811081808641757,0.04838709677419355,290,300,997.8395184653191,131.65637931034482,67.53052544849905,1.0,False,1.0,,90782fc7291837ee,0.0,,,,0.0,0.1968774193548387,0.1968774193548387,ok,,keep,96.94892361111111,0.013777777777777778,0.013777777777777778,0.876,0.013777777777777778,0.013777777777777778,0.013777777777777778,0.013777777777777778,0.013777777777777778,0.013777777777777778,0.013777777777777778
325,chicken_000325.jpeg,data/demo/images/chicken_000325.jpeg,chicken,chicken,0.915,train,animals10,ann_1,True,True,,0.08499999999999996,0.20740969920288294,0.04838709677419355,300,225,6747.304738551221,97.56394074074075,60.49314488641122,0.7,False,1.0,,8d69956417f2562b,0.0,,,,0.0,0.1851774193548387,0.1851774193548387,ok,,keep,96.94892361111111,0.009444444444444441,0.009444444444444441,0.915,0.009444444444444441,0.009444444444444441,0.009444444444444441,0.009444444444444441,0.009444444444444441,0.009444444444444441,0.009444444444444441
326,chicken_000326.jpeg,data/demo/images/chicken_000326.jpeg,chicken,chicken,0.455,train,animals10,ann_3,True,True,,0.5449999999999999,0.819330884081731,0.04838709677419355,300,225,9914.314821680988,130.2594962962963,75.95856342749319,0.7,False,1.0,,f2988c639333b9b4,0.0,,,,0.0,0.3231774193548387,0.3231774193548387,hard_example,high_entropy;low_confidence,send_to_review,96.94892361111111,0.06055555555555555,0.06055555555555555,0.455,0.06055555555555555,0.06055555555555555,0.06055555555555555,0.06055555555555555,0.06055555555555555,0.06055555555555555,0.06055555555555555
327,chicken_000327.jpeg,data/demo/images/chicken_000327.jpeg,sheep,chicken,0.964,train,animals10,ann_3,True,True,,0.03600000000000003,0.10167557528692026,0.04838709677419355,300,260,5946.980561472716,103.74042307692308,77.1284243179499,1.0,False,1.0,,85b3abd6e54c9524,0.0,,,,0.964,0.4114774193548387,0.4114774193548387,suspected_label_error,model_disagreement;suspected_label_error,recheck_label,96.94892361111111,0.0040000000000000036,0.0040000000000000036,0.964,0.0040000000000000036,0.0040000000000000036,0.0040000000000000036,0.0040000000000000036,0.0040000000000000036,0.0040000000000000036,0.0040000000000000036
328,chicken_000328.jpeg,data/demo/images/chicken_000328.jpeg,spider,chicken,0.978,train,animals10,ann_4,True,True,,0.02200000000000002,0.06690863190435845,0.03225806451612903,280,300,2880.222284491922,125.27054761904762,54.97449230312025,1.0,False,1.0,,ec93ce986799384a,0.0,,,,0.978,0.40755161290322584,0.40755161290322584,suspected_label_error,model_disagreement;suspected_label_error,recheck_label,96.94892361111111,0.0024444444444444466,0.0024444444444444466,0.978,0.0024444444444444466,0.0024444444444444466,0.0024444444444444466,0.0024444444444444466,0.0024444444444444466,0.0024444444444444466,0.0024444444444444466
329,chicken_000329.jpeg,data/demo/images/chicken_000329.jpeg,chicken,chicken,0.836,train,animals10,ann_4,True,True,,0.16400000000000003,0.3502969281862645,0.04838709677419355,300,226,9830.958918860566,120.91545722713865,42.74846603206691,0.7,False,1.0,,e15e98276d51866d,0.0,,,,0.0,0.20887741935483872,0.20887741935483872,ok,,keep,96.94892361111111,0.018222222222222226,0.018222222222222226,0.836,0.018222222222222226,0.018222222222222226,0.018222222222222226,0.018222222222222226,0.018222222222222226,0.018222222222222226,0.018222222222222226
330,chicken_000330.jpeg,data/demo/images/chicken_000330.jpeg,chicken,chicken,0.874,train,animals10,ann_3,True,True,,0.126,0.2847068710391291,0.04838709677419355,250,166,2464.9120643408332,99.9678795180723,39.334625043475185,0.7,False,1.0,,e5439dac6b93242b,0.0,,,,0.0,0.1974774193548387,0.1974774193548387,ok,,keep,96.94892361111111,0.014,0.014,0.874,0.014,0.014,0.014,0.014,0.014,0.014,0.014
331,chicken_000331.jpeg,data/demo/images/chicken_000331.jpeg,chicken,chicken,0.975,train,animals10,ann_2,True,True,,0.025000000000000022,0.07462805787016473,0.04838709677419355,300,200,1985.277929399722,146.9431,50.08359307920443,0.7,False,1.0,,b4b78348380f6737,0.0,,,,0.0,0.1671774193548387,0.1671774193548387,ok,,keep,96.94892361111111,0.00277777777777778,0.00277777777777778,0.975,0.00277777777777778,0.00277777777777778,0.00277777777777778,0.00277777777777778,0.00277777777777778,0.00277777777777778,0.00277777777777778
332,chicken_000332.jpeg,data/demo/images/chicken_000332.jpeg,chicken,chicken,0.946,train,animals10,ann_2,True,True,,0.05400000000000005,0.14278681310024288,0.04838709677419355,300,225,2247.523097449877,110.42402962962963,71.19810353528628,0.7,False,1.0,,ff69c0138f6887b0,0.0,,,,0.0,0.17587741935483872,0.17587741935483872,ok,,keep,96.94892361111111,0.006000000000000005,0.006000000000000005,0.946,0.006000000000000005,0.006000000000000005,0.006000000000000005,0.006000000000000005,0.006000000000000005,0.006000000000000005,0.006000000000000005
333,chicken_000333.jpeg,data/demo/images/chicken_000333.jpeg,chicken,squirrel,0.542,train,animals10,ann_2,True,True,,0.45799999999999996,0.7365390627506881,0.04838709677419355,232,300,1611.128867706888,128.5223275862069,57.75558206874538,0.7,False,1.0,,e999c6a63a9c2d19,0.0,,,,0.49111111111111116,0.41985519713261654,0.41985519713261654,hard_example,model_disagreement;high_entropy;low_confidence,send_to_review,96.94892361111111,0.050888888888888886,0.050888888888888886,0.050888888888888886,0.050888888888888886,0.050888888888888886,0.050888888888888886,0.050888888888888886,0.050888888888888886,0.050888888888888886,0.542
334,chicken_000334.jpeg,data/demo/images/chicken_000334.jpeg,chicken,chicken,0.935,train,animals10,ann_1,True,True,,0.06499999999999995,0.1664775344230218,0.04838709677419355,200,300,3050.660824226667,120.4547,55.45812156853133,0.7,False,1.0,,edcbd0341b8665c9,0.0,,,,0.0,0.1791774193548387,0.1791774193548387,ok,,keep,96.94892361111111,0.007222222222222217,0.007222222222222217,0.935,0.007222222222222217,0.007222222222222217,0.007222222222222217,0.007222222222222217,0.007222222222222217,0.007222222222222217,0.007222222222222217
335,chicken_000335.jpeg,data/demo/images/chicken_000335.jpeg,chicken,chicken,0.911,train,animals10,ann_4,True,True,,0.08899999999999997,0.21531062698335654,0.04838709677419355,300,275,12509.863455990599,102.62545454545455,65.44503949491022,1.0,False,1.0,,b64a630f681d2adb,0.0,,,,0.0,0.1863774193548387,0.1863774193548387,ok,,keep,96.94892361111111,0.009888888888888885,0.009888888888888885,0.911,0.009888888888888885,0.009888888888888885,0.009888888888888885,0.009888888888888885,0.009888888888888885,0.009888888888888885,0.009888888888888885
336,chicken_000336.jpeg,data/demo/images/chicken_000336.jpeg,chicken,chicken,0.832,train,animals10,ann_3,True,True,,0.16800000000000004,0.35691817043903473,0.04838709677419355,300,225,276.4310545758024,122.51705185185185,42.67156523499834,0.7,False,1.0,,b0879e9339199975,0.0,,,,0.0,0.2100774193548387,0.2100774193548387,ok,,keep,96.94892361111111,0.01866666666666667,0.01866666666666667,0.832,0.01866666666666667,0.01866666666666667,0.01866666666666667,0.01866666666666667,0.01866666666666667,0.01866666666666667,0.01866666666666667
337,chicken_000337.jpeg,data/demo/images/chicken_000337.jpeg,chicken,chicken,0.926,val,animals10,ann_3,True,True,,0.07399999999999995,0.1852090204280019,0.04838709677419355,300,200,12000.735007644169,106.70528333333333,46.287459339289605,0.7,False,1.0,,a5cccd21c49eb197,0.0,,,,0.0,0.1818774193548387,0.1818774193548387,ok,,keep,96.94892361111111,0.008222222222222218,0.008222222222222218,0.926,0.008222222222222218,0.008222222222222218,0.008222222222222218,0.008222222222222218,0.008222222222222218,0.008222222222222218,0.008222222222222218
338,chicken_000338.jpeg,data/demo/images/chicken_000338.jpeg,chicken,chicken,0.92,val,animals10,ann_4,True,True,,0.07999999999999996,0.19740739629493498,0.04838709677419355,300,225,1134.76018653476,122.208,69.61015695151688,0.7,False,1.0,,ad0dcaf918e499e4,0.0,,,,0.0,0.1836774193548387,0.1836774193548387,ok,,keep,96.94892361111111,0.008888888888888884,0.008888888888888884,0.92,0.008888888888888884,0.008888888888888884,0.008888888888888884,0.008888888888888884,0.008888888888888884,0.008888888888888884,0.008888888888888884
339,chicken_000339.jpeg,data/demo/images/chicken_000339.jpeg,chicken,chicken,0.961,val,animals10,ann_2,True,True,,0.039000000000000035,0.10876675830168384,0.04838709677419355,300,225,7027.365515982661,110.0385037037037,44.642908595152846,0.7,False,1.0,,ecb0cf0a94873cc7,0.0,,,,0.0,0.17137741935483872,0.17137741935483872,ok,,keep,96.94892361111111,0.0043333333333333375,0.0043333333333333375,0.961,0.0043333333333333375,0.0043333333333333375,0.0043333333333333375,0.0043333333333333375,0.0043333333333333375,0.0043333333333333375,0.0043333333333333375
340,chicken_000340.jpeg,data/demo/images/chicken_000340.jpeg,chicken,chicken,0.974,val,animals10,ann_4,True,True,,0.026000000000000023,0.07716456985546556,0.04838709677419355,300,225,1698.015126426118,103.77594074074074,53.67020489754662,0.7,False,1.0,,922d54857c11fbea,0.0,,,,0.0,0.1674774193548387,0.1674774193548387,ok,,keep,96.94892361111111,0.0028888888888888914,0.0028888888888888914,0.974,0.0028888888888888914,0.0028888888888888914,0.0028888888888888914,0.0028888888888888914,0.0028888888888888914,0.0028888888888888914,0.0028888888888888914
341,chicken_000341.jpeg,data/demo/images/chicken_000341.jpeg,chicken,chicken,0.949,val,animals10,ann_4,True,True,,0.051000000000000045,0.13615464906396568,0.04838709677419355,300,169,564.8105291563087,210.50069033530573,62.54406903548527,0.7,False,1.0,,eef3919dc48c4c4c,0.0,,,,0.0,0.1749774193548387,0.1749774193548387,ok,,keep,96.94892361111111,0.005666666666666671,0.005666666666666671,0.949,0.005666666666666671,0.005666666666666671,0.005666666666666671,0.005666666666666671,0.005666666666666671,0.005666666666666671,0.005666666666666671
342,chicken_000342.jpeg,data/demo/images/chicken_000342.jpeg,chicken,chicken,0.83,val,animals10,ann_2,True,True,,0.17000000000000004,0.36021008895529266,0.04838709677419355,300,267,3215.338414780526,147.2585268414482,56.96547790754982,1.0,False,1.0,,bdcdc3f232933244,0.0,,,,0.0,0.21067741935483872,0.21067741935483872,ok,,keep,96.94892361111111,0.018888888888888893,0.018888888888888893,0.83,0.018888888888888893,0.018888888888888893,0.018888888888888893,0.018888888888888893,0.018888888888888893,0.018888888888888893,0.018888888888888893
343,chicken_000343.jpeg,data/demo/images/chicken_000343.jpeg,chicken,chicken,0.844,val,animals10,ann_3,True,True,,0.15600000000000003,0.336901364834241,0.04838709677419355,300,199,1894.5078526198834,144.2702512562814,50.62270128639433,0.7,False,1.0,,a93937332d19a726,0.0,,,,0.0,0.2064774193548387,0.2064774193548387,ok,,keep,96.94892361111111,0.017333333333333336,0.017333333333333336,0.844,0.017333333333333336,0.017333333333333336,0.017333333333333336,0.017333333333333336,0.017333333333333336,0.017333333333333336,0.017333333333333336
344,chicken_000344.jpeg,data/demo/images/chicken_000344.jpeg,chicken,chicken,0.958,val,animals10,ann_1,True,True,,0.04200000000000004,0.11575355315954997,0.04838709677419355,300,225,1751.428306836543,122.93819259259259,58.04382075632631,0.7,False,1.0,,ff7ed0072a5055a8,0.0,,,,0.0,0.1722774193548387,0.1722774193548387,ok,,keep,96.94892361111111,0.0046666666666666705,0.0046666666666666705,0.958,0.0046666666666666705,0.0046666666666666705,0.0046666666666666705,0.0046666666666666705,0.0046666666666666705,0.0046666666666666705,0.0046666666666666705
345,chicken_000345.jpeg,data/demo/images/chicken_000345.jpeg,chicken,chicken,0.863,val,animals10,ann_3,True,True,,0.137,0.3042231850475893,0.04838709677419355,236,300,296.17297029090463,121.23937853107344,57.616797247308924,0.7,False,1.0,,a98b953432c6e53b,0.0,,,,0.0,0.20077741935483873,0.20077741935483873,ok,,keep,96.94892361111111,0.015222222222222224,0.015222222222222224,0.863,0.015222222222222224,0.015222222222222224,0.015222222222222224,0.015222222222222224,0.015222222222222224,0.015222222222222224,0.015222222222222224
346,chicken_000346.jpeg,data/demo/images/chicken_000346.jpeg,chicken,chicken,0.916,val,animals10,ann_4,True,True,,0.08399999999999996,0.2054206525410096,0.04838709677419355,300,169,5313.35979142148,115.46820512820513,38.4136968470484,0.7,False,1.0,,f3c91139007ff919,0.0,,,,0.0,0.1848774193548387,0.1848774193548387,ok,,keep,96.94892361111111,0.009333333333333329,0.009333333333333329,0.916,0.009333333333333329,0.009333333333333329,0.009333333333333329,0.009333333333333329,0.009333333333333329,0.009333333333333329,0.009333333333333329
347,chicken_000347.jpeg,data/demo/images/chicken_000347.jpeg,chicken,chicken,0.824,val,animals10,ann_3,True,True,,0.17600000000000005,0.3700124253446628,0.04838709677419355,300,263,1650.9700455693865,131.29622306717363,57.35312499284183,1.0,False,1.0,,bb87c438d8c6c32b,0.0,,,,0.0,0.21247741935483871,0.21247741935483871,ok,,keep,96.94892361111111,0.019555555555555562,0.019555555555555562,0.824,0.019555555555555562,0.019555555555555562,0.019555555555555562,0.019555555555555562,0.019555555555555562,0.019555555555555562,0.019555555555555562
348,chicken_000348.jpeg,data/demo/images/chicken_000348.jpeg,chicken,chicken,0.89,val,animals10,ann_1,True,True,,0.10999999999999999,0.25545637041400393,0.04838709677419355,300,267,8290.211211297987,101.99372034956305,45.20656982753981,1.0,False,1.0,,8c45cf3a31a14ede,0.0,,,,0.0,0.1926774193548387,0.1926774193548387,ok,,keep,96.94892361111111,0.012222222222222221,0.012222222222222221,0.89,0.012222222222222221,0.012222222222222221,0.012222222222222221,0.012222222222222221,0.012222222222222221,0.012222222222222221,0.012222222222222221
349,chicken_000349.jpeg,data/demo/images/chicken_000349.jpeg,chicken,chicken,0.864,test,animals10,ann_1,True,True,,0.136,0.30246781190069,0.04838709677419355,242,300,3290.1154130971627,104.10363636363637,47.62746652976701,0.7,False,1.0,,85c2725a1ccf23b7,0.0,,,,0.0,0.2004774193548387,0.2004774193548387,ok,,keep,96.94892361111111,0.015111111111111112,0.015111111111111112,0.864,0.015111111111111112,0.015111111111111112,0.015111111111111112,0.015111111111111112,0.015111111111111112,0.015111111111111112,0.015111111111111112
350,chicken_000350.jpeg,data/demo/images/chicken_000350.jpeg,chicken,chicken,0.949,test,animals10,ann_2,True,True,,0.051000000000000045,0.13615464906396568,0.04838709677419355,300,169,5983.668211961143,116.79232741617356,50.59525638580033,0.7,False,1.0,,d7f56c8333231a23,0.0,,,,0.0,0.1749774193548387,0.1749774193548387,ok,,keep,96.94892361111111,0.005666666666666671,0.005666666666666671,0.949,0.005666666666666671,0.005666666666666671,0.005666666666666671,0.005666666666666671,0.005666666666666671,0.005666666666666671,0.005666666666666671
351,chicken_000351.jpeg,data/demo/images/chicken_000351.jpeg,chicken,chicken,0.827,test,animals10,ann_4,True,True,,0.17300000000000004,0.36512491754882076,0.04838709677419355,300,225,7734.126770320988,117.4825037037037,59.52612029675141,0.7,False,1.0,,c0c0871f7ef385c9,0.0,,,,0.0,0.2115774193548387,0.2115774193548387,ok,,keep,96.94892361111111,0.019222222222222227,0.019222222222222227,0.827,0.019222222222222227,0.019222222222222227,0.019222222222222227,0.019222222222222227,0.019222222222222227,0.019222222222222227,0.019222222222222227
352,chicken_000352.jpeg,data/demo/images/chicken_000352.jpeg,chicken,chicken,0.829,test,animals10,ann_1,True,True,,0.17100000000000004,0.36185142406794485,0.04838709677419355,300,240,5912.754018135803,130.85791666666665,57.00463242475952,0.7,False,1.0,,8baae2519c5ed8e4,0.0,,,,0.0,0.2109774193548387,0.2109774193548387,ok,,keep,96.94892361111111,0.019000000000000003,0.019000000000000003,0.829,0.019000000000000003,0.019000000000000003,0.019000000000000003,0.019000000000000003,0.019000000000000003,0.019000000000000003,0.019000000000000003
353,chicken_000353.jpeg,data/demo/images/chicken_000353.jpeg,chicken,chicken,0.868,test,animals10,ann_1,True,True,,0.132,0.29540912653067897,0.04838709677419355,268,300,8211.14712205391,107.03610696517413,73.96798825058922,1.0,False,1.0,,afecc090e712966b,0.0,,,,0.0,0.19927741935483873,0.19927741935483873,ok,,keep,96.94892361111111,0.014666666666666668,0.014666666666666668,0.868,0.014666666666666668,0.014666666666666668,0.014666666666666668,0.014666666666666668,0.014666666666666668,0.014666666666666668,0.014666666666666668
354,chicken_000354.jpeg,data/demo/images/chicken_000354.jpeg,chicken,chicken,0.885,test,animals10,ann_3,True,True,,0.11499999999999999,0.2647128380343369,0.04838709677419355,300,267,10393.448807929539,123.17081148564294,53.8517861206125,1.0,False,1.0,,fa1d966295a54a93,0.0,,,,0.0,0.1941774193548387,0.1941774193548387,ok,,keep,96.94892361111111,0.012777777777777777,0.012777777777777777,0.885,0.012777777777777777,0.012777777777777777,0.012777777777777777,0.012777777777777777,0.012777777777777777,0.012777777777777777,0.012777777777777777
355,chicken_000355.jpeg,data/demo/images/chicken_000355.jpeg,chicken,chicken,0.962,test,animals10,ann_4,True,True,,0.038000000000000034,0.1064150150439352,0.04838709677419355,300,150,1850.0664181017287,114.37895555555555,52.87258661072991,0.7,False,1.0,,96f0621e9be790e4,0.0,,,,0.0,0.17107741935483872,0.17107741935483872,ok,,keep,96.94892361111111,0.004222222222222226,0.004222222222222226,0.962,0.004222222222222226,0.004222222222222226,0.004222222222222226,0.004222222222222226,0.004222222222222226,0.004222222222222226,0.004222222222222226
356,chicken_000356.jpeg,data/demo/images/chicken_000356.jpeg,chicken,chicken,0.936,test,animals10,ann_2,True,True,,0.06399999999999995,0.16436180350733687,0.04838709677419355,300,300,6182.161483182099,127.68785555555556,71.2654422974123,1.0,False,1.0,,9a8b8086b7f5b465,0.0,,,,0.0,0.1788774193548387,0.1788774193548387,ok,,keep,96.94892361111111,0.007111111111111105,0.007111111111111105,0.936,0.007111111111111105,0.007111111111111105,0.007111111111111105,0.007111111111111105,0.007111111111111105,0.007111111111111105,0.007111111111111105
357,chicken_000357.jpeg,data/demo/images/chicken_000357.jpeg,chicken,chicken,0.911,test,animals10,ann_1,True,True,,0.08899999999999997,0.21531062698335654,0.04838709677419355,225,300,11975.260168746447,106.51672592592593,49.29155229500091,0.7,False,1.0,,ba9ac5c1db3121dc,0.0,,,,0.0,0.1863774193548387,0.1863774193548387,ok,,keep,96.94892361111111,0.009888888888888885,0.009888888888888885,0.911,0.009888888888888885,0.009888888888888885,0.009888888888888885,0.009888888888888885,0.009888888888888885,0.009888888888888885,0.009888888888888885
358,chicken_000358.jpeg,data/demo/images/chicken_000358.jpeg,chicken,chicken,0.953,test,animals10,ann_3,True,True,,0.04700000000000004,0.1271852599694001,0.04838709677419355,300,225,1548.0254209657064,90.12585185185185,53.93257544976615,0.7,False,1.0,,db20cde570d6d138,0.0,,,,0.0,0.1737774193548387,0.1737774193548387,ok,,keep,96.94892361111111,0.005222222222222227,0.005222222222222227,0.953,0.005222222222222227,0.005222222222222227,0.005222222222222227,0.005222222222222227,0.005222222222222227,0.005222222222222227,0.005222222222222227
359,chicken_000359.jpeg,data/demo/images/chicken_000359.jpeg,chicken,chicken,0.834,test,animals10,ann_1,True,True,,0.16600000000000004,0.35361382337745995,0.04838709677419355,300,212,5185.197335528411,76.03064465408805,66.8756540288443,0.7,False,1.0,,9a6c65634d9b919a,0.0,,,,0.0,0.2094774193548387,0.2094774193548387,ok,,keep,96.94892361111111,0.018444444444444447,0.018444444444444447,0.834,0.018444444444444447,0.018444444444444447,0.018444444444444447,0.018444444444444447,0.018444444444444447,0.018444444444444447,0.018444444444444447
360,chicken_000360.jpeg,data/demo/images/chicken_000360.jpeg,chicken,chicken,0.87,test,animals10,ann_4,True,True,,0.13,0.2918571363060806,0.04838709677419355,300,225,4223.855342709246,115.2381925925926,48.98457933306137,0.7,False,1.0,,9ccae2dec9197234,0.0,,,,0.0,0.1986774193548387,0.1986774193548387,ok,,keep,96.94892361111111,0.014444444444444446,0.014444444444444446,0.87,0.014444444444444446,0.014444444444444446,0.014444444444444446,0.014444444444444446,0.014444444444444446,0.014444444444444446,0.014444444444444446
361,cow_000361.jpeg,data/demo/images/cow_000361.jpeg,cow,cow,0.842,train,animals10,ann_4,True,True,,0.15800000000000003,0.34026971136696504,0.056451612903225805,240,160,1843.2416129224987,156.69205729166666,32.457064418449555,0.7,False,1.0,,830afcffb78108d8,0.0,,,,0.0,0.20869032258064515,0.20869032258064515,ok,,keep,96.94892361111111,0.01755555555555556,0.01755555555555556,0.01755555555555556,0.842,0.01755555555555556,0.01755555555555556,0.01755555555555556,0.01755555555555556,0.01755555555555556,0.01755555555555556
362,cow_000362.jpeg,data/demo/images/cow_000362.jpeg,cow,spider,0.601,train,animals10,ann_4,True,True,,0.399,0.6728510138706869,0.056451612903225805,300,214,2516.9179859179844,130.88278816199377,56.02286345977313,0.7,False,1.0,,e92fcac2c435bd14,0.0,,,,0.5566666666666666,0.4201569892473118,0.4201569892473118,suspected_label_error,model_disagreement;suspected_label_error;high_entropy,recheck_label,96.94892361111111,0.044333333333333336,0.044333333333333336,0.044333333333333336,0.044333333333333336,0.044333333333333336,0.044333333333333336,0.044333333333333336,0.044333333333333336,0.601,0.044333333333333336
363,cow_000363.jpeg,data/demo/images/cow_000363.jpeg,cow,cow,0.955,train,animals10,ann_2,True,True,,0.04500000000000004,0.12264312559945706,0.056451612903225805,300,225,2033.8301809327845,125.21678518518519,43.980995354034825,0.7,False,1.0,,ccc2e3e4d14c679a,0.0,,,,0.0,0.17479032258064517,0.17479032258064517,ok,,keep,96.94892361111111,0.0050000000000000044,0.0050000000000000044,0.0050000000000000044,0.955,0.0050000000000000044,0.0050000000000000044,0.0050000000000000044,0.0050000000000000044,0.0050000000000000044,0.0050000000000000044
364,cow_000364.jpeg,data/demo/images/cow_000364.jpeg,cow,cow,0.848,train,animals10,ann_1,True,True,,0.15200000000000002,0.33012494901053396,0.056451612903225805,300,147,2523.1702823802834,153.14358276643992,80.92531183756613,0.7,False,1.0,,afe2c58c3b32c643,0.0,,,,0.0,0.20689032258064516,0.20689032258064516,ok,,keep,96.94892361111111,0.01688888888888889,0.01688888888888889,0.01688888888888889,0.848,0.01688888888888889,0.01688888888888889,0.01688888888888889,0.01688888888888889,0.01688888888888889,0.01688888888888889
365,cow_000365.jpeg,data/demo/images/cow_000365.jpeg,cow,cow,0.832,train,animals10,ann_1,True,True,,0.16800000000000004,0.35691817043903473,0.056451612903225805,300,86,3455.7226900967494,136.74523255813955,63.586992969835556,0.3,False,0.75,low_resolution,f0e39f1c044373b3,0.0,,,,0.0,0.17419032258064515,0.17419032258064515,ok,low_resolution,keep,96.94892361111111,0.01866666666666667,0.01866666666666667,0.01866666666666667,0.832,0.01866666666666667,0.01866666666666667,0.01866666666666667,0.01866666666666667,0.01866666666666667,0.01866666666666667
366,cow_000366.jpeg,data/demo/images/cow_000366.jpeg,cow,cow,0.877,train,animals10,ann_2,True,True,,0.123,0.27930285222902873,0.056451612903225805,300,169,3040.79229554832,107.3780473372781,36.144715968445155,0.7,False,1.0,,cef0b5c28e25598e,0.0,,,,0.0,0.19819032258064515,0.19819032258064515,ok,,keep,96.94892361111111,0.013666666666666667,0.013666666666666667,0.013666666666666667,0.877,0.013666666666666667,0.013666666666666667,0.013666666666666667,0.013666666666666667,0.013666666666666667,0.013666666666666667
367,cow_000367.jpeg,data/demo/images/cow_000367.jpeg,cow,cow,0.905,train,animals10,ann_4,True,True,,0.09499999999999997,0.2270023273706416,0.056451612903225805,300,212,2337.82453356671,128.81511006289307,54.60208097251209,0.7,False,1.0,,d2d177341cc9ccc5,0.0,,,,0.0,0.18979032258064515,0.18979032258064515,ok,,keep,96.94892361111111,0.010555555555555552,0.010555555555555552,0.010555555555555552,0.905,0.010555555555555552,0.010555555555555552,0.010555555555555552,0.010555555555555552,0.010555555555555552,0.010555555555555552
368,cow_000368.jpeg,data/demo/images/cow_000368.jpeg,cow,cow,0.95,train,animals10,ann_1,True,True,,0.050000000000000044,0.1339261958878155,0.056451612903225805,300,178,1744.3328552441471,145.75569288389514,55.40326299044197,0.7,False,1.0,,d8dec7e199187264,0.0,,,,0.0,0.17629032258064517,0.17629032258064517,ok,,keep,96.94892361111111,0.00555555555555556,0.00555555555555556,0.00555555555555556,0.95,0.00555555555555556,0.00555555555555556,0.00555555555555556,0.00555555555555556,0.00555555555555556,0.00555555555555556
369,cow_000369.jpeg,data/demo/images/cow_000369.jpeg,cow,cow,0.828,train,animals10,ann_1,True,True,,0.17200000000000004,0.3634896955546401,0.056451612903225805,300,225,2975.2971868093277,111.26666666666667,39.07867468088976,0.7,False,1.0,,bacac7357c4b013c,0.0,,,,0.0,0.21289032258064516,0.21289032258064516,ok,,keep,96.94892361111111,0.019111111111111117,0.019111111111111117,0.019111111111111117,0.828,0.019111111111111117,0.019111111111111117,0.019111111111111117,0.019111111111111117,0.019111111111111117,0.019111111111111117
370,cow_000370.jpeg,data/demo/images/cow_000370.jpeg,sheep,cow,0.969,train,animals10,ann_3,True,True,,0.031000000000000028,0.08960156097862082,0.04838709677419355,300,220,1976.719415948347,151.62480303030304,62.81673247431039,0.7,False,1.0,,e7d89c659b2ab406,0.0,,,,0.969,0.41122741935483875,0.41122741935483875,suspected_label_error,model_disagreement;suspected_label_error,recheck_label,96.94892361111111,0.0034444444444444475,0.0034444444444444475,0.0034444444444444475,0.969,0.0034444444444444475,0.0034444444444444475,0.0034444444444444475,0.0034444444444444475,0.0034444444444444475,0.0034444444444444475
371,cow_000371.jpeg,data/demo/images/cow_000371.jpeg,cow,cow,0.823,train,animals10,ann_1,True,True,,0.17700000000000005,0.37163558730207785,0.056451612903225805,300,130,5157.244079681788,125.46194871794872,58.61400758720792,0.7,False,1.0,,edd9d0ccc38f1612,0.0,,,,0.0,0.21439032258064517,0.21439032258064517,ok,,keep,96.94892361111111,0.019666666666666673,0.019666666666666673,0.019666666666666673,0.823,0.019666666666666673,0.019666666666666673,0.019666666666666673,0.019666666666666673,0.019666666666666673,0.019666666666666673
372,cow_000372.jpeg,data/demo/images/cow_000372.jpeg,cow,cow,0.851,train,animals10,ann_1,True,True,,0.14900000000000002,0.32500731993810167,0.056451612903225805,222,300,2355.6200216207194,129.66454954954955,52.6325229586735,0.7,False,1.0,,bfe4c09a42453dbc,0.0,,,,0.0,0.20599032258064515,0.20599032258064515,ok,,keep,96.94892361111111,0.01655555555555556,0.01655555555555556,0.01655555555555556,0.851,0.01655555555555556,0.01655555555555556,0.01655555555555556,0.01655555555555556,0.01655555555555556,0.01655555555555556
373,cow_000373.jpeg,data/demo/images/cow_000373.jpeg,cow,cow,0.948,train,animals10,ann_2,True,True,,0.052000000000000046,0.13837412848240416,0.056451612903225805,300,225,1237.368657780192,128.9490074074074,63.56478089418598,0.7,False,1.0,,c0076f7a38b59593,0.0,,,,0.0,0.17689032258064516,0.17689032258064516,ok,,keep,96.94892361111111,0.005777777777777783,0.005777777777777783,0.005777777777777783,0.948,0.005777777777777783,0.005777777777777783,0.005777777777777783,0.005777777777777783,0.005777777777777783,0.005777777777777783
374,cow_000374.jpeg,data/demo/images/cow_000374.jpeg,cow,spider,0.475,train,animals10,ann_3,True,True,,0.525,0.8014642142527618,0.056451612903225805,300,225,2637.138617283951,113.39656296296296,61.58696360403356,0.7,False,1.0,,9382acccc1d3d36d,0.0,,,,0.41666666666666663,0.42295698924731184,0.42295698924731184,hard_example,model_disagreement;high_entropy;low_confidence,send_to_review,96.94892361111111,0.058333333333333334,0.058333333333333334,0.058333333333333334,0.058333333333333334,0.058333333333333334,0.058333333333333334,0.058333333333333334,0.058333333333333334,0.475,0.058333333333333334
375,cow_000375.jpeg,data/demo/images/cow_000375.jpeg,cow,cow,0.92,train,animals10,ann_4,True,True,,0.07999999999999996,0.19740739629493498,0.056451612903225805,300,240,8684.420912959877,122.1264861111111,59.98432261513861,0.7,False,1.0,,b1ccd0f1c69d99a2,0.0,,,,0.0,0.18529032258064515,0.18529032258064515,ok,,keep,96.94892361111111,0.008888888888888884,0.008888888888888884,0.008888888888888884,0.92,0.008888888888888884,0.008888888888888884,0.008888888888888884,0.008888888888888884,0.008888888888888884,0.008888888888888884
376,cow_000376.jpeg,data/demo/images/cow_000376.jpeg,cow,cow,0.854,train,animals10,ann_3,True,True,,0.14600000000000002,0.3198588635222587,0.056451612903225805,300,199,5930.602012758095,111.72433835845897,43.91736919707334,0.7,False,1.0,,885e9629e51e3e35,0.0,,,,0.0,0.20509032258064516,0.20509032258064516,ok,,keep,96.94892361111111,0.016222222222222225,0.016222222222222225,0.016222222222222225,0.854,0.016222222222222225,0.016222222222222225,0.016222222222222225,0.016222222222222225,0.016222222222222225,0.016222222222222225
377,cow_000377.jpeg,data/demo/images/cow_000377.jpeg,cow,elephant,0.453,train,animals10,ann_2,True,True,,0.5469999999999999,0.8210790953041665,0.056451612903225805,300,199,1750.968280534723,81.8668676716918,38.201852556711614,0.7,False,1.0,,a94932324f69e597,0.0,,,,0.39222222222222225,0.4234458781362007,0.4234458781362007,hard_example,model_disagreement;high_entropy;low_confidence,send_to_review,96.94892361111111,0.06077777777777777,0.06077777777777777,0.06077777777777777,0.06077777777777777,0.06077777777777777,0.453,0.06077777777777777,0.06077777777777777,0.06077777777777777,0.06077777777777777
378,cow_000378.jpeg,data/demo/images/cow_000378.jpeg,cow,dog,0.599,train,animals10,ann_3,True,True,,0.401,0.6751116819103338,0.056451612903225805,300,168,321.48210730662635,97.34329365079365,45.60569624971979,0.7,False,1.0,,8ca573d6326c4d59,0.0,,,,0.5544444444444444,0.4202014336917562,0.4202014336917562,suspected_label_error,model_disagreement;suspected_label_error;high_entropy,recheck_label,96.94892361111111,0.04455555555555556,0.04455555555555556,0.04455555555555556,0.04455555555555556,0.599,0.04455555555555556,0.04455555555555556,0.04455555555555556,0.04455555555555556,0.04455555555555556
379,cow_000379.jpeg,data/demo/images/cow_000379.jpeg,dog,cow,0.943,train,animals10,ann_4,True,True,,0.05700000000000005,0.14934242567046443,0.008064516129032258,300,230,1054.3528905505145,121.72710144927537,53.78729408179856,0.7,False,1.0,,e1475e7c49692e62,0.0,,,,0.943,0.40446290322580647,0.40446290322580647,suspected_label_error,model_disagreement;suspected_label_error,recheck_label,96.94892361111111,0.006333333333333339,0.006333333333333339,0.006333333333333339,0.943,0.006333333333333339,0.006333333333333339,0.006333333333333339,0.006333333333333339,0.006333333333333339,0.006333333333333339
380,cow_000380.jpeg,data/demo/images/cow_000380.jpeg,cow,spider,0.632,train,animals10,ann_2,True,True,,0.368,0.6368760483844051,0.056451612903225805,300,200,3330.874404878889,124.58853333333333,53.22750443629267,0.7,False,1.0,,d5bf4e741945425c,0.0,,,,0.5911111111111111,0.41946810035842297,0.41946810035842297,suspected_label_error,model_disagreement;suspected_label_error,recheck_label,96.94892361111111,0.04088888888888889,0.04088888888888889,0.04088888888888889,0.04088888888888889,0.04088888888888889,0.04088888888888889,0.04088888888888889,0.04088888888888889,0.632,0.04088888888888889
381,cow_000381.jpeg,data/demo/images/cow_000381.jpeg,cow,elephant,0.676,train,animals10,ann_4,True,True,,0.32399999999999995,0.5827140189519083,0.056451612903225805,300,251,884.7131388891535,152.73930942895086,79.98205763636129,0.7,False,1.0,,df8f1192b03aac3c,0.0,,,,0.64,0.4184903225806451,0.4184903225806451,suspected_label_error,model_disagreement;suspected_label_error,recheck_label,96.94892361111111,0.036,0.036,0.036,0.036,0.036,0.676,0.036,0.036,0.036,0.036
382,cow_000382.jpeg,data/demo/images/cow_000382.jpeg,cow,cow,0.931,train,animals10,ann_3,True,True,,0.06899999999999995,0.17486998855386812,0.056451612903225805,300,274,2884.6682719282976,144.17215328467154,53.24672760570515,1.0,False,1.0,,cec1414e8f851e3f,0.0,,,,0.0,0.18199032258064513,0.18199032258064513,ok,,keep,96.94892361111111,0.007666666666666661,0.007666666666666661,0.007666666666666661,0.931,0.007666666666666661,0.007666666666666661,0.007666666666666661,0.007666666666666661,0.007666666666666661,0.007666666666666661
383,cow_000383.jpeg,data/demo/images/cow_000383.jpeg,cow,cow,0.93,train,animals10,ann_4,True,True,,0.06999999999999995,0.17695096636165047,0.056451612903225805,199,132,2594.941215710041,107.09703822141007,49.862090016058445,0.7,False,1.0,,cef5380e4198ba73,0.0,,,,0.0,0.18229032258064515,0.18229032258064515,ok,,keep,96.94892361111111,0.007777777777777772,0.007777777777777772,0.007777777777777772,0.93,0.007777777777777772,0.007777777777777772,0.007777777777777772,0.007777777777777772,0.007777777777777772,0.007777777777777772
384,cow_000384.jpeg,data/demo/images/cow_000384.jpeg,cow,squirrel,0.553,train,animals10,ann_2,True,True,,0.44699999999999995,0.7251319369249595,0.056451612903225805,300,240,4200.6507773695985,218.81330555555556,58.97229298262751,0.7,False,1.0,,aecbc2349d95d03c,0.0,,,,0.5033333333333334,0.4212236559139785,0.4212236559139785,suspected_label_error,model_disagreement;suspected_label_error;high_entropy,recheck_label,96.94892361111111,0.049666666666666665,0.049666666666666665,0.049666666666666665,0.049666666666666665,0.049666666666666665,0.049666666666666665,0.049666666666666665,0.049666666666666665,0.049666666666666665,0.553
385,cow_000385.jpeg,data/demo/images/cow_000385.jpeg,cow,cow,0.822,train,animals10,ann_1,True,True,,0.17800000000000005,0.3732557679083505,0.056451612903225805,300,213,3714.969259528655,124.38145539906104,83.03458986848028,0.7,False,1.0,,9b41af6d48b85e1c,0.0,,,,0.0,0.21469032258064516,0.21469032258064516,ok,,keep,96.94892361111111,0.019777777777777783,0.019777777777777783,0.019777777777777783,0.822,0.019777777777777783,0.019777777777777783,0.019777777777777783,0.019777777777777783,0.019777777777777783,0.019777777777777783
386,cow_000386.jpeg,data/demo/images/cow_000386.jpeg,cow,cow,0.869,train,animals10,ann_4,True,True,,0.131,0.2936350389288106,0.056451612903225805,300,193,1266.5454883295897,130.706597582038,76.0145461127054,0.7,False,1.0,,d391213f3876f838,0.0,,,,0.0,0.20059032258064516,0.20059032258064516,ok,,keep,96.94892361111111,0.014555555555555556,0.014555555555555556,0.014555555555555556,0.869,0.014555555555555556,0.014555555555555556,0.014555555555555556,0.014555555555555556,0.014555555555555556,0.014555555555555556
387,cow_000387.jpeg,data/demo/images/cow_000387.jpeg,cow,cow,0.83,train,animals10,ann_3,True,True,,0.17000000000000004,0.36021008895529266,0.056451612903225805,300,225,284.3925806529492,146.09171851851852,65.93324920460331,0.7,False,1.0,,e91aceb384a9342f,0.0,,,,0.0,0.21229032258064517,0.21229032258064517,ok,,keep,96.94892361111111,0.018888888888888893,0.018888888888888893,0.018888888888888893,0.83,0.018888888888888893,0.018888888888888893,0.018888888888888893,0.018888888888888893,0.018888888888888893,0.018888888888888893
388,cow_000388.jpeg,data/demo/images/cow_000388.jpeg,cow,cow,0.88,train,animals10,ann_1,True,True,,0.12,0.2738625957719109,0.056451612903225805,300,204,2530.223360005767,122.40004901960785,55.27271227486325,0.7,False,1.0,,fc01cb9ebc317342,0.0,,,,0.0,0.19729032258064516,0.19729032258064516,ok,,keep,96.94892361111111,0.013333333333333332,0.013333333333333332,0.013333333333333332,0.88,0.013333333333333332,0.013333333333333332,0.013333333333333332,0.013333333333333332,0.013333333333333332,0.013333333333333332
389,cow_000389.jpeg,data/demo/images/cow_000389.jpeg,cow,cow,0.978,train,animals10,ann_4,True,True,,0.02200000000000002,0.06690863190435845,0.056451612903225805,300,200,2155.7093654663886,122.55411666666667,61.81933493160849,0.7,False,1.0,,96e2c134ad5fe243,0.0,,,,0.0,0.16789032258064515,0.16789032258064515,ok,,keep,96.94892361111111,0.0024444444444444466,0.0024444444444444466,0.0024444444444444466,0.978,0.0024444444444444466,0.0024444444444444466,0.0024444444444444466,0.0024444444444444466,0.0024444444444444466,0.0024444444444444466
390,cow_000390.jpeg,data/demo/images/cow_000390.jpeg,cow,cow,0.865,train,animals10,ann_1,True,True,,0.135,0.30070874272747405,0.056451612903225805,300,199,2861.7026799547707,135.93202680067003,32.507271745373984,0.7,False,1.0,,c59713c7c61913c7,0.0,,,,0.0,0.20179032258064517,0.20179032258064517,ok,,keep,96.94892361111111,0.015000000000000001,0.015000000000000001,0.015000000000000001,0.865,0.015000000000000001,0.015000000000000001,0.015000000000000001,0.015000000000000001,0.015000000000000001,0.015000000000000001
391,cow_000391.jpeg,data/demo/images/cow_000391.jpeg,cow,cow,0.924,train,animals10,ann_3,True,True,,0.07599999999999996,0.1892996919537253,0.056451612903225805,300,225,450.5446663980247,84.91164444444445,55.29748705662205,0.7,False,1.0,,8780380f5f9736f1,0.0,,,,0.0,0.18409032258064514,0.18409032258064514,ok,,keep,96.94892361111111,0.00844444444444444,0.00844444444444444,0.00844444444444444,0.924,0.00844444444444444,0.00844444444444444,0.00844444444444444,0.00844444444444444,0.00844444444444444,0.00844444444444444
392,cow_000392.jpeg,data/demo/images/cow_000392.jpeg,cow,cow,0.937,train,animals10,ann_3,True,True,,0.06299999999999994,0.16223882247430893,0.056451612903225805,300,183,1073.7116064893614,141.66712204007285,73.89289246309498,0.7,False,1.0,,fb4bcad0e16cc491,0.0,,,,0.0,0.18019032258064513,0.18019032258064513,ok,,keep,96.94892361111111,0.006999999999999994,0.006999999999999994,0.006999999999999994,0.937,0.006999999999999994,0.006999999999999994,0.006999999999999994,0.006999999999999994,0.006999999999999994,0.006999999999999994
393,cow_000393.jpeg,data/demo/images/cow_000393.jpeg,cow,cow,0.965,train,animals10,ann_2,True,True,,0.03500000000000003,0.09928724455841263,0.056451612903225805,300,190,3794.7132298476454,135.3786140350877,62.25741414743079,0.7,False,1.0,,c0939eb4d1cd133d,0.0,,,,0.0,0.17179032258064517,0.17179032258064517,ok,,keep,96.94892361111111,0.0038888888888888922,0.0038888888888888922,0.0038888888888888922,0.965,0.0038888888888888922,0.0038888888888888922,0.0038888888888888922,0.0038888888888888922,0.0038888888888888922,0.0038888888888888922
394,cow_000394.jpeg,data/demo/images/cow_000394.jpeg,cow,cow,0.856,train,animals10,ann_4,True,True,,0.14400000000000002,0.316409175590959,0.056451612903225805,300,169,1395.76097233757,110.02591715976331,62.71467147834018,0.7,False,1.0,,d816937b0c807f9d,0.0,,,,0.0,0.20449032258064515,0.20449032258064515,ok,,keep,96.94892361111111,0.016,0.016,0.016,0.856,0.016,0.016,0.016,0.016,0.016,0.016
395,cow_000395.jpeg,data/demo/images/cow_000395.jpeg,cow,cow,0.921,train,animals10,ann_1,True,True,,0.07899999999999996,0.1953894942795192,0.056451612903225805,300,242,4663.581463867829,131.75086776859504,59.468563464819724,0.7,False,1.0,,a6cbd275b906a515,0.0,,,,0.0,0.18499032258064513,0.18499032258064513,ok,,keep,96.94892361111111,0.008777777777777773,0.008777777777777773,0.008777777777777773,0.921,0.008777777777777773,0.008777777777777773,0.008777777777777773,0.008777777777777773,0.008777777777777773,0.008777777777777773
396,cow_000396.jpeg,data/demo/images/cow_000396.jpeg,cow,cow,0.462,train,animals10,ann_2,True,True,,0.538,0.8131570087199648,0.056451612903225805,300,209,1537.709220312925,79.68987240829347,43.79805049971319,0.7,False,1.0,,b60b49666fb29bc0,0.0,,,,0.0,0.3226903225806452,0.3226903225806452,hard_example,high_entropy;low_confidence,send_to_review,96.94892361111111,0.059777777777777784,0.059777777777777784,0.059777777777777784,0.462,0.059777777777777784,0.059777777777777784,0.059777777777777784,0.059777777777777784,0.059777777777777784,0.059777777777777784
397,cow_000397.jpeg,data/demo/images/cow_000397.jpeg,cow,cow,0.848,train,animals10,ann_2,True,True,,0.15200000000000002,0.33012494901053396,0.056451612903225805,300,200,4987.781613678889,122.38093333333333,60.731600147388036,0.7,False,1.0,,fbf31719213658a8,0.0,,,,0.0,0.20689032258064516,0.20689032258064516,ok,,keep,96.94892361111111,0.01688888888888889,0.01688888888888889,0.01688888888888889,0.848,0.01688888888888889,0.01688888888888889,0.01688888888888889,0.01688888888888889,0.01688888888888889,0.01688888888888889
398,cow_000398.jpeg,data/demo/images/cow_000398.jpeg,cow,sheep,0.522,train,animals10,ann_2,True,True,,0.478,0.7567373780212786,0.056451612903225805,300,226,2287.2981311605367,117.09818584070797,60.13463353260878,0.7,False,1.0,,85898ab487c55e7e,0.0,,,,0.4688888888888889,0.42191254480286733,0.42191254480286733,hard_example,model_disagreement;high_entropy;low_confidence,send_to_review,96.94892361111111,0.05311111111111111,0.05311111111111111,0.05311111111111111,0.05311111111111111,0.05311111111111111,0.05311111111111111,0.05311111111111111,0.522,0.05311111111111111,0.05311111111111111
399,cow_000399.jpeg,data/demo/images/cow_000399.jpeg,cow,cow,0.86,train,animals10,ann_3,True,True,,0.14,0.3094673539141393,0.056451612903225805,300,202,4239.6461481529595,122.39572607260726,60.4835404461566,0.7,False,1.0,,8d1d52427a789b4f,0.0,,,,0.0,0.20329032258064517,0.20329032258064517,ok,,keep,96.94892361111111,0.015555555555555557,0.015555555555555557,0.015555555555555557,0.86,0.015555555555555557,0.015555555555555557,0.015555555555555557,0.015555555555555557,0.015555555555555557,0.015555555555555557
400,cow_000400.jpeg,data/demo/images/cow_000400.jpeg,cow,cow,0.852,train,animals10,ann_4,True,True,,0.14800000000000002,0.32329461843439317,0.056451612903225805,250,188,5767.984999887279,103.4593829787234,48.83032726591007,0.7,False,1.0,,852dd2da42e3dc3c,0.0,,,,0.0,0.20569032258064515,0.20569032258064515,ok,,keep,96.94892361111111,0.016444444444444446,0.016444444444444446,0.016444444444444446,0.852,0.016444444444444446,0.016444444444444446,0.016444444444444446,0.016444444444444446,0.016444444444444446,0.016444444444444446
401,cow_000401.jpeg,data/demo/images/cow_000401.jpeg,cow,cow,0.884,train,animals10,ann_2,True,True,,0.11599999999999999,0.26655119773013786,0.056451612903225805,300,200,1540.939575,189.44148333333334,74.63051928757467,0.7,False,1.0,,ebc6943994e4c6cc,0.0,,,,0.0,0.19609032258064515,0.19609032258064515,ok,,keep,96.94892361111111,0.012888888888888887,0.012888888888888887,0.012888888888888887,0.884,0.012888888888888887,0.012888888888888887,0.012888888888888887,0.012888888888888887,0.012888888888888887,0.012888888888888887
402,cow_000402.jpeg,data/demo/images/cow_000402.jpeg,cow,cow,0.918,train,animals10,ann_4,True,True,,0.08199999999999996,0.20142556419287463,0.056451612903225805,300,225,3083.695934062222,131.57797037037037,62.808705063330635,0.7,False,1.0,,d3d0ec2723ec6e28,0.0,,,,0.0,0.18589032258064514,0.18589032258064514,ok,,keep,96.94892361111111,0.009111111111111106,0.009111111111111106,0.009111111111111106,0.918,0.009111111111111106,0.009111111111111106,0.009111111111111106,0.009111111111111106,0.009111111111111106,0.009111111111111106
403,cow_000403.jpeg,data/demo/images/cow_000403.jpeg,cow,cow,0.947,train,animals10,ann_1,True,True,,0.05300000000000005,0.14058479745239807,0.056451612903225805,300,211,2348.2863145659103,137.45791469194313,70.1215202125233,0.7,False,1.0,,8686c979f132f343,0.0,,,,0.0,0.17719032258064518,0.17719032258064518,ok,,keep,96.94892361111111,0.005888888888888894,0.005888888888888894,0.005888888888888894,0.947,0.005888888888888894,0.005888888888888894,0.005888888888888894,0.005888888888888894,0.005888888888888894,0.005888888888888894
404,cow_000404.jpeg,data/demo/images/cow_000404.jpeg,cow,cow,0.833,train,animals10,ann_3,True,True,,0.16700000000000004,0.3552675578799221,0.056451612903225805,300,138,2170.3255255408526,111.26055555555556,92.44509852467706,0.7,False,1.0,,d6d3b96cd5d1a024,0.0,,,,0.0,0.21139032258064516,0.21139032258064516,ok,,keep,96.94892361111111,0.01855555555555556,0.01855555555555556,0.01855555555555556,0.833,0.01855555555555556,0.01855555555555556,0.01855555555555556,0.01855555555555556,0.01855555555555556,0.01855555555555556
405,cow_000405.jpeg,data/demo/images/cow_000405.jpeg,cow,cow,0.936,train,animals10,ann_3,True,True,,0.06399999999999995,0.16436180350733687,0.056451612903225805,300,218,1487.1411037754024,117.4134250764526,39.11476680036368,0.7,False,1.0,,96124d3c3627cdb9,0.0,,,,0.0,0.18049032258064515,0.18049032258064515,ok,,keep,96.94892361111111,0.007111111111111105,0.007111111111111105,0.007111111111111105,0.936,0.007111111111111105,0.007111111111111105,0.007111111111111105,0.007111111111111105,0.007111111111111105,0.007111111111111105
406,cow_000406.jpeg,data/demo/images/cow_000406.jpeg,cow,cow,0.865,train,animals10,ann_4,True,True,,0.135,0.30070874272747405,0.056451612903225805,300,225,1024.0448610104802,131.71305185185184,66.70799508985728,0.7,False,1.0,,fdc982963b08bc3c,0.0,,,,0.0,0.20179032258064517,0.20179032258064517,ok,,keep,96.94892361111111,0.015000000000000001,0.015000000000000001,0.015000000000000001,0.865,0.015000000000000001,0.015000000000000001,0.015000000000000001,0.015000000000000001,0.015000000000000001,0.015000000000000001
407,cow_000407.jpeg,data/demo/images/cow_000407.jpeg,cow,cow,0.895,train,animals10,ann_2,True,True,,0.10499999999999998,0.24608896613809964,0.056451612903225805,300,240,949.2924803146219,122.20518055555556,50.06234194976477,0.7,False,1.0,,89476639393699cd,0.0,,,,0.0,0.19279032258064516,0.19279032258064516,ok,,keep,96.94892361111111,0.011666666666666665,0.011666666666666665,0.011666666666666665,0.895,0.011666666666666665,0.011666666666666665,0.011666666666666665,0.011666666666666665,0.011666666666666665,0.011666666666666665
408,cow_000408.jpeg,data/demo/images/cow_000408.jpeg,cow,spider,0.618,train,animals10,ann_3,True,True,,0.382,0.6533415520257164,0.056451612903225805,300,194,880.0256480671578,157.43223367697595,88.0029108322103,0.7,False,1.0,,ed8ac2f0bc2d19c3,0.0,,,,0.5755555555555556,0.419779211469534,0.419779211469534,suspected_label_error,model_disagreement;suspected_label_error;high_entropy,recheck_label,96.94892361111111,0.042444444444444444,0.042444444444444444,0.042444444444444444,0.042444444444444444,0.042444444444444444,0.042444444444444444,0.042444444444444444,0.042444444444444444,0.618,0.042444444444444444
409,cow_000409.jpeg,data/demo/images/cow_000409.jpeg,cow,cow,0.97,train,animals10,ann_3,True,True,,0.030000000000000027,0.08714505106038822,0.056451612903225805,300,255,3500.070782045196,127.48839215686274,72.34012678789932,0.7,False,1.0,,f8cf91702e89d4f0,0.0,,,,0.0,0.17029032258064516,0.17029032258064516,ok,,keep,96.94892361111111,0.003333333333333336,0.003333333333333336,0.003333333333333336,0.97,0.003333333333333336,0.003333333333333336,0.003333333333333336,0.003333333333333336,0.003333333333333336,0.003333333333333336
410,cow_000410.jpeg,data/demo/images/cow_000410.jpeg,cow,cow,0.978,train,animals10,ann_1,True,True,,0.02200000000000002,0.06690863190435845,0.056451612903225805,198,300,11876.649127515051,108.15254208754209,56.309425148381315,0.7,False,1.0,,e916db7149362cc9,0.0,,,,0.0,0.16789032258064515,0.16789032258064515,ok,,keep,96.94892361111111,0.0024444444444444466,0.0024444444444444466,0.0024444444444444466,0.978,0.0024444444444444466,0.0024444444444444466,0.0024444444444444466,0.0024444444444444466,0.0024444444444444466,0.0024444444444444466
411,cow_000411.jpeg,data/demo/images/cow_000411.jpeg,cow,cat,0.539,train,animals10,ann_2,True,True,,0.46099999999999997,0.7396133214683037,0.056451612903225805,300,226,7309.92405328443,119.99339233038349,45.602958657795455,0.7,False,1.0,,a5154f2abe9d85a4,0.0,,,,0.4877777777777778,0.42153476702508963,0.42153476702508963,hard_example,model_disagreement;high_entropy;low_confidence,send_to_review,96.94892361111111,0.05122222222222222,0.539,0.05122222222222222,0.05122222222222222,0.05122222222222222,0.05122222222222222,0.05122222222222222,0.05122222222222222,0.05122222222222222,0.05122222222222222
412,cow_000412.jpeg,data/demo/images/cow_000412.jpeg,cow,cow,0.861,train,animals10,ann_3,True,True,,0.139,0.30772293383220556,0.056451612903225805,200,300,2728.8996749930557,124.40381666666667,47.76845174484642,0.7,False,1.0,,b663094e766651d3,0.0,,,,0.0,0.20299032258064514,0.20299032258064514,ok,,keep,96.94892361111111,0.015444444444444446,0.015444444444444446,0.015444444444444446,0.861,0.015444444444444446,0.015444444444444446,0.015444444444444446,0.015444444444444446,0.015444444444444446,0.015444444444444446
413,cow_000413.jpeg,data/demo/images/cow_000413.jpeg,cow,cow,0.93,train,animals10,ann_1,True,True,,0.06999999999999995,0.17695096636165047,0.056451612903225805,300,188,944.4349816127835,175.31031914893617,51.86271990756174,0.7,False,1.0,,e592da6c359bca90,0.0,,,,0.0,0.18229032258064515,0.18229032258064515,ok,,keep,96.94892361111111,0.007777777777777772,0.007777777777777772,0.007777777777777772,0.93,0.007777777777777772,0.007777777777777772,0.007777777777777772,0.007777777777777772,0.007777777777777772,0.007777777777777772
414,cow_000414.jpeg,data/demo/images/cow_000414.jpeg,cow,cow,0.938,train,animals10,ann_2,True,True,,0.062000000000000055,0.1601084840938395,0.056451612903225805,300,190,2346.5923983884272,133.52933333333334,60.423947407110944,0.7,False,1.0,,ada9de96d2c484b1,0.0,,,,0.0,0.17989032258064516,0.17989032258064516,ok,,keep,96.94892361111111,0.006888888888888895,0.006888888888888895,0.006888888888888895,0.938,0.006888888888888895,0.006888888888888895,0.006888888888888895,0.006888888888888895,0.006888888888888895,0.006888888888888895
415,cow_000415.jpeg,data/demo/images/cow_000415.jpeg,cow,cow,0.878,train,animals10,ann_1,True,True,,0.122,0.27749349750077557,0.056451612903225805,300,248,960.942313995115,131.19440860215053,44.18194908161305,0.7,False,1.0,,d052363f4bcbc594,0.0,,,,0.0,0.19789032258064515,0.19789032258064515,ok,,keep,96.94892361111111,0.013555555555555555,0.013555555555555555,0.013555555555555555,0.878,0.013555555555555555,0.013555555555555555,0.013555555555555555,0.013555555555555555,0.013555555555555555,0.013555555555555555
416,cow_000416.jpeg,data/demo/images/cow_000416.jpeg,cow,cow,0.862,train,animals10,ann_4,True,True,,0.138,0.30597488489540914,0.056451612903225805,193,300,5976.9102849603705,144.20747841105353,55.031572436182095,0.7,False,1.0,,ec8e9321cb6c5c4d,0.0,,,,0.0,0.20269032258064515,0.20269032258064515,ok,,keep,96.94892361111111,0.015333333333333334,0.015333333333333334,0.015333333333333334,0.862,0.015333333333333334,0.015333333333333334,0.015333333333333334,0.015333333333333334,0.015333333333333334,0.015333333333333334
417,cow_000417.jpeg,data/demo/images/cow_000417.jpeg,cow,cow,0.86,train,animals10,ann_2,True,True,,0.14,0.3094673539141393,0.056451612903225805,275,217,883.7238301000972,123.2011059907834,67.27326157009996,0.7,False,1.0,,eeb592c2c1da8987,0.0,,,,0.0,0.20329032258064517,0.20329032258064517,ok,,keep,96.94892361111111,0.015555555555555557,0.015555555555555557,0.015555555555555557,0.86,0.015555555555555557,0.015555555555555557,0.015555555555555557,0.015555555555555557,0.015555555555555557,0.015555555555555557
418,cow_000418.jpeg,data/demo/images/cow_000418.jpeg,cat,cow,0.967,train,animals10,ann_4,True,True,,0.03300000000000003,0.09447163801432062,0.06451612903225806,300,221,1923.3929672317656,129.13505279034692,48.600394255909,0.7,False,1.0,,a7dc6e45c82fc1d0,0.0,,,,0.967,0.4145532258064516,0.4145532258064516,suspected_label_error,model_disagreement;suspected_label_error,recheck_label,96.94892361111111,0.00366666666666667,0.00366666666666667,0.00366666666666667,0.967,0.00366666666666667,0.00366666666666667,0.00366666666666667,0.00366666666666667,0.00366666666666667,0.00366666666666667
419,cow_000419.jpeg,data/demo/images/cow_000419.jpeg,cow,cow,0.833,train,animals10,ann_2,True,True,,0.16700000000000004,0.3552675578799221,0.056451612903225805,300,200,737.7497433955555,149.38166666666666,80.97536516675234,0.7,False,1.0,,eceac285b5b53432,0.0,,,,0.0,0.21139032258064516,0.21139032258064516,ok,,keep,96.94892361111111,0.01855555555555556,0.01855555555555556,0.01855555555555556,0.833,0.01855555555555556,0.01855555555555556,0.01855555555555556,0.01855555555555556,0.01855555555555556,0.01855555555555556
420,cow_000420.jpeg,data/demo/images/cow_000420.jpeg,cow,cow,0.888,train,animals10,ann_3,True,True,,0.11199999999999999,0.2591720245638017,0.056451612903225805,300,214,301.00604520312305,131.28696261682242,56.99048402390505,0.7,False,1.0,,858bdaf65845332e,0.0,,,,0.0,0.19489032258064515,0.19489032258064515,ok,,keep,96.94892361111111,0.012444444444444444,0.012444444444444444,0.012444444444444444,0.888,0.012444444444444444,0.012444444444444444,0.012444444444444444,0.012444444444444444,0.012444444444444444,0.012444444444444444
421,cow_000421.jpeg,data/demo/images/cow_000421.jpeg,cow,cow,0.962,train,animals10,ann_3,True,True,,0.038000000000000034,0.10641501504393522,0.056451612903225805,300,200,1382.7442474530556,124.01251666666667,58.8423860268519,0.7,False,1.0,,b5844b5b73786c68,0.0,,,,0.0,0.17269032258064515,0.17269032258064515,ok,,keep,96.94892361111111,0.004222222222222226,0.004222222222222226,0.004222222222222226,0.962,0.004222222222222226,0.004222222222222226,0.004222222222222226,0.004222222222222226,0.004222222222222226,0.004222222222222226
422,cow_000422.jpeg,data/demo/images/cow_000422.jpeg,cow,cow,0.968,train,animals10,ann_1,True,True,,0.03200000000000003,0.09204361077835214,0.056451612903225805,300,206,1989.7946992427815,168.92543689320388,48.36229214154896,0.7,False,1.0,,c0c2b53f70c0abeb,0.0,,,,0.0,0.17089032258064515,0.17089032258064515,ok,,keep,96.94892361111111,0.0035555555555555588,0.0035555555555555588,0.0035555555555555588,0.968,0.0035555555555555588,0.0035555555555555588,0.0035555555555555588,0.0035555555555555588,0.0035555555555555588,0.0035555555555555588
423,cow_000423.jpeg,data/demo/images/cow_000423.jpeg,cow,cow,0.948,train,animals10,ann_2,True,True,,0.052000000000000046,0.13837412848240416,0.056451612903225805,300,236,2058.932598558644,109.0229802259887,53.93656422696739,0.7,False,1.0,,f959c45eb043b81e,0.0,,,,0.0,0.17689032258064516,0.17689032258064516,ok,,keep,96.94892361111111,0.005777777777777783,0.005777777777777783,0.005777777777777783,0.948,0.005777777777777783,0.005777777777777783,0.005777777777777783,0.005777777777777783,0.005777777777777783,0.005777777777777783
424,cow_000424.jpeg,data/demo/images/cow_000424.jpeg,cow,cow,0.94,train,animals10,ann_3,True,True,,0.06000000000000005,0.15582528881667973,0.056451612903225805,300,150,1292.6922477387654,141.74717777777778,64.67693572099164,0.7,False,1.0,,eb9109e694ca6b72,0.0,,,,0.0,0.17929032258064517,0.17929032258064517,ok,,keep,96.94892361111111,0.006666666666666672,0.006666666666666672,0.006666666666666672,0.94,0.006666666666666672,0.006666666666666672,0.006666666666666672,0.006666666666666672,0.006666666666666672,0.006666666666666672
425,cow_000425.jpeg,data/demo/images/cow_000425.jpeg,chicken,cow,0.82,train,animals10,ann_1,True,True,,0.18000000000000005,0.3764872374828909,0.04838709677419355,300,225,2473.340489212839,94.20044444444444,71.30757083972031,0.7,False,1.0,,9b98b4b5595bc226,0.0,,,,0.82,0.4186774193548387,0.4186774193548387,suspected_label_error,model_disagreement;suspected_label_error,recheck_label,96.94892361111111,0.020000000000000004,0.020000000000000004,0.020000000000000004,0.82,0.020000000000000004,0.020000000000000004,0.020000000000000004,0.020000000000000004,0.020000000000000004,0.020000000000000004
426,cow_000426.jpeg,data/demo/images/cow_000426.jpeg,cow,cow,0.887,train,animals10,ann_3,True,True,,0.11299999999999999,0.26102328431933125,0.056451612903225805,300,300,731.1514881450619,171.37895555555556,47.95727535373106,1.0,False,1.0,,f82cc7c331781e8e,0.0,,,,0.0,0.19519032258064514,0.19519032258064514,ok,,keep,96.94892361111111,0.012555555555555554,0.012555555555555554,0.012555555555555554,0.887,0.012555555555555554,0.012555555555555554,0.012555555555555554,0.012555555555555554,0.012555555555555554,0.012555555555555554
427,cow_000427.jpeg,data/demo/images/cow_000427.jpeg,cow,cow,0.88,train,animals10,ann_2,True,True,,0.12,0.2738625957719109,0.056451612903225805,300,225,353.2446732738546,137.47477037037038,37.80872837379705,0.7,False,1.0,,f1ce72f178686862,0.0,,,,0.0,0.19729032258064516,0.19729032258064516,ok,,keep,96.94892361111111,0.013333333333333332,0.013333333333333332,0.013333333333333332,0.88,0.013333333333333332,0.013333333333333332,0.013333333333333332,0.013333333333333332,0.013333333333333332,0.013333333333333332
428,cow_000428.jpeg,data/demo/images/cow_000428.jpeg,cow,cow,0.972,train,animals10,ann_4,True,True,,0.028000000000000025,0.08218675153543593,0.056451612903225805,300,213,1494.0241957369326,118.85973395931143,49.19843754206265,0.7,False,1.0,,c698794b3e31b4cc,0.0,,,,0.0,0.16969032258064515,0.16969032258064515,ok,,keep,96.94892361111111,0.003111111111111114,0.003111111111111114,0.003111111111111114,0.972,0.003111111111111114,0.003111111111111114,0.003111111111111114,0.003111111111111114,0.003111111111111114,0.003111111111111114
429,cow_000429.jpeg,data/demo/images/cow_000429.jpeg,cow,cow,0.852,train,animals10,ann_2,True,True,,0.14800000000000002,0.32329461843439317,0.056451612903225805,215,300,1096.9908175929331,123.68477519379844,55.9874173086011,0.7,False,1.0,,ad8e9a670d987067,0.0,,,,0.0,0.20569032258064515,0.20569032258064515,ok,,keep,96.94892361111111,0.016444444444444446,0.016444444444444446,0.016444444444444446,0.852,0.016444444444444446,0.016444444444444446,0.016444444444444446,0.016444444444444446,0.016444444444444446,0.016444444444444446
430,cow_000430.jpeg,data/demo/images/cow_000430.jpeg,cow,cow,0.977,train,animals10,ann_4,True,True,,0.02300000000000002,0.06950084439251457,0.056451612903225805,300,211,3500.9749348075443,133.56957345971563,62.11711186198202,0.7,False,1.0,,e90c9ec365e340f3,0.0,,,,0.0,0.16819032258064517,0.16819032258064517,ok,,keep,96.94892361111111,0.002555555555555558,0.002555555555555558,0.002555555555555558,0.977,0.002555555555555558,0.002555555555555558,0.002555555555555558,0.002555555555555558,0.002555555555555558,0.002555555555555558
431,cow_000431.jpeg,data/demo/images/cow_000431.jpeg,cow,cow,0.837,train,animals10,ann_2,True,True,,0.16300000000000003,0.34863373683746157,0.056451612903225805,300,150,5122.554212048888,99.36142222222222,75.67928526632454,0.7,False,1.0,,abc0e78090f67bca,0.0,,,,0.0,0.21019032258064516,0.21019032258064516,ok,,keep,96.94892361111111,0.018111111111111116,0.018111111111111116,0.018111111111111116,0.837,0.018111111111111116,0.018111111111111116,0.018111111111111116,0.018111111111111116,0.018111111111111116,0.018111111111111116
432,cow_000432.jpeg,data/demo/images/cow_000432.jpeg,cow,cat,0.514,train,animals10,ann_3,True,True,,0.486,0.7646215852195206,0.056451612903225805,300,188,376.5321746894019,162.3115425531915,37.517643812823856,0.7,False,1.0,,f98bc0d2372c8e33,0.0,,,,0.46,0.42209032258064516,0.42209032258064516,hard_example,model_disagreement;high_entropy;low_confidence,send_to_review,96.94892361111111,0.054,0.514,0.054,0.054,0.054,0.054,0.054,0.054,0.054,0.054
433,cow_000433.jpeg,data/demo/images/cow_000433.jpeg,dog,cow,0.928,train,animals10,ann_1,True,True,,0.07199999999999995,0.1810929946625314,0.008064516129032258,300,225,1921.5426646246367,109.15340740740741,60.80881886167941,0.7,False,1.0,,c3c72cbc98a9a5b2,0.0,,,,0.928,0.4052129032258064,0.4052129032258064,suspected_label_error,model_disagreement;suspected_label_error,recheck_label,96.94892361111111,0.007999999999999995,0.007999999999999995,0.007999999999999995,0.928,0.007999999999999995,0.007999999999999995,0.007999999999999995,0.007999999999999995,0.007999999999999995,0.007999999999999995
434,cow_000434.jpeg,data/demo/images/cow_000434.jpeg,elephant,cow,0.821,train,animals10,ann_1,True,True,,0.17900000000000005,0.3748729803062328,0.0,300,184,2327.5025123788987,124.47885869565218,53.298669214172435,0.7,False,1.0,,b11ece61e033bf90,0.0,,,,0.821,0.40895000000000004,0.40895000000000004,suspected_label_error,model_disagreement;suspected_label_error,recheck_label,96.94892361111111,0.019888888888888893,0.019888888888888893,0.019888888888888893,0.821,0.019888888888888893,0.019888888888888893,0.019888888888888893,0.019888888888888893,0.019888888888888893,0.019888888888888893
435,cow_000435.jpeg,data/demo/images/cow_000435.jpeg,cow,cow,0.821,train,animals10,ann_3,True,True,,0.17900000000000005,0.3748729803062328,0.056451612903225805,300,225,1371.2662752945953,112.07951111111112,64.01894329185254,0.7,False,1.0,,d096bce1c7f59830,0.0,,,,0.0,0.21499032258064515,0.21499032258064515,ok,,keep,96.94892361111111,0.019888888888888893,0.019888888888888893,0.019888888888888893,0.821,0.019888888888888893,0.019888888888888893,0.019888888888888893,0.019888888888888893,0.019888888888888893,0.019888888888888893
436,cow_000436.jpeg,data/demo/images/cow_000436.jpeg,cow,cow,0.874,train,animals10,ann_4,True,True,,0.126,0.2847068710391291,0.056451612903225805,300,200,11590.538505986391,114.9939,66.66225140804951,0.7,False,1.0,,a4e69819ca23af9d,0.0,,,,0.0,0.19909032258064516,0.19909032258064516,ok,,keep,96.94892361111111,0.014,0.014,0.014,0.874,0.014,0.014,0.014,0.014,0.014,0.014
437,cow_000437.jpeg,data/demo/images/cow_000437.jpeg,cow,cow,0.875,train,animals10,ann_3,True,True,,0.125,0.28290951131643977,0.056451612903225805,300,198,1012.8945980792776,145.21210437710437,79.15834051877336,0.7,False,1.0,,ab9cd4a581626b6b,0.0,,,,0.0,0.19879032258064516,0.19879032258064516,ok,,keep,96.94892361111111,0.013888888888888888,0.013888888888888888,0.013888888888888888,0.875,0.013888888888888888,0.013888888888888888,0.013888888888888888,0.013888888888888888,0.013888888888888888,0.013888888888888888
438,cow_000438.jpeg,data/demo/images/cow_000438.jpeg,cow,cow,0.926,train,animals10,ann_4,True,True,,0.07399999999999995,0.1852090204280019,0.056451612903225805,300,221,1918.5076400801697,160.0794871794872,65.97988050924722,0.7,False,1.0,,e2ea9c959572e262,0.0,,,,0.0,0.18349032258064513,0.18349032258064513,ok,,keep,96.94892361111111,0.008222222222222218,0.008222222222222218,0.008222222222222218,0.926,0.008222222222222218,0.008222222222222218,0.008222222222222218,0.008222222222222218,0.008222222222222218,0.008222222222222218
439,cow_000439.jpeg,data/demo/images/cow_000439.jpeg,cow,cow,0.96,train,animals10,ann_1,True,True,,0.040000000000000036,0.11110691266352452,0.056451612903225805,300,204,3658.479221709332,132.5208823529412,66.08500953692875,0.7,False,1.0,,ba44cdbfcb463441,0.0,,,,0.0,0.17329032258064517,0.17329032258064517,ok,,keep,96.94892361111111,0.004444444444444449,0.004444444444444449,0.004444444444444449,0.96,0.004444444444444449,0.004444444444444449,0.004444444444444449,0.004444444444444449,0.004444444444444449,0.004444444444444449
440,cow_000440.jpeg,data/demo/images/cow_000440.jpeg,sheep,cow,0.962,train,animals10,ann_2,True,True,,0.038000000000000034,0.10641501504393522,0.04838709677419355,300,225,6651.3472159122075,128.8396888888889,69.98642262753188,0.7,False,1.0,,f4549cef69691912,0.0,,,,0.962,0.4115774193548387,0.4115774193548387,suspected_label_error,model_disagreement;suspected_label_error,recheck_label,96.94892361111111,0.004222222222222226,0.004222222222222226,0.004222222222222226,0.962,0.004222222222222226,0.004222222222222226,0.004222222222222226,0.004222222222222226,0.004222222222222226,0.004222222222222226
441,cow_000441.jpeg,data/demo/images/cow_000441.jpeg,cat,cow,0.865,train,animals10,ann_2,True,True,,0.135,0.30070874272747405,0.06451612903225806,300,200,1011.5902934997223,186.39381666666668,59.31482494649255,0.7,False,1.0,,fd9d80e07483897e,0.0,,,,0.865,0.4196532258064516,0.4196532258064516,suspected_label_error,model_disagreement;suspected_label_error,recheck_label,96.94892361111111,0.015000000000000001,0.015000000000000001,0.015000000000000001,0.865,0.015000000000000001,0.015000000000000001,0.015000000000000001,0.015000000000000001,0.015000000000000001,0.015000000000000001
442,cow_000442.jpeg,data/demo/images/cow_000442.jpeg,cow,cow,0.925,train,animals10,ann_4,True,True,,0.07499999999999996,0.187257486327022,0.056451612903225805,300,197,1153.3722598535278,129.6068358714044,52.30853450799474,0.7,False,1.0,,afedc0c4c85ada92,0.0,,,,0.0,0.18379032258064515,0.18379032258064515,ok,,keep,96.94892361111111,0.008333333333333328,0.008333333333333328,0.008333333333333328,0.925,0.008333333333333328,0.008333333333333328,0.008333333333333328,0.008333333333333328,0.008333333333333328,0.008333333333333328
443,cow_000443.jpeg,data/demo/images/cow_000443.jpeg,cow,cow,0.821,train,animals10,ann_3,True,True,,0.17900000000000005,0.3748729803062328,0.056451612903225805,300,225,1268.017765069081,128.38094814814815,59.510205075583904,0.7,False,1.0,,bab593c26470cf0d,0.0,,,,0.0,0.21499032258064515,0.21499032258064515,ok,,keep,96.94892361111111,0.019888888888888893,0.019888888888888893,0.019888888888888893,0.821,0.019888888888888893,0.019888888888888893,0.019888888888888893,0.019888888888888893,0.019888888888888893,0.019888888888888893
444,cow_000444.jpeg,data/demo/images/cow_000444.jpeg,horse,cow,0.975,train,animals10,ann_3,True,True,,0.025000000000000022,0.07462805787016473,0.016129032258064516,300,200,288.21196530555557,112.45163333333333,40.22794875040928,0.7,False,1.0,,a44b4b7c723e8687,0.0,,,,0.975,0.40447580645161285,0.40447580645161285,suspected_label_error,model_disagreement;suspected_label_error,recheck_label,96.94892361111111,0.00277777777777778,0.00277777777777778,0.00277777777777778,0.975,0.00277777777777778,0.00277777777777778,0.00277777777777778,0.00277777777777778,0.00277777777777778,0.00277777777777778
445,cow_000445.jpeg,data/demo/images/cow_000445.jpeg,cow,cow,0.898,train,animals10,ann_1,True,True,,0.10199999999999998,0.24041336377291156,0.056451612903225805,300,225,5748.353711138766,113.10327407407408,36.302051176907476,0.7,False,1.0,,eaa69dc32ae41794,0.0,,,,0.0,0.19189032258064515,0.19189032258064515,ok,,keep,96.94892361111111,0.01133333333333333,0.01133333333333333,0.01133333333333333,0.898,0.01133333333333333,0.01133333333333333,0.01133333333333333,0.01133333333333333,0.01133333333333333,0.01133333333333333
446,cow_000446.jpeg,data/demo/images/cow_000446.jpeg,cow,cow,0.971,train,animals10,ann_4,True,True,,0.029000000000000026,0.08467361425105385,0.056451612903225805,300,225,15718.450744782662,94.65197037037036,59.96928992939769,0.7,False,1.0,,c127377838d8ad96,0.0,,,,0.0,0.16999032258064517,0.16999032258064517,ok,,keep,96.94892361111111,0.0032222222222222253,0.0032222222222222253,0.0032222222222222253,0.971,0.0032222222222222253,0.0032222222222222253,0.0032222222222222253,0.0032222222222222253,0.0032222222222222253,0.0032222222222222253
447,cow_000447.jpeg,data/demo/images/cow_000447.jpeg,cow,cow,0.965,train,animals10,ann_4,True,True,,0.03500000000000003,0.09928724455841263,0.056451612903225805,300,198,2252.5974999648565,83.51141414141414,91.31699830525358,0.7,False,1.0,,ea11067e916ff464,0.0,,,,0.0,0.17179032258064517,0.17179032258064517,ok,,keep,96.94892361111111,0.0038888888888888922,0.0038888888888888922,0.0038888888888888922,0.965,0.0038888888888888922,0.0038888888888888922,0.0038888888888888922,0.0038888888888888922,0.0038888888888888922,0.0038888888888888922
448,cow_000448.jpeg,data/demo/images/cow_000448.jpeg,cow,cow,0.843,train,animals10,ann_1,True,True,,0.15700000000000003,0.3385871788021219,0.056451612903225805,300,225,5499.28646607978,127.1852,43.482891963996515,0.7,False,1.0,,b394c86b1fc4f01b,0.0,,,,0.0,0.20839032258064516,0.20839032258064516,ok,,keep,96.94892361111111,0.017444444444444446,0.017444444444444446,0.017444444444444446,0.843,0.017444444444444446,0.017444444444444446,0.017444444444444446,0.017444444444444446,0.017444444444444446,0.017444444444444446
449,cow_000449.jpeg,data/demo/images/cow_000449.jpeg,cow,cow,0.868,train,animals10,ann_4,True,True,,0.132,0.29540912653067897,0.056451612903225805,300,225,1553.7004156830726,138.44404444444444,47.34866068830039,0.7,False,1.0,,e4338cce33dccc64,0.0,,,,0.0,0.20089032258064515,0.20089032258064515,ok,,keep,96.94892361111111,0.014666666666666668,0.014666666666666668,0.014666666666666668,0.868,0.014666666666666668,0.014666666666666668,0.014666666666666668,0.014666666666666668,0.014666666666666668,0.014666666666666668
450,cow_000450.jpeg,data/demo/images/cow_000450.jpeg,cow,cow,0.839,train,animals10,ann_2,True,True,,0.16100000000000003,0.3452977885003792,0.056451612903225805,300,225,1613.0564381550619,104.56853333333333,44.17209240715982,0.7,False,1.0,,91b59f5adac48585,0.0,,,,0.0,0.20959032258064517,0.20959032258064517,ok,,keep,96.94892361111111,0.01788888888888889,0.01788888888888889,0.01788888888888889,0.839,0.01788888888888889,0.01788888888888889,0.01788888888888889,0.01788888888888889,0.01788888888888889,0.01788888888888889
451,cow_000451.jpeg,data/demo/images/cow_000451.jpeg,cow,cow,0.971,train,animals10,ann_1,True,True,,0.029000000000000026,0.08467361425105385,0.056451612903225805,300,200,2500.3808973330556,154.50978333333333,54.410426736239835,0.7,False,1.0,,d98ca6f6d91b0cc4,0.0,,,,0.0,0.16999032258064517,0.16999032258064517,ok,,keep,96.94892361111111,0.0032222222222222253,0.0032222222222222253,0.0032222222222222253,0.971,0.0032222222222222253,0.0032222222222222253,0.0032222222222222253,0.0032222222222222253,0.0032222222222222253,0.0032222222222222253
452,cow_000452.jpeg,data/demo/images/cow_000452.jpeg,cow,cow,0.825,train,animals10,ann_3,True,True,,0.17500000000000004,0.36838626873514746,0.056451612903225805,300,221,2534.9391078306253,154.7598491704374,50.82003683161784,0.7,False,1.0,,85fbea6c8652ab41,0.0,,,,0.0,0.21379032258064518,0.21379032258064518,ok,,keep,96.94892361111111,0.019444444444444448,0.019444444444444448,0.019444444444444448,0.825,0.019444444444444448,0.019444444444444448,0.019444444444444448,0.019444444444444448,0.019444444444444448,0.019444444444444448
453,cow_000453.jpeg,data/demo/images/cow_000453.jpeg,cow,cow,0.855,train,animals10,ann_3,True,True,,0.14500000000000002,0.31813577110909846,0.056451612903225805,300,300,562.3135882883951,219.80016666666666,68.49238116571799,1.0,False,1.0,,ee2e91906e6e8d94,0.0,,,,0.0,0.20479032258064517,0.20479032258064517,ok,,keep,96.94892361111111,0.016111111111111114,0.016111111111111114,0.016111111111111114,0.855,0.016111111111111114,0.016111111111111114,0.016111111111111114,0.016111111111111114,0.016111111111111114,0.016111111111111114
454,cow_000454.jpeg,data/demo/images/cow_000454.jpeg,cow,cow,0.927,train,animals10,ann_2,True,True,,0.07299999999999995,0.18315421650538397,0.056451612903225805,300,188,1122.5821353352449,80.9002304964539,72.52480372931208,0.7,False,1.0,,da1933f3ce1931e0,0.0,,,,0.0,0.18319032258064516,0.18319032258064516,ok,,keep,96.94892361111111,0.008111111111111105,0.008111111111111105,0.008111111111111105,0.927,0.008111111111111105,0.008111111111111105,0.008111111111111105,0.008111111111111105,0.008111111111111105,0.008111111111111105
455,cow_000455.jpeg,data/demo/images/cow_000455.jpeg,cow,cow,0.899,train,animals10,ann_3,True,True,,0.10099999999999998,0.23851206749020762,0.056451612903225805,300,200,2881.625128638889,125.01791666666666,44.68980676835665,0.7,False,1.0,,9e9ef9e1c2524ac1,0.0,,,,0.0,0.19159032258064515,0.19159032258064515,ok,,keep,96.94892361111111,0.01122222222222222,0.01122222222222222,0.01122222222222222,0.899,0.01122222222222222,0.01122222222222222,0.01122222222222222,0.01122222222222222,0.01122222222222222,0.01122222222222222
456,cow_000456.jpeg,data/demo/images/cow_000456.jpeg,cow,cow,0.943,train,animals10,ann_1,True,True,,0.05700000000000005,0.14934242567046443,0.056451612903225805,300,200,400.4020212997223,111.24236666666667,44.73252349687964,0.7,False,1.0,,95ccd1b782999ca6,0.0,,,,0.0,0.17839032258064516,0.17839032258064516,ok,,keep,96.94892361111111,0.006333333333333339,0.006333333333333339,0.006333333333333339,0.943,0.006333333333333339,0.006333333333333339,0.006333333333333339,0.006333333333333339,0.006333333333333339,0.006333333333333339
457,cow_000457.jpeg,data/demo/images/cow_000457.jpeg,cow,cow,0.935,val,animals10,ann_4,True,True,,0.06499999999999995,0.16647753442302177,0.056451612903225805,300,225,543.8753641314678,83.04728888888889,53.27126875598233,0.7,False,1.0,,92cd69a6d64bc692,0.0,,,,0.0,0.18079032258064515,0.18079032258064515,ok,,keep,96.94892361111111,0.007222222222222217,0.007222222222222217,0.007222222222222217,0.935,0.007222222222222217,0.007222222222222217,0.007222222222222217,0.007222222222222217,0.007222222222222217,0.007222222222222217
458,cow_000458.jpeg,data/demo/images/cow_000458.jpeg,cow,cow,0.975,val,animals10,ann_4,True,True,,0.025000000000000022,0.07462805787016473,0.056451612903225805,300,185,3661.855856828504,114.7690990990991,68.1615167117754,0.7,False,1.0,,f9b9864669a5e41c,0.0,,,,0.0,0.16879032258064516,0.16879032258064516,ok,,keep,96.94892361111111,0.00277777777777778,0.00277777777777778,0.00277777777777778,0.975,0.00277777777777778,0.00277777777777778,0.00277777777777778,0.00277777777777778,0.00277777777777778,0.00277777777777778
459,cow_000459.jpeg,data/demo/images/cow_000459.jpeg,cow,cow,0.839,val,animals10,ann_1,True,True,,0.16100000000000003,0.3452977885003792,0.056451612903225805,300,212,1750.0675266403125,146.6203459119497,39.72195479784581,0.7,False,1.0,,c3ed2d528e0aab66,0.0,,,,0.0,0.20959032258064517,0.20959032258064517,ok,,keep,96.94892361111111,0.01788888888888889,0.01788888888888889,0.01788888888888889,0.839,0.01788888888888889,0.01788888888888889,0.01788888888888889,0.01788888888888889,0.01788888888888889,0.01788888888888889
460,cow_000460.jpeg,data/demo/images/cow_000460.jpeg,cow,cow,0.915,val,animals10,ann_2,True,True,,0.08499999999999996,0.20740969920288294,0.056451612903225805,201,300,773.741094456958,228.67630182421226,42.218513292142184,0.7,False,0.8,too_bright,b9878ee05b2c94b3,0.0,,,,0.0,0.15679032258064515,0.15679032258064515,ok,too_bright,keep,96.94892361111111,0.009444444444444441,0.009444444444444441,0.009444444444444441,0.915,0.009444444444444441,0.009444444444444441,0.009444444444444441,0.009444444444444441,0.009444444444444441,0.009444444444444441
461,cow_000461.jpeg,data/demo/images/cow_000461.jpeg,cow,elephant,0.479,val,animals10,ann_3,True,True,,0.521,0.7978071783103154,0.056451612903225805,225,300,1463.6356691832098,102.28352592592593,72.63420007446034,0.7,False,1.0,,8b52949da66e9565,0.0,,,,0.4211111111111111,0.4228681003584229,0.4228681003584229,hard_example,model_disagreement;high_entropy;low_confidence,send_to_review,96.94892361111111,0.05788888888888889,0.05788888888888889,0.05788888888888889,0.05788888888888889,0.05788888888888889,0.479,0.05788888888888889,0.05788888888888889,0.05788888888888889,0.05788888888888889
462,cow_000462.jpeg,data/demo/images/cow_000462.jpeg,cow,cow,0.82,val,animals10,ann_1,True,True,,0.18000000000000005,0.3764872374828909,0.056451612903225805,300,200,2027.8033288975,98.55038333333333,44.07647136723162,0.7,False,1.0,,c3ddb2d64f181866,0.0,,,,0.0,0.21529032258064518,0.21529032258064518,ok,,keep,96.94892361111111,0.020000000000000004,0.020000000000000004,0.020000000000000004,0.82,0.020000000000000004,0.020000000000000004,0.020000000000000004,0.020000000000000004,0.020000000000000004,0.020000000000000004
463,cow_000463.jpeg,data/demo/images/cow_000463.jpeg,cow,cow,0.882,val,animals10,ann_4,True,True,,0.118,0.2702152428225078,0.056451612903225805,300,222,3043.8610242097957,119.41881381381381,53.402505118648854,0.7,False,1.0,,c4519b72a66cda66,0.0,,,,0.0,0.19669032258064514,0.19669032258064514,ok,,keep,96.94892361111111,0.01311111111111111,0.01311111111111111,0.01311111111111111,0.882,0.01311111111111111,0.01311111111111111,0.01311111111111111,0.01311111111111111,0.01311111111111111,0.01311111111111111
464,cow_000464.jpeg,data/demo/images/cow_000464.jpeg,cow,cow,0.929,val,animals10,ann_2,True,True,,0.07099999999999995,0.1790252727680998,0.056451612903225805,300,200,2048.290766493056,124.09101666666666,50.043354863222234,0.7,False,1.0,,fc7e5a58647223c4,0.0,,,,0.0,0.18259032258064514,0.18259032258064514,ok,,keep,96.94892361111111,0.007888888888888883,0.007888888888888883,0.007888888888888883,0.929,0.007888888888888883,0.007888888888888883,0.007888888888888883,0.007888888888888883,0.007888888888888883,0.007888888888888883
465,cow_000465.jpeg,data/demo/images/cow_000465.jpeg,cow,cow,0.856,val,animals10,ann_4,True,True,,0.14400000000000002,0.316409175590959,0.056451612903225805,300,221,2433.377060677846,120.48285067873303,62.95391518741435,0.7,False,1.0,,c93f3a70c66cc83c,0.0,,,,0.0,0.20449032258064515,0.20449032258064515,ok,,keep,96.94892361111111,0.016,0.016,0.016,0.856,0.016,0.016,0.016,0.016,0.016,0.016
466,cow_000466.jpeg,data/demo/images/cow_000466.jpeg,spider,cow,0.951,val,animals10,ann_3,True,True,,0.049000000000000044,0.13168859909070477,0.03225806451612903,300,210,687.2051476099774,104.00528571428572,57.47648369907845,0.7,False,1.0,,9d9e436370f0e847,0.0,,,,0.951,0.4089016129032258,0.4089016129032258,suspected_label_error,model_disagreement;suspected_label_error,recheck_label,96.94892361111111,0.00544444444444445,0.00544444444444445,0.00544444444444445,0.951,0.00544444444444445,0.00544444444444445,0.00544444444444445,0.00544444444444445,0.00544444444444445,0.00544444444444445
467,cow_000467.jpeg,data/demo/images/cow_000467.jpeg,cow,cow,0.893,val,animals10,ann_3,True,True,,0.10699999999999998,0.24984952716727368,0.056451612903225805,300,225,543.1720331421674,132.23374814814815,44.370828241540345,0.7,False,1.0,,9bd3c4ec6b111e32,0.0,,,,0.0,0.19339032258064515,0.19339032258064515,ok,,keep,96.94892361111111,0.011888888888888886,0.011888888888888886,0.011888888888888886,0.893,0.011888888888888886,0.011888888888888886,0.011888888888888886,0.011888888888888886,0.011888888888888886,0.011888888888888886
468,cow_000468.jpeg,data/demo/images/cow_000468.jpeg,cow,cow,0.948,val,animals10,ann_1,True,True,,0.052000000000000046,0.13837412848240416,0.056451612903225805,300,225,1582.3409591299862,140.9588,48.74678981609779,0.7,False,1.0,,d1586a23279d9cf8,0.0,,,,0.0,0.17689032258064516,0.17689032258064516,ok,,keep,96.94892361111111,0.005777777777777783,0.005777777777777783,0.005777777777777783,0.948,0.005777777777777783,0.005777777777777783,0.005777777777777783,0.005777777777777783,0.005777777777777783,0.005777777777777783
469,cow_000469.jpeg,data/demo/images/cow_000469.jpeg,cow,cow,0.869,test,animals10,ann_1,True,True,,0.131,0.2936350389288106,0.056451612903225805,222,300,2526.8849833074064,95.64647147147147,63.06153117611571,0.7,False,1.0,,aa0a959f4a64e49f,0.0,,,,0.0,0.20059032258064516,0.20059032258064516,ok,,keep,96.94892361111111,0.014555555555555556,0.014555555555555556,0.014555555555555556,0.869,0.014555555555555556,0.014555555555555556,0.014555555555555556,0.014555555555555556,0.014555555555555556,0.014555555555555556
470,cow_000470.jpeg,data/demo/images/cow_000470.jpeg,cow,cow,0.956,test,animals10,ann_4,True,True,,0.04400000000000004,0.12035700329104203,0.056451612903225805,300,211,2864.143025870688,114.35257503949447,47.783912174721124,0.7,False,1.0,,f80d3d32465e4ec9,0.0,,,,0.0,0.17449032258064517,0.17449032258064517,ok,,keep,96.94892361111111,0.004888888888888893,0.004888888888888893,0.004888888888888893,0.956,0.004888888888888893,0.004888888888888893,0.004888888888888893,0.004888888888888893,0.004888888888888893,0.004888888888888893
471,cow_000471.jpeg,data/demo/images/cow_000471.jpeg,cow,cow,0.855,test,animals10,ann_3,True,True,,0.14500000000000002,0.31813577110909846,0.056451612903225805,195,300,1589.8516808520712,115.5254188034188,43.42256241326628,0.7,False,1.0,,b36759122ea9c9d4,0.0,,,,0.0,0.20479032258064517,0.20479032258064517,ok,,keep,96.94892361111111,0.016111111111111114,0.016111111111111114,0.016111111111111114,0.855,0.016111111111111114,0.016111111111111114,0.016111111111111114,0.016111111111111114,0.016111111111111114,0.016111111111111114
472,cow_000472.jpeg,data/demo/images/cow_000472.jpeg,cow,cow,0.88,test,animals10,ann_3,True,True,,0.12,0.2738625957719109,0.056451612903225805,300,216,647.8380082530769,128.36242283950617,35.291846604030816,0.7,False,1.0,,c4c59bba2ec5f038,0.0,,,,0.0,0.19729032258064516,0.19729032258064516,ok,,keep,96.94892361111111,0.013333333333333332,0.013333333333333332,0.013333333333333332,0.88,0.013333333333333332,0.013333333333333332,0.013333333333333332,0.013333333333333332,0.013333333333333332,0.013333333333333332
473,cow_000473.jpeg,data/demo/images/cow_000473.jpeg,cow,cow,0.935,test,animals10,ann_2,True,True,,0.06499999999999995,0.16647753442302177,0.056451612903225805,300,205,1724.2483773444378,210.93217886178863,78.15297508165861,0.7,False,1.0,,b869c39694356d39,0.0,,,,0.0,0.18079032258064515,0.18079032258064515,ok,,keep,96.94892361111111,0.007222222222222217,0.007222222222222217,0.007222222222222217,0.935,0.007222222222222217,0.007222222222222217,0.007222222222222217,0.007222222222222217,0.007222222222222217,0.007222222222222217
474,cow_000474.jpeg,data/demo/images/cow_000474.jpeg,cow,cow,0.828,test,animals10,ann_2,True,True,,0.17200000000000004,0.3634896955546401,0.056451612903225805,300,225,937.1518467535802,129.02051851851851,58.55244570049074,0.7,False,1.0,,8e8ed47929d4b0ab,0.0,,,,0.0,0.21289032258064516,0.21289032258064516,ok,,keep,96.94892361111111,0.019111111111111117,0.019111111111111117,0.019111111111111117,0.828,0.019111111111111117,0.019111111111111117,0.019111111111111117,0.019111111111111117,0.019111111111111117,0.019111111111111117
475,cow_000475.jpeg,data/demo/images/cow_000475.jpeg,cow,cow,0.936,test,animals10,ann_3,True,True,,0.06399999999999995,0.16436180350733687,0.056451612903225805,300,233,2919.576394748271,115.11723891273247,67.0138516447305,0.7,False,1.0,,d20ecf7266db48a4,0.0,,,,0.0,0.18049032258064515,0.18049032258064515,ok,,keep,96.94892361111111,0.007111111111111105,0.007111111111111105,0.007111111111111105,0.936,0.007111111111111105,0.007111111111111105,0.007111111111111105,0.007111111111111105,0.007111111111111105,0.007111111111111105
476,cow_000476.jpeg,data/demo/images/cow_000476.jpeg,cow,cow,0.925,test,animals10,ann_2,True,True,,0.07499999999999996,0.187257486327022,0.056451612903225805,300,214,1423.690704131365,124.77677570093458,63.637844347664725,0.7,False,1.0,,fe8f85b0f812324b,0.0,,,,0.0,0.18379032258064515,0.18379032258064515,ok,,keep,96.94892361111111,0.008333333333333328,0.008333333333333328,0.008333333333333328,0.925,0.008333333333333328,0.008333333333333328,0.008333333333333328,0.008333333333333328,0.008333333333333328,0.008333333333333328
477,cow_000477.jpeg,data/demo/images/cow_000477.jpeg,cow,cow,0.908,test,animals10,ann_3,True,True,,0.09199999999999997,0.22117987595253683,0.056451612903225805,300,200,2788.569552888889,119.90223333333333,84.06939241887554,0.7,False,1.0,,ecc6819c97b19c69,0.0,,,,0.0,0.18889032258064514,0.18889032258064514,ok,,keep,96.94892361111111,0.01022222222222222,0.01022222222222222,0.01022222222222222,0.908,0.01022222222222222,0.01022222222222222,0.01022222222222222,0.01022222222222222,0.01022222222222222,0.01022222222222222
478,cow_000478.jpeg,data/demo/images/cow_000478.jpeg,cow,cow,0.896,test,animals10,ann_3,True,True,,0.10399999999999998,0.24420177269440774,0.056451612903225805,300,200,996.9759263263888,98.25731666666667,26.638842031884984,0.7,False,1.0,,e94d3636de1ac930,0.0,,,,0.0,0.19249032258064513,0.19249032258064513,ok,,keep,96.94892361111111,0.011555555555555553,0.011555555555555553,0.011555555555555553,0.896,0.011555555555555553,0.011555555555555553,0.011555555555555553,0.011555555555555553,0.011555555555555553,0.011555555555555553
479,cow_000479.jpeg,data/demo/images/cow_000479.jpeg,cow,cow,0.883,test,animals10,ann_3,True,True,,0.11699999999999999,0.2683853221781624,0.056451612903225805,300,220,1490.545829399449,163.57671212121213,64.32384467705843,0.7,False,1.0,,daeca6578932ae18,0.0,,,,0.0,0.19639032258064515,0.19639032258064515,ok,,keep,96.94892361111111,0.013,0.013,0.013,0.883,0.013,0.013,0.013,0.013,0.013,0.013
480,cow_000480.jpeg,data/demo/images/cow_000480.jpeg,cow,cow,0.968,test,animals10,ann_4,True,True,,0.03200000000000003,0.09204361077835214,0.056451612903225805,300,248,2941.8509333420047,110.0948252688172,71.29600288224857,0.7,False,1.0,,dad18d0e3626253f,0.0,,,,0.0,0.17089032258064515,0.17089032258064515,ok,,keep,96.94892361111111,0.0035555555555555588,0.0035555555555555588,0.0035555555555555588,0.968,0.0035555555555555588,0.0035555555555555588,0.0035555555555555588,0.0035555555555555588,0.0035555555555555588,0.0035555555555555588
481,dog_000481.jpeg,data/demo/images/dog_000481.jpeg,dog,dog,0.868,train,animals10,ann_1,True,True,,0.132,0.29540912653067897,0.008064516129032258,300,240,1485.8064674930556,120.80355555555556,59.802880770654646,0.7,False,1.0,,91356cc043b36dee,0.0,,,,0.0,0.19121290322580645,0.19121290322580645,ok,,keep,96.94892361111111,0.014666666666666668,0.014666666666666668,0.014666666666666668,0.014666666666666668,0.868,0.014666666666666668,0.014666666666666668,0.014666666666666668,0.014666666666666668,0.014666666666666668
482,dog_000482.jpeg,data/demo/images/dog_000482.jpeg,dog,dog,0.96,train,animals10,ann_1,True,True,,0.040000000000000036,0.11110691266352452,0.008064516129032258,300,200,2993.1723523997225,123.42976666666667,43.951492207647384,0.7,False,1.0,,c2a999592776ba64,0.0,,,,0.0,0.16361290322580646,0.16361290322580646,ok,,keep,96.94892361111111,0.004444444444444449,0.004444444444444449,0.004444444444444449,0.004444444444444449,0.96,0.004444444444444449,0.004444444444444449,0.004444444444444449,0.004444444444444449,0.004444444444444449
483,dog_000483.jpeg,data/demo/images/dog_000483.jpeg,dog,dog,0.924,train,animals10,ann_3,True,True,,0.07599999999999996,0.1892996919537253,0.008064516129032258,300,200,435.7416051155556,178.2241,45.85954585314454,0.7,False,1.0,,e44f4b333364c4d5,0.0,,,,0.0,0.17441290322580644,0.17441290322580644,ok,,keep,96.94892361111111,0.00844444444444444,0.00844444444444444,0.00844444444444444,0.00844444444444444,0.924,0.00844444444444444,0.00844444444444444,0.00844444444444444,0.00844444444444444,0.00844444444444444
484,dog_000484.jpeg,data/demo/images/dog_000484.jpeg,cow,dog,0.821,train,animals10,ann_2,True,True,,0.17900000000000005,0.3748729803062328,0.056451612903225805,300,225,616.4635197846914,73.4866074074074,62.559667860856536,0.7,False,1.0,,de1971a613cc9c93,0.0,,,,0.821,0.42024032258064514,0.42024032258064514,suspected_label_error,model_disagreement;suspected_label_error,recheck_label,96.94892361111111,0.019888888888888893,0.019888888888888893,0.019888888888888893,0.019888888888888893,0.821,0.019888888888888893,0.019888888888888893,0.019888888888888893,0.019888888888888893,0.019888888888888893
485,dog_000485.jpeg,data/demo/images/dog_000485.jpeg,dog,dog,0.826,train,animals10,ann_2,True,True,,0.17400000000000004,0.3667571040116898,0.008064516129032258,300,300,914.6110663988889,144.69927777777778,44.51439142482844,1.0,False,1.0,,d54a8ac7f52a2c5c,0.0,,,,0.0,0.20381290322580645,0.20381290322580645,ok,,keep,96.94892361111111,0.019333333333333338,0.019333333333333338,0.019333333333333338,0.019333333333333338,0.826,0.019333333333333338,0.019333333333333338,0.019333333333333338,0.019333333333333338,0.019333333333333338
486,dog_000486.jpeg,data/demo/images/dog_000486.jpeg,dog,dog,0.879,train,animals10,ann_4,True,True,,0.121,0.27568008830107765,0.008064516129032258,300,162,2648.5825921315345,81.00631687242799,41.050642481731835,0.7,False,1.0,,b6cf594973323264,0.0,,,,0.0,0.18791290322580645,0.18791290322580645,ok,,keep,96.94892361111111,0.013444444444444445,0.013444444444444445,0.013444444444444445,0.013444444444444445,0.879,0.013444444444444445,0.013444444444444445,0.013444444444444445,0.013444444444444445,0.013444444444444445
487,dog_000487.jpeg,data/demo/images/dog_000487.jpeg,dog,dog,0.848,train,animals10,ann_2,True,True,,0.15200000000000002,0.3301249490105339,0.008064516129032258,300,300,435.9595253677777,90.94466666666666,46.751151909753936,1.0,False,1.0,,cc4cb9330cdec1e3,0.0,,,,0.0,0.19721290322580645,0.19721290322580645,ok,,keep,96.94892361111111,0.01688888888888889,0.01688888888888889,0.01688888888888889,0.01688888888888889,0.848,0.01688888888888889,0.01688888888888889,0.01688888888888889,0.01688888888888889,0.01688888888888889
488,dog_000488.jpeg,data/demo/images/dog_000488.jpeg,dog,dog,0.849,train,animals10,ann_1,True,True,,0.15100000000000002,0.328422466524009,0.008064516129032258,300,300,2698.580548070988,133.66133333333335,90.82146475610512,1.0,False,1.0,,fac60eca3d686532,0.0,,,,0.0,0.19691290322580646,0.19691290322580646,ok,,keep,96.94892361111111,0.01677777777777778,0.01677777777777778,0.01677777777777778,0.01677777777777778,0.849,0.01677777777777778,0.01677777777777778,0.01677777777777778,0.01677777777777778,0.01677777777777778
489,dog_000489.jpeg,data/demo/images/dog_000489.jpeg,dog,cow,0.52,train,animals10,ann_3,True,True,,0.48,0.7587188675575535,0.008064516129032258,225,300,3784.734348584691,87.30936296296296,57.70230522163287,0.7,False,1.0,,8db9b662268b6897,0.0,,,,0.4666666666666667,0.41227956989247305,0.41227956989247305,hard_example,model_disagreement;high_entropy;low_confidence,send_to_review,96.94892361111111,0.05333333333333333,0.05333333333333333,0.05333333333333333,0.52,0.05333333333333333,0.05333333333333333,0.05333333333333333,0.05333333333333333,0.05333333333333333,0.05333333333333333
490,dog_000490.jpeg,data/demo/images/dog_000490.jpeg,dog,dog,0.871,train,animals10,ann_1,True,True,,0.129,0.2900753937344504,0.008064516129032258,300,225,4369.09831558321,108.00263703703703,42.98589700348457,0.7,False,1.0,,87cf64c4cd651671,0.0,,,,0.0,0.19031290322580643,0.19031290322580643,ok,,keep,96.94892361111111,0.014333333333333333,0.014333333333333333,0.014333333333333333,0.014333333333333333,0.871,0.014333333333333333,0.014333333333333333,0.014333333333333333,0.014333333333333333,0.014333333333333333
491,dog_000491.jpeg,data/demo/images/dog_000491.jpeg,dog,dog,0.825,train,animals10,ann_2,True,True,,0.17500000000000004,0.36838626873514757,0.008064516129032258,300,222,1535.2929455290875,172.0894894894895,41.01149854190032,0.7,False,1.0,,8e4fb138a663c333,0.0,,,,0.0,0.20411290322580644,0.20411290322580644,ok,,keep,96.94892361111111,0.019444444444444448,0.019444444444444448,0.019444444444444448,0.019444444444444448,0.825,0.019444444444444448,0.019444444444444448,0.019444444444444448,0.019444444444444448,0.019444444444444448
492,dog_000492.jpeg,data/demo/images/dog_000492.jpeg,dog,horse,0.625,train,animals10,ann_2,True,True,,0.375,0.6451542004588605,0.008064516129032258,300,300,603.6165933032098,216.58551111111112,57.43908966186015,1.0,False,1.0,,b98c86d3632e1e99,0.0,,,,0.5833333333333334,0.40994623655913975,0.40994623655913975,suspected_label_error,model_disagreement;suspected_label_error,recheck_label,96.94892361111111,0.041666666666666664,0.041666666666666664,0.041666666666666664,0.041666666666666664,0.041666666666666664,0.041666666666666664,0.625,0.041666666666666664,0.041666666666666664,0.041666666666666664
493,dog_000493.jpeg,data/demo/images/dog_000493.jpeg,dog,cow,0.471,train,animals10,ann_1,True,True,,0.529,0.8050933853861346,0.008064516129032258,299,300,205.8425945894217,224.5058751393534,37.49928217875616,1.0,False,0.8,too_bright,a6d0d99fc20ec969,0.0,,,,0.4122222222222222,0.383368458781362,0.383368458781362,hard_example,too_bright;model_disagreement;high_entropy;low_confidence,send_to_review,96.94892361111111,0.05877777777777778,0.05877777777777778,0.05877777777777778,0.471,0.05877777777777778,0.05877777777777778,0.05877777777777778,0.05877777777777778,0.05877777777777778,0.05877777777777778
494,dog_000494.jpeg,data/demo/images/dog_000494.jpeg,dog,dog,0.977,train,animals10,ann_4,True,True,,0.02300000000000002,0.06950084439251457,0.008064516129032258,231,300,535.5791898544297,71.08444444444444,51.67887355185778,0.7,False,1.0,,ee96a0e3532d40b7,0.0,,,,0.0,0.15851290322580644,0.15851290322580644,ok,,keep,96.94892361111111,0.002555555555555558,0.002555555555555558,0.002555555555555558,0.002555555555555558,0.977,0.002555555555555558,0.002555555555555558,0.002555555555555558,0.002555555555555558,0.002555555555555558
495,dog_000495.jpeg,data/demo/images/dog_000495.jpeg,dog,dog,0.922,train,animals10,ann_3,True,True,,0.07799999999999996,0.19336562317201902,0.008064516129032258,300,233,372.5753246290941,110.74290414878398,49.21639623660706,0.7,False,1.0,,d9626c1b9acda4b2,0.0,,,,0.0,0.17501290322580643,0.17501290322580643,ok,,keep,96.94892361111111,0.008666666666666663,0.008666666666666663,0.008666666666666663,0.008666666666666663,0.922,0.008666666666666663,0.008666666666666663,0.008666666666666663,0.008666666666666663,0.008666666666666663
496,dog_000496.jpeg,data/demo/images/dog_000496.jpeg,dog,dog,0.861,train,animals10,ann_3,True,True,,0.139,0.30772293383220556,0.008064516129032258,225,300,5320.39231213037,113.70367407407407,47.73900787015903,0.7,False,1.0,,9a9e6d6990b27319,0.0,,,,0.0,0.19331290322580644,0.19331290322580644,ok,,keep,96.94892361111111,0.015444444444444446,0.015444444444444446,0.015444444444444446,0.015444444444444446,0.861,0.015444444444444446,0.015444444444444446,0.015444444444444446,0.015444444444444446,0.015444444444444446
497,dog_000497.jpeg,data/demo/images/dog_000497.jpeg,dog,dog,0.918,train,animals10,ann_1,True,True,,0.08199999999999996,0.20142556419287463,0.008064516129032258,300,225,725.893073177284,126.64715555555556,59.173655462528465,0.7,False,1.0,,ad3d96cab3195921,0.0,,,,0.0,0.17621290322580643,0.17621290322580643,ok,,keep,96.94892361111111,0.009111111111111106,0.009111111111111106,0.009111111111111106,0.009111111111111106,0.918,0.009111111111111106,0.009111111111111106,0.009111111111111106,0.009111111111111106,0.009111111111111106
498,dog_000498.jpeg,data/demo/images/dog_000498.jpeg,dog,dog,0.956,train,animals10,ann_2,True,True,,0.04400000000000004,0.12035700329104203,0.008064516129032258,300,225,1354.6415440809876,160.33278518518517,77.0290623025213,0.7,False,1.0,,e50d1a73d30ede05,0.0,,,,0.0,0.16481290322580647,0.16481290322580647,ok,,keep,96.94892361111111,0.004888888888888893,0.004888888888888893,0.004888888888888893,0.004888888888888893,0.956,0.004888888888888893,0.004888888888888893,0.004888888888888893,0.004888888888888893,0.004888888888888893
499,dog_000499.jpeg,data/demo/images/dog_000499.jpeg,dog,dog,0.949,train,animals10,ann_2,True,True,,0.051000000000000045,0.13615464906396568,0.008064516129032258,300,200,1359.1108381822223,136.09035,48.02367596867369,0.7,False,1.0,,b85346069639f9d3,0.0,,,,0.0,0.16691290322580646,0.16691290322580646,ok,,keep,96.94892361111111,0.005666666666666671,0.005666666666666671,0.005666666666666671,0.005666666666666671,0.949,0.005666666666666671,0.005666666666666671,0.005666666666666671,0.005666666666666671,0.005666666666666671
500,dog_000500.jpeg,data/demo/images/dog_000500.jpeg,dog,cat,0.615,train,animals10,ann_3,True,True,,0.385,0.6568227847285412,0.008064516129032258,300,225,723.8964967846365,115.67426666666667,62.17401232755263,0.7,False,1.0,,fa1e97f9d0d018c1,0.0,,,,0.5722222222222222,0.410168458781362,0.410168458781362,suspected_label_error,model_disagreement;suspected_label_error;high_entropy,recheck_label,96.94892361111111,0.042777777777777776,0.615,0.042777777777777776,0.042777777777777776,0.042777777777777776,0.042777777777777776,0.042777777777777776,0.042777777777777776,0.042777777777777776,0.042777777777777776
501,dog_000501.jpeg,data/demo/images/dog_000501.jpeg,dog,cow,0.508,train,animals10,ann_3,True,True,,0.492,0.7704617138994309,0.008064516129032258,169,300,496.4782839921571,136.32197238658776,108.31493566640466,0.7,False,1.0,,b993476c301a79b5,0.0,,,,0.45333333333333337,0.4125462365591398,0.4125462365591398,hard_example,model_disagreement;high_entropy;low_confidence,send_to_review,96.94892361111111,0.05466666666666667,0.05466666666666667,0.05466666666666667,0.508,0.05466666666666667,0.05466666666666667,0.05466666666666667,0.05466666666666667,0.05466666666666667,0.05466666666666667
502,dog_000502.jpeg,data/demo/images/dog_000502.jpeg,dog,dog,0.927,train,animals10,ann_3,True,True,,0.07299999999999995,0.18315421650538397,0.008064516129032258,300,200,193.4476110663889,177.70631666666668,43.617548457393326,0.7,False,1.0,,a38e1c30c6f1c71f,0.0,,,,0.0,0.17351290322580643,0.17351290322580643,ok,,keep,96.94892361111111,0.008111111111111105,0.008111111111111105,0.008111111111111105,0.008111111111111105,0.927,0.008111111111111105,0.008111111111111105,0.008111111111111105,0.008111111111111105,0.008111111111111105
503,dog_000503.jpeg,data/demo/images/dog_000503.jpeg,dog,dog,0.888,train,animals10,ann_2,True,True,,0.11199999999999999,0.2591720245638016,0.008064516129032258,300,279,8623.512288798962,114.05007168458782,43.93215867341068,1.0,False,1.0,,f7c725599872852c,0.0,,,,0.0,0.18521290322580644,0.18521290322580644,ok,,keep,96.94892361111111,0.012444444444444444,0.012444444444444444,0.012444444444444444,0.012444444444444444,0.888,0.012444444444444444,0.012444444444444444,0.012444444444444444,0.012444444444444444,0.012444444444444444
504,dog_000504.jpeg,data/demo/images/dog_000504.jpeg,dog,dog,0.825,train,animals10,ann_4,True,True,,0.17500000000000004,0.36838626873514757,0.008064516129032258,300,259,604.9227502159081,121.72942084942085,76.27706248818676,1.0,False,1.0,,d5c76b222d39e419,0.0,,,,0.0,0.20411290322580644,0.20411290322580644,ok,,keep,96.94892361111111,0.019444444444444448,0.019444444444444448,0.019444444444444448,0.019444444444444448,0.825,0.019444444444444448,0.019444444444444448,0.019444444444444448,0.019444444444444448,0.019444444444444448
505,dog_000505.jpeg,data/demo/images/dog_000505.jpeg,dog,dog,0.977,train,animals10,ann_1,True,True,,0.02300000000000002,0.06950084439251457,0.008064516129032258,300,300,339.990196894321,94.4157,70.16705529709476,1.0,False,1.0,,e46bce14c56ac536,0.0,,,,0.0,0.15851290322580644,0.15851290322580644,ok,,keep,96.94892361111111,0.002555555555555558,0.002555555555555558,0.002555555555555558,0.002555555555555558,0.977,0.002555555555555558,0.002555555555555558,0.002555555555555558,0.002555555555555558,0.002555555555555558
506,dog_000506.jpeg,data/demo/images/dog_000506.jpeg,dog,cow,0.487,train,animals10,ann_3,True,True,,0.513,0.7904095905855403,0.008064516129032258,300,188,2508.989746208692,129.0693439716312,46.37870013449462,0.7,False,1.0,,c0d73dc293b06c9d,0.0,,,,0.43,0.4130129032258064,0.4130129032258064,hard_example,model_disagreement;high_entropy;low_confidence,send_to_review,96.94892361111111,0.057,0.057,0.057,0.487,0.057,0.057,0.057,0.057,0.057,0.057
507,dog_000507.jpeg,data/demo/images/dog_000507.jpeg,spider,dog,0.875,train,animals10,ann_4,True,True,,0.125,0.28290951131643977,0.03225806451612903,288,216,150.35394260105642,163.005658436214,39.01101442581931,0.7,False,1.0,,e624f21963669b59,0.0,,,,0.875,0.4127016129032258,0.4127016129032258,suspected_label_error,model_disagreement;suspected_label_error,recheck_label,96.94892361111111,0.013888888888888888,0.013888888888888888,0.013888888888888888,0.013888888888888888,0.875,0.013888888888888888,0.013888888888888888,0.013888888888888888,0.013888888888888888,0.013888888888888888
508,dog_000508.jpeg,data/demo/images/dog_000508.jpeg,dog,dog,0.919,train,animals10,ann_4,True,True,,0.08099999999999996,0.19941939742863374,0.008064516129032258,300,225,8730.202294043567,96.46351111111112,45.61825254059261,0.7,False,1.0,,c9853f18c4e63b1b,0.0,,,,0.0,0.17591290322580644,0.17591290322580644,ok,,keep,96.94892361111111,0.008999999999999996,0.008999999999999996,0.008999999999999996,0.008999999999999996,0.919,0.008999999999999996,0.008999999999999996,0.008999999999999996,0.008999999999999996,0.008999999999999996
509,dog_000509.jpeg,data/demo/images/dog_000509.jpeg,dog,dog,0.943,train,animals10,ann_3,True,True,,0.05700000000000005,0.14934242567046443,0.008064516129032258,300,169,2581.8222257153307,127.13372781065088,70.78120067742664,0.7,False,1.0,,f3c7883da04a8f36,0.0,,,,0.0,0.16871290322580645,0.16871290322580645,ok,,keep,96.94892361111111,0.006333333333333339,0.006333333333333339,0.006333333333333339,0.006333333333333339,0.943,0.006333333333333339,0.006333333333333339,0.006333333333333339,0.006333333333333339,0.006333333333333339
510,dog_000510.jpeg,data/demo/images/dog_000510.jpeg,dog,dog,0.861,train,animals10,ann_4,True,True,,0.139,0.30772293383220556,0.008064516129032258,300,199,448.04343382883144,214.53815745393635,53.35739429154359,0.7,False,1.0,,f8939c4ac734915b,0.0,,,,0.0,0.19331290322580644,0.19331290322580644,ok,,keep,96.94892361111111,0.015444444444444446,0.015444444444444446,0.015444444444444446,0.015444444444444446,0.861,0.015444444444444446,0.015444444444444446,0.015444444444444446,0.015444444444444446,0.015444444444444446
511,dog_000511.jpeg,data/demo/images/dog_000511.jpeg,dog,dog,0.835,train,animals10,ann_3,True,True,,0.16500000000000004,0.35195695189044157,0.008064516129032258,300,264,772.716052318641,102.02717171717171,72.86824102156284,1.0,False,1.0,,f55c426a3e53e1b0,0.0,,,,0.0,0.20111290322580644,0.20111290322580644,ok,,keep,96.94892361111111,0.018333333333333337,0.018333333333333337,0.018333333333333337,0.018333333333333337,0.835,0.018333333333333337,0.018333333333333337,0.018333333333333337,0.018333333333333337,0.018333333333333337
512,dog_000512.jpeg,data/demo/images/dog_000512.jpeg,dog,dog,0.945,train,animals10,ann_4,True,True,,0.05500000000000005,0.14498032671278155,0.008064516129032258,300,260,2973.8761860156146,130.1899358974359,39.77053333550812,1.0,False,1.0,,99c13476c6377199,0.0,,,,0.0,0.16811290322580646,0.16811290322580646,ok,,keep,96.94892361111111,0.006111111111111117,0.006111111111111117,0.006111111111111117,0.006111111111111117,0.945,0.006111111111111117,0.006111111111111117,0.006111111111111117,0.006111111111111117,0.006111111111111117
513,dog_000513.jpeg,data/demo/images/dog_000513.jpeg,dog,dog,0.84,train,animals10,ann_2,True,True,,0.16000000000000003,0.34362499965041876,0.008064516129032258,300,178,779.5347227030117,130.94033707865168,73.44052447451863,0.7,False,1.0,,c33f0e6c3c3c2d70,0.0,,,,0.0,0.19961290322580644,0.19961290322580644,ok,,keep,96.94892361111111,0.01777777777777778,0.01777777777777778,0.01777777777777778,0.01777777777777778,0.84,0.01777777777777778,0.01777777777777778,0.01777777777777778,0.01777777777777778,0.01777777777777778
514,dog_000514.jpeg,data/demo/images/dog_000514.jpeg,dog,dog,0.839,train,animals10,ann_3,True,True,,0.16100000000000003,0.34529778850037923,0.008064516129032258,300,169,463.1921083139791,118.20420118343195,47.52960603461467,0.7,False,1.0,,e8d17286c79e9859,0.0,,,,0.0,0.19991290322580646,0.19991290322580646,ok,,keep,96.94892361111111,0.01788888888888889,0.01788888888888889,0.01788888888888889,0.01788888888888889,0.839,0.01788888888888889,0.01788888888888889,0.01788888888888889,0.01788888888888889,0.01788888888888889
515,dog_000515.jpeg,data/demo/images/dog_000515.jpeg,dog,dog,0.892,train,animals10,ann_1,True,True,,0.10799999999999998,0.2517229709804101,0.008064516129032258,300,247,680.5887151068786,95.34665317139002,34.34386337741763,0.7,False,1.0,,93b43c6a6b492d8d,0.0,,,,0.0,0.18401290322580643,0.18401290322580643,ok,,keep,96.94892361111111,0.011999999999999999,0.011999999999999999,0.011999999999999999,0.011999999999999999,0.892,0.011999999999999999,0.011999999999999999,0.011999999999999999,0.011999999999999999,0.011999999999999999
516,dog_000516.jpeg,data/demo/images/dog_000516.jpeg,dog,dog,0.849,train,animals10,ann_2,True,True,,0.15100000000000002,0.328422466524009,0.008064516129032258,300,169,457.9499833397523,84.11108481262328,39.31268781803165,0.7,False,1.0,,cef293051dad3199,0.0,,,,0.0,0.19691290322580646,0.19691290322580646,ok,,keep,96.94892361111111,0.01677777777777778,0.01677777777777778,0.01677777777777778,0.01677777777777778,0.849,0.01677777777777778,0.01677777777777778,0.01677777777777778,0.01677777777777778,0.01677777777777778
517,dog_000517.jpeg,data/demo/images/dog_000517.jpeg,dog,dog,0.944,train,animals10,ann_2,True,True,,0.05600000000000005,0.14716548405593347,0.008064516129032258,229,300,698.5968933677848,225.47499272197962,42.37227644719208,0.7,False,0.8,too_bright,b59acd8c93e39262,0.0,,,,0.0,0.13841290322580646,0.13841290322580646,ok,too_bright,keep,96.94892361111111,0.006222222222222228,0.006222222222222228,0.006222222222222228,0.006222222222222228,0.944,0.006222222222222228,0.006222222222222228,0.006222222222222228,0.006222222222222228,0.006222222222222228
518,dog_000518.jpeg,data/demo/images/dog_000518.jpeg,dog,dog,0.916,train,animals10,ann_2,True,True,,0.08399999999999996,0.2054206525410096,0.008064516129032258,300,169,1385.3652946835039,130.6833530571992,64.07818980955867,0.7,False,1.0,,cc83e9d2192d965e,0.0,,,,0.0,0.17681290322580645,0.17681290322580645,ok,,keep,96.94892361111111,0.009333333333333329,0.009333333333333329,0.009333333333333329,0.009333333333333329,0.916,0.009333333333333329,0.009333333333333329,0.009333333333333329,0.009333333333333329,0.009333333333333329
519,dog_000519.jpeg,data/demo/images/dog_000519.jpeg,dog,dog,0.828,train,animals10,ann_3,True,True,,0.17200000000000004,0.3634896955546401,0.008064516129032258,300,225,302.37769800076813,81.8533037037037,58.299988109175345,0.7,False,1.0,,9668b3b361669cc6,0.0,,,,0.0,0.20321290322580646,0.20321290322580646,ok,,keep,96.94892361111111,0.019111111111111117,0.019111111111111117,0.019111111111111117,0.019111111111111117,0.828,0.019111111111111117,0.019111111111111117,0.019111111111111117,0.019111111111111117,0.019111111111111117
520,dog_000520.jpeg,data/demo/images/dog_000520.jpeg,dog,dog,0.98,train,animals10,ann_2,True,True,,0.020000000000000018,0.06166269175391802,0.008064516129032258,300,169,523.7464609825364,140.46617357001972,43.62229967966676,0.7,False,1.0,,ee6a24a479991b1b,0.0,,,,0.0,0.15761290322580646,0.15761290322580646,ok,,keep,96.94892361111111,0.0022222222222222244,0.0022222222222222244,0.0022222222222222244,0.0022222222222222244,0.98,0.0022222222222222244,0.0022222222222222244,0.0022222222222222244,0.0022222222222222244,0.0022222222222222244
521,dog_000521.jpeg,data/demo/images/dog_000521.jpeg,dog,chicken,0.596,train,animals10,ann_2,True,True,,0.404,0.6784891271606771,0.008064516129032258,300,177,450.7286056227634,119.26419962335217,57.54416048319177,0.7,False,1.0,,bc71476778003bce,0.0,,,,0.5511111111111111,0.4105906810035842,0.4105906810035842,suspected_label_error,model_disagreement;suspected_label_error;high_entropy,recheck_label,96.94892361111111,0.044888888888888895,0.044888888888888895,0.596,0.044888888888888895,0.044888888888888895,0.044888888888888895,0.044888888888888895,0.044888888888888895,0.044888888888888895,0.044888888888888895
522,dog_000522.jpeg,data/demo/images/dog_000522.jpeg,dog,dog,0.844,train,animals10,ann_4,True,True,,0.15600000000000003,0.33690136483424105,0.008064516129032258,300,235,692.178947073286,123.20470921985816,61.32952242668827,0.7,False,1.0,,ad37968ec9d1990c,0.0,,,,0.0,0.19841290322580646,0.19841290322580646,ok,,keep,96.94892361111111,0.017333333333333336,0.017333333333333336,0.017333333333333336,0.017333333333333336,0.844,0.017333333333333336,0.017333333333333336,0.017333333333333336,0.017333333333333336,0.017333333333333336
523,dog_000523.jpeg,data/demo/images/dog_000523.jpeg,dog,dog,0.973,train,animals10,ann_4,True,True,,0.027000000000000024,0.0796839281985186,0.008064516129032258,300,169,1201.3589011822648,106.96923076923076,67.26528187673495,0.7,False,1.0,,f2f1f004cefc8c07,0.0,,,,0.0,0.15971290322580645,0.15971290322580645,ok,,keep,96.94892361111111,0.0030000000000000027,0.0030000000000000027,0.0030000000000000027,0.0030000000000000027,0.973,0.0030000000000000027,0.0030000000000000027,0.0030000000000000027,0.0030000000000000027,0.0030000000000000027
524,dog_000524.jpeg,data/demo/images/dog_000524.jpeg,dog,dog,0.976,train,animals10,ann_4,True,True,,0.02400000000000002,0.07207372403983002,0.008064516129032258,300,225,6225.92741027358,149.45343703703705,71.58910890192699,0.7,False,1.0,,f91e91b62e85c0ab,0.0,,,,0.0,0.15881290322580646,0.15881290322580646,ok,,keep,96.94892361111111,0.002666666666666669,0.002666666666666669,0.002666666666666669,0.002666666666666669,0.976,0.002666666666666669,0.002666666666666669,0.002666666666666669,0.002666666666666669,0.002666666666666669
525,dog_000525.jpeg,data/demo/images/dog_000525.jpeg,dog,dog,0.97,train,animals10,ann_1,True,True,,0.030000000000000027,0.08714505106038822,0.008064516129032258,193,300,1690.9875824556066,158.06530224525042,86.21706871431726,0.7,False,1.0,,bcc987f0612fc915,0.0,,,,0.0,0.16061290322580646,0.16061290322580646,ok,,keep,96.94892361111111,0.003333333333333336,0.003333333333333336,0.003333333333333336,0.003333333333333336,0.97,0.003333333333333336,0.003333333333333336,0.003333333333333336,0.003333333333333336,0.003333333333333336
526,dog_000526.jpeg,data/demo/images/dog_000526.jpeg,dog,dog,0.927,train,animals10,ann_2,True,True,,0.07299999999999995,0.18315421650538397,0.008064516129032258,300,225,1182.5399491851854,161.34985185185184,58.92325746552394,0.7,False,1.0,,acf3d2cb164e16c8,0.0,,,,0.0,0.17351290322580643,0.17351290322580643,ok,,keep,96.94892361111111,0.008111111111111105,0.008111111111111105,0.008111111111111105,0.008111111111111105,0.927,0.008111111111111105,0.008111111111111105,0.008111111111111105,0.008111111111111105,0.008111111111111105
527,dog_000527.jpeg,data/demo/images/dog_000527.jpeg,dog,dog,0.973,train,animals10,ann_1,True,True,,0.027000000000000024,0.0796839281985186,0.008064516129032258,204,300,2492.5342800674953,108.54434640522877,74.80274077104659,0.7,False,1.0,,b030fa4fcf4ac3c1,0.0,,,,0.0,0.15971290322580645,0.15971290322580645,ok,,keep,96.94892361111111,0.0030000000000000027,0.0030000000000000027,0.0030000000000000027,0.0030000000000000027,0.973,0.0030000000000000027,0.0030000000000000027,0.0030000000000000027,0.0030000000000000027,0.0030000000000000027
528,dog_000528.jpeg,data/demo/images/dog_000528.jpeg,dog,dog,0.897,train,animals10,ann_2,True,True,,0.10299999999999998,0.24230991857412246,0.008064516129032258,300,265,5001.662717775246,103.35095597484276,48.84367992788251,1.0,False,1.0,,adaa9797acd28264,0.0,,,,0.0,0.18251290322580643,0.18251290322580643,ok,,keep,96.94892361111111,0.011444444444444443,0.011444444444444443,0.011444444444444443,0.011444444444444443,0.897,0.011444444444444443,0.011444444444444443,0.011444444444444443,0.011444444444444443,0.011444444444444443
529,dog_000529.jpeg,data/demo/images/dog_000529.jpeg,dog,dog,0.972,train,animals10,ann_2,True,True,,0.028000000000000025,0.08218675153543593,0.008064516129032258,221,300,1556.9107190659488,142.84057315233787,69.21605613018919,0.7,False,1.0,,fbb1911ada586e24,0.0,,,,0.0,0.16001290322580644,0.16001290322580644,ok,,keep,96.94892361111111,0.003111111111111114,0.003111111111111114,0.003111111111111114,0.003111111111111114,0.972,0.003111111111111114,0.003111111111111114,0.003111111111111114,0.003111111111111114,0.003111111111111114
530,dog_000530.jpeg,data/demo/images/dog_000530.jpeg,dog,dog,0.887,train,animals10,ann_2,True,True,,0.11299999999999999,0.26102328431933125,0.008064516129032258,300,225,876.2731606252951,153.5131851851852,58.46660550676963,0.7,False,1.0,,e19c36d729630cf2,0.0,,,,0.0,0.18551290322580644,0.18551290322580644,ok,,keep,96.94892361111111,0.012555555555555554,0.012555555555555554,0.012555555555555554,0.012555555555555554,0.887,0.012555555555555554,0.012555555555555554,0.012555555555555554,0.012555555555555554,0.012555555555555554
531,dog_000531.jpeg,data/demo/images/dog_000531.jpeg,dog,dog,0.856,train,animals10,ann_3,True,True,,0.14400000000000002,0.316409175590959,0.008064516129032258,300,300,3294.5440322191357,129.4068,54.34196130251874,1.0,False,1.0,,d8d6d3c2a8a92793,0.0,,,,0.0,0.19481290322580644,0.19481290322580644,ok,,keep,96.94892361111111,0.016,0.016,0.016,0.016,0.856,0.016,0.016,0.016,0.016,0.016
532,dog_000532.jpeg,data/demo/images/dog_000532.jpeg,dog,dog,0.936,train,animals10,ann_2,True,True,,0.06399999999999995,0.16436180350733687,0.008064516129032258,300,200,747.4050011663888,155.05445,55.70872210462947,0.7,False,1.0,,ffcfc0818368cc27,0.0,,,,0.0,0.17081290322580645,0.17081290322580645,ok,,keep,96.94892361111111,0.007111111111111105,0.007111111111111105,0.007111111111111105,0.007111111111111105,0.936,0.007111111111111105,0.007111111111111105,0.007111111111111105,0.007111111111111105,0.007111111111111105
533,dog_000533.jpeg,data/demo/images/dog_000533.jpeg,dog,dog,0.864,train,animals10,ann_3,True,True,,0.136,0.30246781190069,0.008064516129032258,265,300,701.6435061984889,103.57758490566037,77.64560827070046,1.0,False,1.0,,c4cd3c9b91733631,0.0,,,,0.0,0.19241290322580645,0.19241290322580645,ok,,keep,96.94892361111111,0.015111111111111112,0.015111111111111112,0.015111111111111112,0.015111111111111112,0.864,0.015111111111111112,0.015111111111111112,0.015111111111111112,0.015111111111111112,0.015111111111111112
534,dog_000534.jpeg,data/demo/images/dog_000534.jpeg,cat,dog,0.904,train,animals10,ann_4,True,True,,0.09599999999999997,0.2289329770417035,0.06451612903225806,300,241,1829.0142796867974,123.49432918395574,72.40362953265254,0.7,False,1.0,,a1239b51e11d5db5,0.0,,,,0.904,0.4177032258064516,0.4177032258064516,suspected_label_error,model_disagreement;suspected_label_error,recheck_label,96.94892361111111,0.010666666666666665,0.010666666666666665,0.010666666666666665,0.010666666666666665,0.904,0.010666666666666665,0.010666666666666665,0.010666666666666665,0.010666666666666665,0.010666666666666665
535,dog_000535.jpeg,data/demo/images/dog_000535.jpeg,dog,dog,0.952,train,animals10,ann_4,True,True,,0.04800000000000004,0.12944168185409546,0.008064516129032258,300,220,3348.892729933655,109.86310606060606,45.874551630747135,0.7,False,1.0,,938c4ce7bc783833,0.0,,,,0.0,0.16601290322580645,0.16601290322580645,ok,,keep,96.94892361111111,0.005333333333333338,0.005333333333333338,0.005333333333333338,0.005333333333333338,0.952,0.005333333333333338,0.005333333333333338,0.005333333333333338,0.005333333333333338,0.005333333333333338
536,dog_000536.jpeg,data/demo/images/dog_000536.jpeg,dog,dog,0.941,train,animals10,ann_3,True,True,,0.05900000000000005,0.1536721993820405,0.008064516129032258,211,300,836.0320585518944,91.06906793048974,48.12134970625271,0.7,False,1.0,,e68917da3927d033,0.0,,,,0.0,0.16931290322580647,0.16931290322580647,ok,,keep,96.94892361111111,0.006555555555555561,0.006555555555555561,0.006555555555555561,0.006555555555555561,0.941,0.006555555555555561,0.006555555555555561,0.006555555555555561,0.006555555555555561,0.006555555555555561
537,dog_000537.jpeg,data/demo/images/dog_000537.jpeg,dog,dog,0.827,train,animals10,ann_3,True,True,,0.17300000000000004,0.3651249175488207,0.008064516129032258,300,212,6332.890126873937,137.1793710691824,57.4995290840496,0.7,False,1.0,,f8e3b6a388b480cf,0.0,,,,0.0,0.20351290322580645,0.20351290322580645,ok,,keep,96.94892361111111,0.019222222222222227,0.019222222222222227,0.019222222222222227,0.019222222222222227,0.827,0.019222222222222227,0.019222222222222227,0.019222222222222227,0.019222222222222227,0.019222222222222227
538,dog_000538.jpeg,data/demo/images/dog_000538.jpeg,dog,dog,0.914,train,animals10,ann_4,True,True,,0.08599999999999997,0.2093931617611685,0.008064516129032258,300,200,2962.688804299722,83.13225,57.79298365664729,0.7,False,1.0,,eb6c84d99c3ac3b0,0.0,,,,0.0,0.17741290322580644,0.17741290322580644,ok,,keep,96.94892361111111,0.009555555555555552,0.009555555555555552,0.009555555555555552,0.009555555555555552,0.914,0.009555555555555552,0.009555555555555552,0.009555555555555552,0.009555555555555552,0.009555555555555552
539,dog_000539.jpeg,data/demo/images/dog_000539.jpeg,dog,dog,0.836,train,animals10,ann_3,True,True,,0.16400000000000003,0.3502969281862645,0.008064516129032258,225,300,105.13772002216736,171.60484444444444,57.776516697673486,0.7,False,1.0,,e69a50719a4b6db4,0.0,,,,0.0,0.20081290322580644,0.20081290322580644,ok,,keep,96.94892361111111,0.018222222222222226,0.018222222222222226,0.018222222222222226,0.018222222222222226,0.836,0.018222222222222226,0.018222222222222226,0.018222222222222226,0.018222222222222226,0.018222222222222226
540,dog_000540.jpeg,data/demo/images/dog_000540.jpeg,dog,dog,0.899,train,animals10,ann_4,True,True,,0.10099999999999998,0.23851206749020762,0.008064516129032258,300,220,3160.5259669412303,93.88504545454545,52.768682579822425,0.7,False,1.0,,a46d5b36b04ccc79,0.0,,,,0.0,0.18191290322580644,0.18191290322580644,ok,,keep,96.94892361111111,0.01122222222222222,0.01122222222222222,0.01122222222222222,0.01122222222222222,0.899,0.01122222222222222,0.01122222222222222,0.01122222222222222,0.01122222222222222,0.01122222222222222
541,dog_000541.jpeg,data/demo/images/dog_000541.jpeg,dog,dog,0.958,train,animals10,ann_3,True,True,,0.04200000000000004,0.11575355315954997,0.008064516129032258,300,200,6589.367173099722,110.60533333333333,53.47285577644875,0.7,False,1.0,,bb64c43b92cd6643,0.0,,,,0.0,0.16421290322580645,0.16421290322580645,ok,,keep,96.94892361111111,0.0046666666666666705,0.0046666666666666705,0.0046666666666666705,0.0046666666666666705,0.958,0.0046666666666666705,0.0046666666666666705,0.0046666666666666705,0.0046666666666666705,0.0046666666666666705
542,dog_000542.jpeg,data/demo/images/dog_000542.jpeg,dog,dog,0.965,train,animals10,ann_3,True,True,,0.03500000000000003,0.09928724455841263,0.008064516129032258,300,200,450.7574635663889,182.92493333333334,42.05212398514755,0.7,False,1.0,,8002466f5f9d99fc,0.0,,,,0.0,0.16211290322580646,0.16211290322580646,ok,,keep,96.94892361111111,0.0038888888888888922,0.0038888888888888922,0.0038888888888888922,0.0038888888888888922,0.965,0.0038888888888888922,0.0038888888888888922,0.0038888888888888922,0.0038888888888888922,0.0038888888888888922
543,dog_000543.jpeg,data/demo/images/dog_000543.jpeg,dog,dog,0.977,train,animals10,ann_1,True,True,,0.02300000000000002,0.06950084439251457,0.008064516129032258,300,169,2679.8521142579816,64.58406311637081,64.2345287895578,0.7,False,1.0,,cf662431339967cc,0.0,,,,0.0,0.15851290322580644,0.15851290322580644,ok,,keep,96.94892361111111,0.002555555555555558,0.002555555555555558,0.002555555555555558,0.002555555555555558,0.977,0.002555555555555558,0.002555555555555558,0.002555555555555558,0.002555555555555558,0.002555555555555558
544,dog_000544.jpeg,data/demo/images/dog_000544.jpeg,spider,dog,0.899,train,animals10,ann_4,True,True,,0.10099999999999998,0.23851206749020762,0.03225806451612903,300,225,959.4575400287515,90.9265925925926,73.32865048344274,0.7,False,1.0,,b44be8358076df68,0.0,,,,0.899,0.41150161290322584,0.41150161290322584,suspected_label_error,model_disagreement;suspected_label_error,recheck_label,96.94892361111111,0.01122222222222222,0.01122222222222222,0.01122222222222222,0.01122222222222222,0.899,0.01122222222222222,0.01122222222222222,0.01122222222222222,0.01122222222222222,0.01122222222222222
545,dog_000545.jpeg,data/demo/images/dog_000545.jpeg,dog,sheep,0.579,train,animals10,ann_4,True,True,,0.42100000000000004,0.6973224413860092,0.008064516129032258,300,203,9351.860798203197,119.02057471264368,55.70962058990072,0.7,False,1.0,,9de3ca0c86163f4d,0.0,,,,0.5322222222222222,0.410968458781362,0.410968458781362,suspected_label_error,model_disagreement;suspected_label_error;high_entropy,recheck_label,96.94892361111111,0.04677777777777778,0.04677777777777778,0.04677777777777778,0.04677777777777778,0.04677777777777778,0.04677777777777778,0.04677777777777778,0.579,0.04677777777777778,0.04677777777777778
546,dog_000546.jpeg,data/demo/images/dog_000546.jpeg,dog,dog,0.927,train,animals10,ann_1,True,True,,0.07299999999999995,0.18315421650538397,0.008064516129032258,300,163,1863.9667837366856,128.43114519427402,41.62126471160676,0.7,False,1.0,,8a45323cb45b719f,0.0,,,,0.0,0.17351290322580643,0.17351290322580643,ok,,keep,96.94892361111111,0.008111111111111105,0.008111111111111105,0.008111111111111105,0.008111111111111105,0.927,0.008111111111111105,0.008111111111111105,0.008111111111111105,0.008111111111111105,0.008111111111111105
547,dog_000547.jpeg,data/demo/images/dog_000547.jpeg,dog,dog,0.947,train,animals10,ann_1,True,True,,0.05300000000000005,0.14058479745239807,0.008064516129032258,300,199,1623.8362536625057,157.98201005025126,39.277226402619696,0.7,False,1.0,,fa574a389516a939,0.0,,,,0.0,0.16751290322580648,0.16751290322580648,ok,,keep,96.94892361111111,0.005888888888888894,0.005888888888888894,0.005888888888888894,0.005888888888888894,0.947,0.005888888888888894,0.005888888888888894,0.005888888888888894,0.005888888888888894,0.005888888888888894
548,dog_000548.jpeg,data/demo/images/dog_000548.jpeg,dog,cow,0.533,train,animals10,ann_4,True,True,,0.46699999999999997,0.7457146619296824,0.008064516129032258,300,300,1095.03749999,169.63611111111112,64.04701473127108,1.0,False,1.0,,fb91ac5887626731,0.0,,,,0.48111111111111116,0.41199068100358416,0.41199068100358416,hard_example,model_disagreement;high_entropy;low_confidence,send_to_review,96.94892361111111,0.05188888888888889,0.05188888888888889,0.05188888888888889,0.533,0.05188888888888889,0.05188888888888889,0.05188888888888889,0.05188888888888889,0.05188888888888889,0.05188888888888889
549,dog_000549.jpeg,data/demo/images/dog_000549.jpeg,dog,dog,0.826,train,animals10,ann_4,True,True,,0.17400000000000004,0.3667571040116898,0.008064516129032258,300,225,571.643672954513,91.90534814814815,52.87104567394682,0.7,False,1.0,,86583133663c6bf3,0.0,,,,0.0,0.20381290322580645,0.20381290322580645,ok,,keep,96.94892361111111,0.019333333333333338,0.019333333333333338,0.019333333333333338,0.019333333333333338,0.826,0.019333333333333338,0.019333333333333338,0.019333333333333338,0.019333333333333338,0.019333333333333338
550,dog_000550.jpeg,data/demo/images/dog_000550.jpeg,dog,dog,0.904,train,animals10,ann_4,True,True,,0.09599999999999997,0.2289329770417035,0.008064516129032258,300,169,1416.4875545950383,151.55278106508877,56.28714381923124,0.7,False,1.0,,a18888a566dcbbde,0.0,,,,0.0,0.18041290322580644,0.18041290322580644,ok,,keep,96.94892361111111,0.010666666666666665,0.010666666666666665,0.010666666666666665,0.010666666666666665,0.904,0.010666666666666665,0.010666666666666665,0.010666666666666665,0.010666666666666665,0.010666666666666665
551,dog_000551.jpeg,data/demo/images/dog_000551.jpeg,dog,dog,0.944,train,animals10,ann_1,True,True,,0.05600000000000005,0.14716548405593347,0.008064516129032258,300,225,355.7919531358025,108.64281481481481,70.15002571369716,0.7,False,1.0,,892d360ef167325b,0.0,,,,0.0,0.16841290322580646,0.16841290322580646,ok,,keep,96.94892361111111,0.006222222222222228,0.006222222222222228,0.006222222222222228,0.006222222222222228,0.944,0.006222222222222228,0.006222222222222228,0.006222222222222228,0.006222222222222228,0.006222222222222228
552,dog_000552.jpeg,data/demo/images/dog_000552.jpeg,dog,dog,0.921,train,animals10,ann_3,True,True,,0.07899999999999996,0.1953894942795192,0.008064516129032258,300,185,704.2572706536807,52.906864864864865,60.654675121831225,0.7,False,1.0,,c11c27993c673ee2,0.0,,,,0.0,0.17531290322580645,0.17531290322580645,ok,,keep,96.94892361111111,0.008777777777777773,0.008777777777777773,0.008777777777777773,0.008777777777777773,0.921,0.008777777777777773,0.008777777777777773,0.008777777777777773,0.008777777777777773,0.008777777777777773
553,dog_000553.jpeg,data/demo/images/dog_000553.jpeg,dog,dog,0.948,train,animals10,ann_4,True,True,,0.052000000000000046,0.13837412848240416,0.008064516129032258,300,180,2424.232492146776,167.81896296296296,70.43603799060139,0.7,False,1.0,,b1ccce9236654976,0.0,,,,0.0,0.16721290322580645,0.16721290322580645,ok,,keep,96.94892361111111,0.005777777777777783,0.005777777777777783,0.005777777777777783,0.005777777777777783,0.948,0.005777777777777783,0.005777777777777783,0.005777777777777783,0.005777777777777783,0.005777777777777783
554,dog_000554.jpeg,data/demo/images/dog_000554.jpeg,dog,dog,0.951,train,animals10,ann_3,True,True,,0.049000000000000044,0.13168859909070477,0.008064516129032258,200,300,4859.667602244166,126.94288333333333,83.86051745420123,0.7,False,1.0,,af48d61b98f58cc1,0.0,,,,0.0,0.16631290322580647,0.16631290322580647,ok,,keep,96.94892361111111,0.00544444444444445,0.00544444444444445,0.00544444444444445,0.00544444444444445,0.951,0.00544444444444445,0.00544444444444445,0.00544444444444445,0.00544444444444445,0.00544444444444445
555,dog_000555.jpeg,data/demo/images/dog_000555.jpeg,dog,dog,0.864,train,animals10,ann_1,True,True,,0.136,0.30246781190069,0.008064516129032258,223,300,2342.9949481916433,119.8839312406577,29.66283621651558,0.7,False,1.0,,b973263838db4666,0.0,,,,0.0,0.19241290322580645,0.19241290322580645,ok,,keep,96.94892361111111,0.015111111111111112,0.015111111111111112,0.015111111111111112,0.015111111111111112,0.864,0.015111111111111112,0.015111111111111112,0.015111111111111112,0.015111111111111112,0.015111111111111112
556,dog_000556.jpeg,data/demo/images/dog_000556.jpeg,dog,dog,0.922,train,animals10,ann_2,True,True,,0.07799999999999996,0.19336562317201902,0.008064516129032258,300,200,2436.5769540622223,128.34163333333333,59.79173566081037,0.7,False,1.0,,b3d41c3f8e16113b,0.0,,,,0.0,0.17501290322580643,0.17501290322580643,ok,,keep,96.94892361111111,0.008666666666666663,0.008666666666666663,0.008666666666666663,0.008666666666666663,0.922,0.008666666666666663,0.008666666666666663,0.008666666666666663,0.008666666666666663,0.008666666666666663
557,dog_000557.jpeg,data/demo/images/dog_000557.jpeg,dog,dog,0.908,train,animals10,ann_3,True,True,,0.09199999999999997,0.22117987595253683,0.008064516129032258,300,247,9140.706656954984,88.97843454790824,54.498910528848285,0.7,False,1.0,,f8178661f4783758,0.0,,,,0.0,0.17921290322580644,0.17921290322580644,ok,,keep,96.94892361111111,0.01022222222222222,0.01022222222222222,0.01022222222222222,0.01022222222222222,0.908,0.01022222222222222,0.01022222222222222,0.01022222222222222,0.01022222222222222,0.01022222222222222
558,dog_000558.jpeg,data/demo/images/dog_000558.jpeg,dog,dog,0.945,train,animals10,ann_2,True,True,,0.05500000000000005,0.14498032671278155,0.008064516129032258,300,255,1126.8442308300228,151.7323137254902,66.51210674800821,0.7,False,1.0,,aef9c196b4a0cf60,0.0,,,,0.0,0.16811290322580646,0.16811290322580646,ok,,keep,96.94892361111111,0.006111111111111117,0.006111111111111117,0.006111111111111117,0.006111111111111117,0.945,0.006111111111111117,0.006111111111111117,0.006111111111111117,0.006111111111111117,0.006111111111111117
559,dog_000559.jpeg,data/demo/images/dog_000559.jpeg,dog,dog,0.873,train,animals10,ann_2,True,True,,0.127,0.28650028703948066,0.008064516129032258,300,200,1163.1353234375,108.22295,42.61094159130375,0.7,False,1.0,,a6213ec7033edce4,0.0,,,,0.0,0.18971290322580645,0.18971290322580645,ok,,keep,96.94892361111111,0.01411111111111111,0.01411111111111111,0.01411111111111111,0.01411111111111111,0.873,0.01411111111111111,0.01411111111111111,0.01411111111111111,0.01411111111111111,0.01411111111111111
560,dog_000560.jpeg,data/demo/images/dog_000560.jpeg,dog,dog,0.966,train,animals10,ann_1,True,True,,0.03400000000000003,0.09688605368118958,0.008064516129032258,300,200,2427.1653286933333,155.6299,57.569588841013385,0.7,False,1.0,,ecc9cb1634078e6b,0.0,,,,0.0,0.16181290322580646,0.16181290322580646,ok,,keep,96.94892361111111,0.003777777777777781,0.003777777777777781,0.003777777777777781,0.003777777777777781,0.966,0.003777777777777781,0.003777777777777781,0.003777777777777781,0.003777777777777781,0.003777777777777781
561,dog_000561.jpeg,data/demo/images/dog_000561.jpeg,dog,dog,0.9,train,animals10,ann_2,True,True,,0.09999999999999998,0.23660598810559538,0.008064516129032258,300,225,10612.246784148148,131.79885925925925,52.70158028583808,0.7,False,1.0,,b94dc73935529926,0.0,,,,0.0,0.18161290322580642,0.18161290322580642,ok,,keep,96.94892361111111,0.011111111111111108,0.011111111111111108,0.011111111111111108,0.011111111111111108,0.9,0.011111111111111108,0.011111111111111108,0.011111111111111108,0.011111111111111108,0.011111111111111108
562,dog_000562.jpeg,data/demo/images/dog_000562.jpeg,dog,dog,0.957,train,animals10,ann_4,True,True,,0.04300000000000004,0.11806055552058513,0.008064516129032258,225,300,604.5358357146778,126.08875555555555,51.63110450185032,0.7,False,1.0,,b998d2672d5883a7,0.0,,,,0.0,0.16451290322580644,0.16451290322580644,ok,,keep,96.94892361111111,0.004777777777777782,0.004777777777777782,0.004777777777777782,0.004777777777777782,0.957,0.004777777777777782,0.004777777777777782,0.004777777777777782,0.004777777777777782,0.004777777777777782
563,dog_000563.jpeg,data/demo/images/dog_000563.jpeg,dog,dog,0.963,train,animals10,ann_2,True,True,,0.03700000000000003,0.10405139021490523,0.008064516129032258,300,225,362.4938939970371,143.5242814814815,46.391580526459656,0.7,False,1.0,,d0959b98a195adcd,0.0,,,,0.0,0.16271290322580645,0.16271290322580645,ok,,keep,96.94892361111111,0.004111111111111115,0.004111111111111115,0.004111111111111115,0.004111111111111115,0.963,0.004111111111111115,0.004111111111111115,0.004111111111111115,0.004111111111111115,0.004111111111111115
564,dog_000564.jpeg,data/demo/images/dog_000564.jpeg,dog,dog,0.838,train,animals10,ann_3,True,True,,0.16200000000000003,0.3469673622181481,0.008064516129032258,300,199,954.2435947229166,138.27904522613065,71.37297232838145,0.7,False,1.0,,e8c9318e42396de7,0.0,,,,0.0,0.20021290322580645,0.20021290322580645,ok,,keep,96.94892361111111,0.018000000000000002,0.018000000000000002,0.018000000000000002,0.018000000000000002,0.838,0.018000000000000002,0.018000000000000002,0.018000000000000002,0.018000000000000002,0.018000000000000002
565,dog_000565.jpeg,data/demo/images/dog_000565.jpeg,dog,dog,0.91,train,animals10,ann_2,True,True,,0.08999999999999997,0.21727232864486018,0.008064516129032258,300,300,386.561588288395,217.90835555555554,70.09227807497946,1.0,False,1.0,,e83893974e68c9b5,0.0,,,,0.0,0.17861290322580645,0.17861290322580645,ok,,keep,96.94892361111111,0.009999999999999997,0.009999999999999997,0.009999999999999997,0.009999999999999997,0.91,0.009999999999999997,0.009999999999999997,0.009999999999999997,0.009999999999999997,0.009999999999999997
566,dog_000566.jpeg,data/demo/images/dog_000566.jpeg,dog,dog,0.852,train,animals10,ann_1,True,True,,0.14800000000000002,0.32329461843439317,0.008064516129032258,300,210,574.1309028568909,190.58779365079366,44.95961299000903,0.7,False,1.0,,f887975b856ac161,0.0,,,,0.0,0.19601290322580645,0.19601290322580645,ok,,keep,96.94892361111111,0.016444444444444446,0.016444444444444446,0.016444444444444446,0.016444444444444446,0.852,0.016444444444444446,0.016444444444444446,0.016444444444444446,0.016444444444444446,0.016444444444444446
567,dog_000567.jpeg,data/demo/images/dog_000567.jpeg,dog,dog,0.926,train,animals10,ann_3,True,True,,0.07399999999999995,0.18520902042800194,0.008064516129032258,300,200,529.2893109375,114.78096666666667,33.30377392627181,0.7,False,1.0,,d216f4cd09e90b79,0.0,,,,0.0,0.17381290322580645,0.17381290322580645,ok,,keep,96.94892361111111,0.008222222222222218,0.008222222222222218,0.008222222222222218,0.008222222222222218,0.926,0.008222222222222218,0.008222222222222218,0.008222222222222218,0.008222222222222218,0.008222222222222218
568,dog_000568.jpeg,data/demo/images/dog_000568.jpeg,dog,dog,0.877,train,animals10,ann_2,True,True,,0.123,0.27930285222902873,0.008064516129032258,300,189,1214.0158063834222,131.7794003527337,60.19738384566762,0.7,False,1.0,,9a95759a0be50b5a,0.0,,,,0.0,0.18851290322580644,0.18851290322580644,ok,,keep,96.94892361111111,0.013666666666666667,0.013666666666666667,0.013666666666666667,0.013666666666666667,0.877,0.013666666666666667,0.013666666666666667,0.013666666666666667,0.013666666666666667,0.013666666666666667
569,dog_000569.jpeg,data/demo/images/dog_000569.jpeg,dog,dog,0.591,train,animals10,ann_1,True,True,,0.40900000000000003,0.6840821478419143,0.008064516129032258,300,169,2828.216188119775,102.95331360946746,66.86591878186283,0.7,False,1.0,,92b599ebe362a8c4,0.0,,,,0.0,0.2743129032258065,0.2743129032258065,hard_example,high_entropy,send_to_review,96.94892361111111,0.04544444444444445,0.04544444444444445,0.04544444444444445,0.04544444444444445,0.591,0.04544444444444445,0.04544444444444445,0.04544444444444445,0.04544444444444445,0.04544444444444445
570,dog_000570.jpeg,data/demo/images/dog_000570.jpeg,dog,dog,0.952,train,animals10,ann_2,True,True,,0.04800000000000004,0.12944168185409546,0.008064516129032258,300,229,1898.2882940148613,139.21819505094615,89.17009858224446,0.7,False,1.0,,e8d99366c481367e,0.0,,,,0.0,0.16601290322580645,0.16601290322580645,ok,,keep,96.94892361111111,0.005333333333333338,0.005333333333333338,0.005333333333333338,0.005333333333333338,0.952,0.005333333333333338,0.005333333333333338,0.005333333333333338,0.005333333333333338,0.005333333333333338
571,dog_000571.jpeg,data/demo/images/dog_000571.jpeg,dog,dog,0.864,train,animals10,ann_4,True,True,,0.136,0.30246781190069,0.008064516129032258,300,225,1389.070653777778,140.44213333333335,45.358110054820244,0.7,False,1.0,,b461cb1e32e74d4c,0.0,,,,0.0,0.19241290322580645,0.19241290322580645,ok,,keep,96.94892361111111,0.015111111111111112,0.015111111111111112,0.015111111111111112,0.015111111111111112,0.864,0.015111111111111112,0.015111111111111112,0.015111111111111112,0.015111111111111112,0.015111111111111112
572,dog_000572.jpeg,data/demo/images/dog_000572.jpeg,dog,dog,0.855,train,animals10,ann_2,True,True,,0.14500000000000002,0.31813577110909846,0.008064516129032258,300,300,340.55110833333333,132.11806666666666,42.26318379756389,1.0,False,1.0,,946f62d10f9cf194,0.0,,,,0.0,0.19511290322580643,0.19511290322580643,ok,,keep,96.94892361111111,0.016111111111111114,0.016111111111111114,0.016111111111111114,0.016111111111111114,0.855,0.016111111111111114,0.016111111111111114,0.016111111111111114,0.016111111111111114,0.016111111111111114
573,dog_000573.jpeg,data/demo/images/dog_000573.jpeg,dog,dog,0.843,train,animals10,ann_3,True,True,,0.15700000000000003,0.3385871788021219,0.008064516129032258,300,225,5093.72867984395,113.62684444444444,62.398704041369875,0.7,False,1.0,,c9893673ce8e3391,0.0,,,,0.0,0.19871290322580645,0.19871290322580645,ok,,keep,96.94892361111111,0.017444444444444446,0.017444444444444446,0.017444444444444446,0.017444444444444446,0.843,0.017444444444444446,0.017444444444444446,0.017444444444444446,0.017444444444444446,0.017444444444444446
574,dog_000574.jpeg,data/demo/images/dog_000574.jpeg,dog,squirrel,0.561,train,animals10,ann_4,True,True,,0.43899999999999995,0.7167023677499208,0.008064516129032258,300,169,7694.291428097755,139.31049309664695,58.23469658159257,0.7,False,1.0,,831f9c61b1df1c8c,0.0,,,,0.5122222222222222,0.41136845878136197,0.41136845878136197,suspected_label_error,model_disagreement;suspected_label_error;high_entropy,recheck_label,96.94892361111111,0.048777777777777774,0.048777777777777774,0.048777777777777774,0.048777777777777774,0.048777777777777774,0.048777777777777774,0.048777777777777774,0.048777777777777774,0.048777777777777774,0.561
575,dog_000575.jpeg,data/demo/images/dog_000575.jpeg,dog,dog,0.911,train,animals10,ann_4,True,True,,0.08899999999999997,0.21531062698335657,0.008064516129032258,300,200,504.5142140266667,131.65826666666666,78.90141307350304,0.7,False,1.0,,fda5c04ac16f8f48,0.0,,,,0.0,0.17831290322580645,0.17831290322580645,ok,,keep,96.94892361111111,0.009888888888888885,0.009888888888888885,0.009888888888888885,0.009888888888888885,0.911,0.009888888888888885,0.009888888888888885,0.009888888888888885,0.009888888888888885,0.009888888888888885
576,dog_000576.jpeg,data/demo/images/dog_000576.jpeg,dog,dog,0.884,train,animals10,ann_4,True,True,,0.11599999999999999,0.26655119773013786,0.008064516129032258,300,199,744.6555911492134,134.1336850921273,52.508889262478455,0.7,False,1.0,,db5ae1e1995c64a1,0.0,,,,0.0,0.18641290322580645,0.18641290322580645,ok,,keep,96.94892361111111,0.012888888888888887,0.012888888888888887,0.012888888888888887,0.012888888888888887,0.884,0.012888888888888887,0.012888888888888887,0.012888888888888887,0.012888888888888887,0.012888888888888887
577,dog_000577.jpeg,data/demo/images/dog_000577.jpeg,dog,dog,0.977,val,animals10,ann_3,True,True,,0.02300000000000002,0.06950084439251457,0.008064516129032258,278,300,498.2434371926919,138.94581534772183,46.538183716597324,1.0,False,1.0,,859b5b4b294e1c9d,0.0,,,,0.0,0.15851290322580644,0.15851290322580644,ok,,keep,96.94892361111111,0.002555555555555558,0.002555555555555558,0.002555555555555558,0.002555555555555558,0.977,0.002555555555555558,0.002555555555555558,0.002555555555555558,0.002555555555555558,0.002555555555555558
578,dog_000578.jpeg,data/demo/images/dog_000578.jpeg,dog,dog,0.968,val,animals10,ann_2,True,True,,0.03200000000000003,0.09204361077835214,0.008064516129032258,300,240,1174.1157509211034,84.51344444444445,55.28755146526831,0.7,False,1.0,,dd022f224e7ce21f,0.0,,,,0.0,0.16121290322580645,0.16121290322580645,ok,,keep,96.94892361111111,0.0035555555555555588,0.0035555555555555588,0.0035555555555555588,0.0035555555555555588,0.968,0.0035555555555555588,0.0035555555555555588,0.0035555555555555588,0.0035555555555555588,0.0035555555555555588
579,dog_000579.jpeg,data/demo/images/dog_000579.jpeg,dog,dog,0.973,val,animals10,ann_2,True,True,,0.027000000000000024,0.0796839281985186,0.008064516129032258,300,200,957.1499996597223,98.21903333333333,52.17666615514597,0.7,False,1.0,,dec76909a9311537,0.0,,,,0.0,0.15971290322580645,0.15971290322580645,ok,,keep,96.94892361111111,0.0030000000000000027,0.0030000000000000027,0.0030000000000000027,0.0030000000000000027,0.973,0.0030000000000000027,0.0030000000000000027,0.0030000000000000027,0.0030000000000000027,0.0030000000000000027
580,dog_000580.jpeg,data/demo/images/dog_000580.jpeg,dog,dog,0.932,val,animals10,ann_2,True,True,,0.06799999999999995,0.17278224992099464,0.008064516129032258,300,129,417.1776052454113,207.24697674418604,54.2948076179553,0.7,False,1.0,,afc233b585196b64,0.0,,,,0.0,0.17201290322580642,0.17201290322580642,ok,,keep,96.94892361111111,0.00755555555555555,0.00755555555555555,0.00755555555555555,0.00755555555555555,0.932,0.00755555555555555,0.00755555555555555,0.00755555555555555,0.00755555555555555,0.00755555555555555
581,dog_000581.jpeg,data/demo/images/dog_000581.jpeg,dog,dog,0.978,val,animals10,ann_4,True,True,,0.02200000000000002,0.06690863190435845,0.008064516129032258,261,300,976.1310913260553,123.94597701149425,52.10362740045601,1.0,False,1.0,,91972c6dd6131bc9,0.0,,,,0.0,0.15821290322580644,0.15821290322580644,ok,,keep,96.94892361111111,0.0024444444444444466,0.0024444444444444466,0.0024444444444444466,0.0024444444444444466,0.978,0.0024444444444444466,0.0024444444444444466,0.0024444444444444466,0.0024444444444444466,0.0024444444444444466
582,dog_000582.jpeg,data/demo/images/dog_000582.jpeg,dog,squirrel,0.502,val,animals10,ann_3,True,True,,0.498,0.7762392866567,0.008064516129032258,300,199,2088.150369265647,144.82472361809045,66.39841347269363,0.7,False,1.0,,b218d397c5cc64e9,0.0,,,,0.44666666666666666,0.4126795698924731,0.4126795698924731,hard_example,model_disagreement;high_entropy;low_confidence,send_to_review,96.94892361111111,0.05533333333333333,0.05533333333333333,0.05533333333333333,0.05533333333333333,0.05533333333333333,0.05533333333333333,0.05533333333333333,0.05533333333333333,0.05533333333333333,0.502
583,dog_000583.jpeg,data/demo/images/dog_000583.jpeg,dog,dog,0.909,val,animals10,ann_2,True,True,,0.09099999999999997,0.2192287274660459,0.008064516129032258,300,219,168.56302987751621,204.76514459665145,42.871834797344654,0.7,False,1.0,,b9610e0e273f871e,0.0,,,,0.0,0.17891290322580644,0.17891290322580644,ok,,keep,96.94892361111111,0.010111111111111107,0.010111111111111107,0.010111111111111107,0.010111111111111107,0.909,0.010111111111111107,0.010111111111111107,0.010111111111111107,0.010111111111111107,0.010111111111111107
584,dog_000584.jpeg,data/demo/images/dog_000584.jpeg,dog,dog,0.829,val,animals10,ann_4,True,True,,0.17100000000000004,0.36185142406794485,0.008064516129032258,300,293,3260.7379426538328,111.84584755403868,55.009744015784214,1.0,False,1.0,,99266664c999dae3,0.0,,,,0.0,0.20291290322580646,0.20291290322580646,ok,,keep,96.94892361111111,0.019000000000000003,0.019000000000000003,0.019000000000000003,0.019000000000000003,0.829,0.019000000000000003,0.019000000000000003,0.019000000000000003,0.019000000000000003,0.019000000000000003
585,dog_000585.jpeg,data/demo/images/dog_000585.jpeg,dog,dog,0.973,val,animals10,ann_2,True,True,,0.027000000000000024,0.0796839281985186,0.008064516129032258,300,273,1915.2467860741756,106.05735042735043,66.28246854521494,1.0,False,1.0,,b92704f4b31accb5,0.0,,,,0.0,0.15971290322580645,0.15971290322580645,ok,,keep,96.94892361111111,0.0030000000000000027,0.0030000000000000027,0.0030000000000000027,0.0030000000000000027,0.973,0.0030000000000000027,0.0030000000000000027,0.0030000000000000027,0.0030000000000000027,0.0030000000000000027
586,dog_000586.jpeg,data/demo/images/dog_000586.jpeg,spider,dog,0.829,val,animals10,ann_3,True,True,,0.17100000000000004,0.36185142406794485,0.03225806451612903,300,251,4113.383741957535,129.48294820717132,54.1615260536064,0.7,False,1.0,,85549a1b8625b3fd,0.0,,,,0.829,0.4150016129032258,0.4150016129032258,suspected_label_error,model_disagreement;suspected_label_error,recheck_label,96.94892361111111,0.019000000000000003,0.019000000000000003,0.019000000000000003,0.019000000000000003,0.829,0.019000000000000003,0.019000000000000003,0.019000000000000003,0.019000000000000003,0.019000000000000003
587,dog_000587.jpeg,data/demo/images/dog_000587.jpeg,dog,dog,0.83,val,animals10,ann_3,True,True,,0.17000000000000004,0.36021008895529266,0.008064516129032258,300,200,180.7436810122222,66.5572,42.48834971487282,0.7,False,1.0,,936a3832672cc4fd,0.0,,,,0.0,0.20261290322580644,0.20261290322580644,ok,,keep,96.94892361111111,0.018888888888888893,0.018888888888888893,0.018888888888888893,0.018888888888888893,0.83,0.018888888888888893,0.018888888888888893,0.018888888888888893,0.018888888888888893,0.018888888888888893
588,dog_000588.jpeg,data/demo/images/dog_000588.jpeg,dog,dog,0.911,val,animals10,ann_1,True,True,,0.08899999999999997,0.21531062698335657,0.008064516129032258,300,225,1048.4043183319616,139.5252,44.242105993473885,0.7,False,1.0,,a16dcc9a32336d4d,0.0,,,,0.0,0.17831290322580645,0.17831290322580645,ok,,keep,96.94892361111111,0.009888888888888885,0.009888888888888885,0.009888888888888885,0.009888888888888885,0.911,0.009888888888888885,0.009888888888888885,0.009888888888888885,0.009888888888888885,0.009888888888888885
589,dog_000589.jpeg,data/demo/images/dog_000589.jpeg,dog,dog,0.899,test,animals10,ann_2,True,True,,0.10099999999999998,0.23851206749020762,0.008064516129032258,247,300,889.1443760756611,157.9942375168691,35.640783652599254,0.7,False,1.0,,eaac1a9295eda499,0.0,,,,0.0,0.18191290322580644,0.18191290322580644,ok,,keep,96.94892361111111,0.01122222222222222,0.01122222222222222,0.01122222222222222,0.01122222222222222,0.899,0.01122222222222222,0.01122222222222222,0.01122222222222222,0.01122222222222222,0.01122222222222222
590,dog_000590.jpeg,data/demo/images/dog_000590.jpeg,dog,dog,0.854,test,animals10,ann_4,True,True,,0.14600000000000002,0.3198588635222587,0.008064516129032258,300,169,572.6005649424817,111.84542406311637,50.702106283909984,0.7,False,1.0,,c6321073e3c65eba,0.0,,,,0.0,0.19541290322580646,0.19541290322580646,ok,,keep,96.94892361111111,0.016222222222222225,0.016222222222222225,0.016222222222222225,0.016222222222222225,0.854,0.016222222222222225,0.016222222222222225,0.016222222222222225,0.016222222222222225,0.016222222222222225
591,dog_000591.jpeg,data/demo/images/dog_000591.jpeg,dog,dog,0.932,test,animals10,ann_3,True,True,,0.06799999999999995,0.17278224992099464,0.008064516129032258,300,235,1200.059200221317,213.27473758865247,67.89021713831212,0.7,False,1.0,,a66398b865cccd99,0.0,,,,0.0,0.17201290322580642,0.17201290322580642,ok,,keep,96.94892361111111,0.00755555555555555,0.00755555555555555,0.00755555555555555,0.00755555555555555,0.932,0.00755555555555555,0.00755555555555555,0.00755555555555555,0.00755555555555555,0.00755555555555555
592,dog_000592.jpeg,data/demo/images/dog_000592.jpeg,dog,dog,0.911,test,animals10,ann_4,True,True,,0.08899999999999997,0.21531062698335657,0.008064516129032258,300,300,3434.615850665555,107.22117777777778,61.52714028379451,1.0,False,1.0,,debafa60e1698d80,0.0,,,,0.0,0.17831290322580645,0.17831290322580645,ok,,keep,96.94892361111111,0.009888888888888885,0.009888888888888885,0.009888888888888885,0.009888888888888885,0.911,0.009888888888888885,0.009888888888888885,0.009888888888888885,0.009888888888888885,0.009888888888888885
593,dog_000593.jpeg,data/demo/images/dog_000593.jpeg,dog,dog,0.906,test,animals10,ann_3,True,True,,0.09399999999999997,0.22506662621078755,0.008064516129032258,300,235,1610.1130115555557,122.27286524822695,71.30229601420093,0.7,False,1.0,,c4c36e831f870fb1,0.0,,,,0.0,0.17981290322580643,0.17981290322580643,ok,,keep,96.94892361111111,0.010444444444444442,0.010444444444444442,0.010444444444444442,0.010444444444444442,0.906,0.010444444444444442,0.010444444444444442,0.010444444444444442,0.010444444444444442,0.010444444444444442
594,dog_000594.jpeg,data/demo/images/dog_000594.jpeg,dog,dog,0.975,test,animals10,ann_1,True,True,,0.025000000000000022,0.07462805787016473,0.008064516129032258,300,225,261.78908588839505,125.2574962962963,60.33178996882637,0.7,False,1.0,,8db0cc4bb3dd4c2c,0.0,,,,0.0,0.15911290322580646,0.15911290322580646,ok,,keep,96.94892361111111,0.00277777777777778,0.00277777777777778,0.00277777777777778,0.00277777777777778,0.975,0.00277777777777778,0.00277777777777778,0.00277777777777778,0.00277777777777778,0.00277777777777778
595,dog_000595.jpeg,data/demo/images/dog_000595.jpeg,dog,dog,0.877,test,animals10,ann_1,True,True,,0.123,0.27930285222902873,0.008064516129032258,300,200,1060.1844609955556,103.3675,55.152427964838196,0.7,False,1.0,,9acd96642cd33356,0.0,,,,0.0,0.18851290322580644,0.18851290322580644,ok,,keep,96.94892361111111,0.013666666666666667,0.013666666666666667,0.013666666666666667,0.013666666666666667,0.877,0.013666666666666667,0.013666666666666667,0.013666666666666667,0.013666666666666667,0.013666666666666667
596,dog_000596.jpeg,data/demo/images/dog_000596.jpeg,dog,dog,0.831,test,animals10,ann_1,True,True,,0.16900000000000004,0.35856567590799426,0.008064516129032258,205,300,842.0191862967811,127.9240325203252,45.659449031417374,0.7,False,1.0,,b936c9c1e6533ac8,0.0,,,,0.0,0.20231290322580645,0.20231290322580645,ok,,keep,96.94892361111111,0.018777777777777782,0.018777777777777782,0.018777777777777782,0.018777777777777782,0.831,0.018777777777777782,0.018777777777777782,0.018777777777777782,0.018777777777777782,0.018777777777777782
597,dog_000597.jpeg,data/demo/images/dog_000597.jpeg,dog,dog,0.937,test,animals10,ann_2,True,True,,0.06299999999999994,0.16223882247430893,0.008064516129032258,300,300,1346.9732630833334,198.50574444444445,92.53888642259906,1.0,False,1.0,,fb1c9cd262619393,0.0,,,,0.0,0.17051290322580642,0.17051290322580642,ok,,keep,96.94892361111111,0.006999999999999994,0.006999999999999994,0.006999999999999994,0.006999999999999994,0.937,0.006999999999999994,0.006999999999999994,0.006999999999999994,0.006999999999999994,0.006999999999999994
598,dog_000598.jpeg,data/demo/images/dog_000598.jpeg,dog,dog,0.916,test,animals10,ann_2,True,True,,0.08399999999999996,0.2054206525410096,0.008064516129032258,300,199,5816.252642161112,87.12430485762144,61.217919302927626,0.7,False,1.0,,cc73330c6c06e6f3,0.0,,,,0.0,0.17681290322580645,0.17681290322580645,ok,,keep,96.94892361111111,0.009333333333333329,0.009333333333333329,0.009333333333333329,0.009333333333333329,0.916,0.009333333333333329,0.009333333333333329,0.009333333333333329,0.009333333333333329,0.009333333333333329
599,dog_000599.jpeg,data/demo/images/dog_000599.jpeg,dog,dog,0.825,test,animals10,ann_4,True,True,,0.17500000000000004,0.36838626873514757,0.008064516129032258,300,200,353.2534549375,113.2658,61.891493629523374,0.7,False,1.0,,d9d9161e28313be9,0.0,,,,0.0,0.20411290322580644,0.20411290322580644,ok,,keep,96.94892361111111,0.019444444444444448,0.019444444444444448,0.019444444444444448,0.019444444444444448,0.825,0.019444444444444448,0.019444444444444448,0.019444444444444448,0.019444444444444448,0.019444444444444448
600,dog_000600.jpeg,data/demo/images/dog_000600.jpeg,dog,dog,0.873,test,animals10,ann_1,True,True,,0.127,0.28650028703948066,0.008064516129032258,300,169,3598.080942735043,121.95443786982248,45.723159478020015,0.7,False,1.0,,8627b999536e266a,0.0,,,,0.0,0.18971290322580645,0.18971290322580645,ok,,keep,96.94892361111111,0.01411111111111111,0.01411111111111111,0.01411111111111111,0.01411111111111111,0.873,0.01411111111111111,0.01411111111111111,0.01411111111111111,0.01411111111111111,0.01411111111111111
601,elephant_000601.jpeg,data/demo/images/elephant_000601.jpeg,elephant,elephant,0.934,train,animals10,ann_1,True,True,,0.06599999999999995,0.16858611913538024,0.0,300,147,2887.9425575449527,140.6930612244898,46.253659112894546,0.7,False,1.0,,f01c8b37473bcc34,0.0,,,,0.0,0.16979999999999998,0.16979999999999998,ok,,keep,96.94892361111111,0.007333333333333327,0.007333333333333327,0.007333333333333327,0.007333333333333327,0.007333333333333327,0.934,0.007333333333333327,0.007333333333333327,0.007333333333333327,0.007333333333333327
602,elephant_000602.jpeg,data/demo/images/elephant_000602.jpeg,elephant,elephant,0.859,train,animals10,ann_4,True,True,,0.14100000000000001,0.3112081668725543,0.0,300,225,1404.9620199734431,139.4757925925926,59.732232559933834,0.7,False,1.0,,a393b7dcdc4c3038,0.0,,,,0.0,0.1923,0.1923,ok,,keep,96.94892361111111,0.01566666666666667,0.01566666666666667,0.01566666666666667,0.01566666666666667,0.01566666666666667,0.859,0.01566666666666667,0.01566666666666667,0.01566666666666667,0.01566666666666667
603,elephant_000603.jpg,data/demo/images/elephant_000603.jpg,dog,elephant,0.933,train,animals10,ann_4,True,True,,0.06699999999999995,0.17068765839305028,0.008064516129032258,640,360,1694.9545200032362,157.01309461805556,62.92234692534503,1.0,False,1.0,,8c97936d6696982d,0.0,,,,0.933,0.4049629032258064,0.4049629032258064,suspected_label_error,model_disagreement;suspected_label_error,recheck_label,96.94892361111111,0.007444444444444438,0.007444444444444438,0.007444444444444438,0.007444444444444438,0.007444444444444438,0.933,0.007444444444444438,0.007444444444444438,0.007444444444444438,0.007444444444444438
604,elephant_000604.jpeg,data/demo/images/elephant_000604.jpeg,elephant,elephant,0.822,train,animals10,ann_2,True,True,,0.17800000000000005,0.3732557679083505,0.0,300,188,1342.8921270783035,127.63602836879433,59.08923597694948,0.7,False,1.0,,b89787eab4d4c8e0,0.0,,,,0.0,0.2034,0.2034,ok,,keep,96.94892361111111,0.019777777777777783,0.019777777777777783,0.019777777777777783,0.019777777777777783,0.019777777777777783,0.822,0.019777777777777783,0.019777777777777783,0.019777777777777783,0.019777777777777783
605,elephant_000605.jpeg,data/demo/images/elephant_000605.jpeg,elephant,elephant,0.825,train,animals10,ann_4,True,True,,0.17500000000000004,0.36838626873514746,0.0,300,230,1570.0551317788281,134.77040579710146,51.05704322925085,0.7,False,1.0,,e2b99546af18b915,0.0,,,,0.0,0.2025,0.2025,ok,,keep,96.94892361111111,0.019444444444444448,0.019444444444444448,0.019444444444444448,0.019444444444444448,0.019444444444444448,0.825,0.019444444444444448,0.019444444444444448,0.019444444444444448,0.019444444444444448
606,elephant_000606.jpeg,data/demo/images/elephant_000606.jpeg,elephant,elephant,0.864,train,animals10,ann_4,True,True,,0.136,0.30246781190069,0.0,300,188,1280.3917150517455,38.16505319148936,48.701128352781005,0.7,False,1.0,,b5b352464d6d4b49,0.0,,,,0.0,0.1908,0.1908,ok,,keep,96.94892361111111,0.015111111111111112,0.015111111111111112,0.015111111111111112,0.015111111111111112,0.015111111111111112,0.864,0.015111111111111112,0.015111111111111112,0.015111111111111112,0.015111111111111112
607,elephant_000607.jpeg,data/demo/images/elephant_000607.jpeg,elephant,elephant,0.936,train,animals10,ann_3,True,True,,0.06399999999999995,0.16436180350733687,0.0,300,200,1204.009503326389,98.50515,51.62240605406564,0.7,False,1.0,,bdc48e9be2b68988,0.0,,,,0.0,0.1692,0.1692,ok,,keep,96.94892361111111,0.007111111111111105,0.007111111111111105,0.007111111111111105,0.007111111111111105,0.007111111111111105,0.936,0.007111111111111105,0.007111111111111105,0.007111111111111105,0.007111111111111105
608,elephant_000608.jpeg,data/demo/images/elephant_000608.jpeg,elephant,elephant,0.899,train,animals10,ann_4,True,True,,0.10099999999999998,0.23851206749020762,0.0,300,200,2583.7866012197223,94.90001666666667,54.767681954473744,0.7,False,1.0,,80d08d8f9f5ce917,0.0,,,,0.0,0.1803,0.1803,ok,,keep,96.94892361111111,0.01122222222222222,0.01122222222222222,0.01122222222222222,0.01122222222222222,0.01122222222222222,0.899,0.01122222222222222,0.01122222222222222,0.01122222222222222,0.01122222222222222
609,elephant_000609.jpeg,data/demo/images/elephant_000609.jpeg,elephant,elephant,0.866,train,animals10,ann_3,True,True,,0.134,0.2989459544540185,0.0,300,231,1254.882957902255,145.41991341991343,62.26841174537219,0.7,False,1.0,,a3cd9c3bc816f524,0.0,,,,0.0,0.19019999999999998,0.19019999999999998,ok,,keep,96.94892361111111,0.014888888888888889,0.014888888888888889,0.014888888888888889,0.014888888888888889,0.014888888888888889,0.866,0.014888888888888889,0.014888888888888889,0.014888888888888889,0.014888888888888889
610,elephant_000610.jpg,data/demo/images/elephant_000610.jpg,elephant,elephant,0.975,train,animals10,ann_1,True,True,,0.025000000000000022,0.07462805787016473,0.0,640,360,2569.903179334683,159.74707465277777,45.70482063703103,1.0,False,1.0,,ed909279a0ee91cd,0.0,,,,0.0,0.1575,0.1575,ok,,keep,96.94892361111111,0.00277777777777778,0.00277777777777778,0.00277777777777778,0.00277777777777778,0.00277777777777778,0.975,0.00277777777777778,0.00277777777777778,0.00277777777777778,0.00277777777777778
611,elephant_000611.jpeg,data/demo/images/elephant_000611.jpeg,elephant,elephant,0.821,train,animals10,ann_2,True,True,,0.17900000000000005,0.3748729803062328,0.0,201,300,292.7088743303933,88.92436152570481,31.51745153812443,0.7,False,1.0,,e99696693d9a8d28,0.0,,,,0.0,0.2037,0.2037,ok,,keep,96.94892361111111,0.019888888888888893,0.019888888888888893,0.019888888888888893,0.019888888888888893,0.019888888888888893,0.821,0.019888888888888893,0.019888888888888893,0.019888888888888893,0.019888888888888893
612,elephant_000612.jpeg,data/demo/images/elephant_000612.jpeg,elephant,chicken,0.501,train,animals10,ann_4,True,True,,0.499,0.7771961349417168,0.0,300,157,4878.401523420378,86.36677282377919,65.81095730879136,0.7,False,1.0,,c041bd6f815e8b9d,0.0,,,,0.44555555555555554,0.41108888888888884,0.41108888888888884,hard_example,model_disagreement;high_entropy;low_confidence,send_to_review,96.94892361111111,0.05544444444444444,0.05544444444444444,0.501,0.05544444444444444,0.05544444444444444,0.05544444444444444,0.05544444444444444,0.05544444444444444,0.05544444444444444,0.05544444444444444
613,elephant_000613.jpeg,data/demo/images/elephant_000613.jpeg,elephant,elephant,0.932,train,animals10,ann_1,True,True,,0.06799999999999995,0.17278224992099467,0.0,300,221,2284.6663156071063,144.6795173453997,68.23757809758312,0.7,False,1.0,,fdaf805087499b72,0.0,,,,0.0,0.17039999999999997,0.17039999999999997,ok,,keep,96.94892361111111,0.00755555555555555,0.00755555555555555,0.00755555555555555,0.00755555555555555,0.00755555555555555,0.932,0.00755555555555555,0.00755555555555555,0.00755555555555555,0.00755555555555555
614,elephant_000614.jpg,data/demo/images/elephant_000614.jpg,elephant,elephant,0.938,train,animals10,ann_1,True,True,,0.062000000000000055,0.1601084840938395,0.0,640,462,2993.4352304524323,111.4668594426407,53.11428040740988,1.0,False,1.0,,c7c793ad8624a671,0.0,,,,0.0,0.1686,0.1686,ok,,keep,96.94892361111111,0.006888888888888895,0.006888888888888895,0.006888888888888895,0.006888888888888895,0.006888888888888895,0.938,0.006888888888888895,0.006888888888888895,0.006888888888888895,0.006888888888888895
615,elephant_000615.jpeg,data/demo/images/elephant_000615.jpeg,elephant,elephant,0.932,train,animals10,ann_1,True,True,,0.06799999999999995,0.17278224992099467,0.0,300,225,3750.0228362085045,133.54654814814816,57.72223228476676,0.7,False,1.0,,f9749e8b41c4b8a9,0.0,,,,0.0,0.17039999999999997,0.17039999999999997,ok,,keep,96.94892361111111,0.00755555555555555,0.00755555555555555,0.00755555555555555,0.00755555555555555,0.00755555555555555,0.932,0.00755555555555555,0.00755555555555555,0.00755555555555555,0.00755555555555555
616,elephant_000616.jpg,data/demo/images/elephant_000616.jpg,elephant,elephant,0.879,train,animals10,ann_1,True,True,,0.121,0.27568008830107765,0.0,640,426,1248.9368182360806,92.67249853286386,44.150887790964504,1.0,False,1.0,,d433630634951ffa,0.0,,,,0.0,0.1863,0.1863,ok,,keep,96.94892361111111,0.013444444444444445,0.013444444444444445,0.013444444444444445,0.013444444444444445,0.013444444444444445,0.879,0.013444444444444445,0.013444444444444445,0.013444444444444445,0.013444444444444445
617,elephant_000617.jpeg,data/demo/images/elephant_000617.jpeg,elephant,horse,0.578,train,animals10,ann_4,True,True,,0.42200000000000004,0.6984141897275581,0.0,300,202,5949.453088650351,95.96615511551155,53.51787949350095,0.7,False,1.0,,a852d7388d607bc7,0.0,,,,0.5311111111111111,0.40937777777777784,0.40937777777777784,suspected_label_error,model_disagreement;suspected_label_error;high_entropy,recheck_label,96.94892361111111,0.0468888888888889,0.0468888888888889,0.0468888888888889,0.0468888888888889,0.0468888888888889,0.0468888888888889,0.578,0.0468888888888889,0.0468888888888889,0.0468888888888889
618,elephant_000618.jpeg,data/demo/images/elephant_000618.jpeg,elephant,elephant,0.559,train,animals10,ann_2,True,True,,0.44099999999999995,0.7188203237559702,0.0,300,286,2653.583456989339,174.422668997669,75.56196032013665,1.0,False,1.0,,fe6bc096c31ec134,0.0,,,,0.0,0.2823,0.2823,hard_example,high_entropy,send_to_review,96.94892361111111,0.048999999999999995,0.048999999999999995,0.048999999999999995,0.048999999999999995,0.048999999999999995,0.559,0.048999999999999995,0.048999999999999995,0.048999999999999995,0.048999999999999995
619,elephant_000619.jpeg,data/demo/images/elephant_000619.jpeg,elephant,elephant,0.839,train,animals10,ann_2,True,True,,0.16100000000000003,0.34529778850037923,0.0,300,188,2965.300211291875,149.5578014184397,58.617584375365716,0.7,False,1.0,,cac625d54b1b2b56,1.0,dup_1,690,0.0,0.0,0.0,0.0,duplicate,duplicate,exclude_duplicate,96.94892361111111,0.01788888888888889,0.01788888888888889,0.01788888888888889,0.01788888888888889,0.01788888888888889,0.839,0.01788888888888889,0.01788888888888889,0.01788888888888889,0.01788888888888889
620,elephant_000620.jpeg,data/demo/images/elephant_000620.jpeg,elephant,elephant,0.851,train,animals10,ann_3,True,True,,0.14900000000000002,0.32500731993810167,0.0,225,300,812.6449544217282,112.67586666666666,59.597401544996536,0.7,False,1.0,,f1fd8cc0d0b22337,0.0,,,,0.0,0.19469999999999998,0.19469999999999998,ok,,keep,96.94892361111111,0.01655555555555556,0.01655555555555556,0.01655555555555556,0.01655555555555556,0.01655555555555556,0.851,0.01655555555555556,0.01655555555555556,0.01655555555555556,0.01655555555555556
621,elephant_000621.jpeg,data/demo/images/elephant_000621.jpeg,elephant,elephant,0.975,train,animals10,ann_2,True,True,,0.025000000000000022,0.07462805787016473,0.0,300,169,2022.3654798466441,174.14033530571993,64.87753575200325,0.7,False,1.0,,b1f8ccc7c706303b,0.0,,,,0.0,0.1575,0.1575,ok,,keep,96.94892361111111,0.00277777777777778,0.00277777777777778,0.00277777777777778,0.00277777777777778,0.00277777777777778,0.975,0.00277777777777778,0.00277777777777778,0.00277777777777778,0.00277777777777778
622,elephant_000622.jpeg,data/demo/images/elephant_000622.jpeg,elephant,butterfly,0.503,train,animals10,ann_2,True,True,,0.497,0.7752807011648021,0.0,300,199,4446.459993463689,147.55924623115578,58.84668201369936,0.7,False,1.0,,bd6496cb99924917,0.0,,,,0.4477777777777778,0.41104444444444443,0.41104444444444443,hard_example,model_disagreement;high_entropy;low_confidence,send_to_review,96.94892361111111,0.503,0.05522222222222222,0.05522222222222222,0.05522222222222222,0.05522222222222222,0.05522222222222222,0.05522222222222222,0.05522222222222222,0.05522222222222222,0.05522222222222222
623,elephant_000623.jpeg,data/demo/images/elephant_000623.jpeg,elephant,elephant,0.883,train,animals10,ann_3,True,True,,0.11699999999999999,0.2683853221781624,0.0,300,169,2848.953811102164,156.30270216962523,66.70551660365882,0.7,False,1.0,,a0f3d70d59382e66,0.0,,,,0.0,0.1851,0.1851,ok,,keep,96.94892361111111,0.013,0.013,0.013,0.013,0.013,0.883,0.013,0.013,0.013,0.013
624,elephant_000624.jpeg,data/demo/images/elephant_000624.jpeg,butterfly,dog,0.585,train,animals10,ann_1,True,True,,0.41500000000000004,0.6907344952807811,0.024193548387096774,300,200,4657.966784262222,143.836,55.84282619400037,0.7,False,1.0,,be7283e9914d04f6,0.0,,,,0.5388888888888889,0.41406093189964155,0.41406093189964155,suspected_label_error,model_disagreement;suspected_label_error;high_entropy,recheck_label,96.94892361111111,0.04611111111111112,0.04611111111111112,0.04611111111111112,0.04611111111111112,0.585,0.04611111111111112,0.04611111111111112,0.04611111111111112,0.04611111111111112,0.04611111111111112
625,elephant_000625.jpeg,data/demo/images/elephant_000625.jpeg,elephant,elephant,0.871,train,animals10,ann_2,True,True,,0.129,0.2900753937344504,0.0,300,216,2906.1301093085563,121.06421296296297,53.20354604611024,0.7,False,1.0,,c39c31655a9a546f,0.0,,,,0.0,0.18869999999999998,0.18869999999999998,ok,,keep,96.94892361111111,0.014333333333333333,0.014333333333333333,0.014333333333333333,0.014333333333333333,0.014333333333333333,0.871,0.014333333333333333,0.014333333333333333,0.014333333333333333,0.014333333333333333
626,elephant_000626.jpeg,data/demo/images/elephant_000626.jpeg,elephant,elephant,0.85,train,animals10,ann_4,True,True,,0.15000000000000002,0.3267165963574531,0.0,300,200,1257.1427621597222,133.40081666666666,65.26359727545713,0.7,False,1.0,,fa98c98280bfa73c,0.0,,,,0.0,0.195,0.195,ok,,keep,96.94892361111111,0.01666666666666667,0.01666666666666667,0.01666666666666667,0.01666666666666667,0.01666666666666667,0.85,0.01666666666666667,0.01666666666666667,0.01666666666666667,0.01666666666666667
627,elephant_000627.jpeg,data/demo/images/elephant_000627.jpeg,elephant,elephant,0.848,train,animals10,ann_1,True,True,,0.15200000000000002,0.33012494901053396,0.0,300,169,1988.9213325381543,82.60648915187377,32.51304276750119,0.7,False,1.0,,d11805a77c4cf3d5,0.0,,,,0.0,0.1956,0.1956,ok,,keep,96.94892361111111,0.01688888888888889,0.01688888888888889,0.01688888888888889,0.01688888888888889,0.01688888888888889,0.848,0.01688888888888889,0.01688888888888889,0.01688888888888889,0.01688888888888889
628,elephant_000628.jpeg,data/demo/images/elephant_000628.jpeg,elephant,elephant,0.902,train,animals10,ann_1,True,True,,0.09799999999999998,0.2327793093014132,0.0,261,300,2026.366751975488,151.95785440613028,72.82916599241828,1.0,False,1.0,,fe95c2d0998b855a,0.0,,,,0.0,0.17939999999999998,0.17939999999999998,ok,,keep,96.94892361111111,0.010888888888888885,0.010888888888888885,0.010888888888888885,0.010888888888888885,0.010888888888888885,0.902,0.010888888888888885,0.010888888888888885,0.010888888888888885,0.010888888888888885
629,elephant_000629.jpeg,data/demo/images/elephant_000629.jpeg,elephant,elephant,0.832,train,animals10,ann_2,True,True,,0.16800000000000004,0.35691817043903473,0.0,300,200,1679.3202138122226,140.5416,54.45700753291536,0.7,False,1.0,,b7dcc0033c279f38,0.0,,,,0.0,0.2004,0.2004,ok,,keep,96.94892361111111,0.01866666666666667,0.01866666666666667,0.01866666666666667,0.01866666666666667,0.01866666666666667,0.832,0.01866666666666667,0.01866666666666667,0.01866666666666667,0.01866666666666667
630,elephant_000630.jpg,data/demo/images/elephant_000630.jpg,elephant,elephant,0.954,train,animals10,ann_3,True,True,,0.04600000000000004,0.12491914136620547,0.0,640,426,5696.300954860896,167.7619754988263,71.31154342081422,1.0,False,1.0,,b4f0c90fa67c30d3,0.0,,,,0.0,0.1638,0.1638,ok,,keep,96.94892361111111,0.005111111111111116,0.005111111111111116,0.005111111111111116,0.005111111111111116,0.005111111111111116,0.954,0.005111111111111116,0.005111111111111116,0.005111111111111116,0.005111111111111116
631,elephant_000631.jpeg,data/demo/images/elephant_000631.jpeg,elephant,elephant,0.885,train,animals10,ann_4,True,True,,0.11499999999999999,0.2647128380343369,0.0,300,200,1258.8750796933334,88.48715,50.43169210140418,0.7,False,1.0,,ca92c439f19cd533,0.0,,,,0.0,0.1845,0.1845,ok,,keep,96.94892361111111,0.012777777777777777,0.012777777777777777,0.012777777777777777,0.012777777777777777,0.012777777777777777,0.885,0.012777777777777777,0.012777777777777777,0.012777777777777777,0.012777777777777777
632,elephant_000632.jpeg,data/demo/images/elephant_000632.jpeg,horse,elephant,0.824,train,animals10,ann_3,True,True,,0.17600000000000005,0.3700124253446628,0.016129032258064516,300,215,3641.5621302034733,99.27843410852714,52.74328064068239,0.7,False,1.0,,b44f4dab87928569,0.0,,,,0.824,0.4120258064516129,0.4120258064516129,suspected_label_error,model_disagreement;suspected_label_error,recheck_label,96.94892361111111,0.019555555555555562,0.019555555555555562,0.019555555555555562,0.019555555555555562,0.019555555555555562,0.824,0.019555555555555562,0.019555555555555562,0.019555555555555562,0.019555555555555562
633,elephant_000633.jpg,data/demo/images/elephant_000633.jpg,elephant,elephant,0.959,train,animals10,ann_2,True,True,,0.041000000000000036,0.11343575614189247,0.0,640,480,28974.170448284058,114.160908203125,64.42877242328959,1.0,False,1.0,,d5546a28b5d586da,0.0,,,,0.0,0.1623,0.1623,ok,,keep,96.94892361111111,0.004555555555555559,0.004555555555555559,0.004555555555555559,0.004555555555555559,0.004555555555555559,0.959,0.004555555555555559,0.004555555555555559,0.004555555555555559,0.004555555555555559
634,elephant_000634.jpeg,data/demo/images/elephant_000634.jpeg,elephant,elephant,0.902,train,animals10,ann_4,True,True,,0.09799999999999998,0.2327793093014132,0.0,300,225,1790.3169947239508,125.11794074074074,81.89845528989277,0.7,False,1.0,,ffb0a02383cf90cb,0.0,,,,0.0,0.17939999999999998,0.17939999999999998,ok,,keep,96.94892361111111,0.010888888888888885,0.010888888888888885,0.010888888888888885,0.010888888888888885,0.010888888888888885,0.902,0.010888888888888885,0.010888888888888885,0.010888888888888885,0.010888888888888885
635,elephant_000635.jpeg,data/demo/images/elephant_000635.jpeg,elephant,elephant,0.845,train,animals10,ann_3,True,True,,0.15500000000000003,0.33521225234126556,0.0,300,250,2411.4516463637337,135.61304,69.24942162423982,0.7,False,1.0,,aee9c1d6c281dd92,0.0,,,,0.0,0.1965,0.1965,ok,,keep,96.94892361111111,0.017222222222222226,0.017222222222222226,0.017222222222222226,0.017222222222222226,0.017222222222222226,0.845,0.017222222222222226,0.017222222222222226,0.017222222222222226,0.017222222222222226
636,elephant_000636.jpg,data/demo/images/elephant_000636.jpg,elephant,squirrel,0.457,train,animals10,ann_1,True,True,,0.5429999999999999,0.8175756673839429,0.0,640,423,10525.75750901108,123.42218158983451,59.315637134374114,1.0,False,1.0,,bd8ac6791b260d0f,0.0,,,,0.3966666666666667,0.4120666666666667,0.4120666666666667,hard_example,model_disagreement;high_entropy;low_confidence,send_to_review,96.94892361111111,0.06033333333333332,0.06033333333333332,0.06033333333333332,0.06033333333333332,0.06033333333333332,0.06033333333333332,0.06033333333333332,0.06033333333333332,0.06033333333333332,0.457
637,elephant_000637.jpeg,data/demo/images/elephant_000637.jpeg,elephant,elephant,0.944,train,animals10,ann_1,True,True,,0.05600000000000005,0.14716548405593347,0.0,300,169,2073.3185794377723,98.94252465483234,39.056553977741764,0.7,False,1.0,,fedcfaecc090e00c,0.0,,,,0.0,0.1668,0.1668,ok,,keep,96.94892361111111,0.006222222222222228,0.006222222222222228,0.006222222222222228,0.006222222222222228,0.006222222222222228,0.944,0.006222222222222228,0.006222222222222228,0.006222222222222228,0.006222222222222228
638,elephant_000638.jpg,data/demo/images/elephant_000638.jpg,elephant,elephant,0.894,train,animals10,ann_3,True,True,,0.10599999999999998,0.24797153813600767,0.0,640,426,4002.9701096257545,133.67228579812206,59.99121663359465,1.0,False,1.0,,a6999cbd1c0dd8c3,0.0,,,,0.0,0.1818,0.1818,ok,,keep,96.94892361111111,0.011777777777777776,0.011777777777777776,0.011777777777777776,0.011777777777777776,0.011777777777777776,0.894,0.011777777777777776,0.011777777777777776,0.011777777777777776,0.011777777777777776
639,elephant_000639.jpeg,data/demo/images/elephant_000639.jpeg,elephant,elephant,0.872,train,animals10,ann_3,True,True,,0.128,0.28828978588916315,0.0,278,300,2596.3017505995203,194.2465227817746,79.32054550208466,1.0,False,1.0,,eb9c8742f07c3c13,0.0,,,,0.0,0.18839999999999998,0.18839999999999998,ok,,keep,96.94892361111111,0.014222222222222223,0.014222222222222223,0.014222222222222223,0.014222222222222223,0.014222222222222223,0.872,0.014222222222222223,0.014222222222222223,0.014222222222222223,0.014222222222222223
640,elephant_000640.jpeg,data/demo/images/elephant_000640.jpeg,elephant,elephant,0.898,train,animals10,ann_2,True,True,,0.10199999999999998,0.24041336377291153,0.0,300,169,4088.769306036981,110.53134122287969,54.02123718536454,0.7,False,1.0,,8297cc7333a66ba4,0.0,,,,0.0,0.18059999999999998,0.18059999999999998,ok,,keep,96.94892361111111,0.01133333333333333,0.01133333333333333,0.01133333333333333,0.01133333333333333,0.01133333333333333,0.898,0.01133333333333333,0.01133333333333333,0.01133333333333333,0.01133333333333333
641,elephant_000641.jpeg,data/demo/images/elephant_000641.jpeg,elephant,sheep,0.674,train,animals10,ann_1,True,True,,0.32599999999999996,0.5852573458473214,0.0,300,269,404.0351020962796,150.4579677819083,58.237290142625405,1.0,False,1.0,,ed9c43e31cab03f0,0.0,,,,0.6377777777777778,0.4072444444444444,0.4072444444444444,suspected_label_error,model_disagreement;suspected_label_error,recheck_label,96.94892361111111,0.03622222222222222,0.03622222222222222,0.03622222222222222,0.03622222222222222,0.03622222222222222,0.03622222222222222,0.03622222222222222,0.674,0.03622222222222222,0.03622222222222222
642,elephant_000642.jpeg,data/demo/images/elephant_000642.jpeg,elephant,elephant,0.863,train,animals10,ann_3,True,True,,0.137,0.30422318504758933,0.0,300,214,2505.7097446404828,145.80792834890966,46.55136655801355,0.7,False,1.0,,d33ac4ebd98c24e4,0.0,,,,0.0,0.1911,0.1911,ok,,keep,96.94892361111111,0.015222222222222224,0.015222222222222224,0.015222222222222224,0.015222222222222224,0.015222222222222224,0.863,0.015222222222222224,0.015222222222222224,0.015222222222222224,0.015222222222222224
643,elephant_000643.jpeg,data/demo/images/elephant_000643.jpeg,elephant,elephant,0.968,train,animals10,ann_3,True,True,,0.03200000000000003,0.09204361077835214,0.0,300,206,2021.8194843976812,131.25883495145632,37.75870153600005,0.7,False,1.0,,bb47c4b0a71e43b8,0.0,,,,0.0,0.1596,0.1596,ok,,keep,96.94892361111111,0.0035555555555555588,0.0035555555555555588,0.0035555555555555588,0.0035555555555555588,0.0035555555555555588,0.968,0.0035555555555555588,0.0035555555555555588,0.0035555555555555588,0.0035555555555555588
644,elephant_000644.jpeg,data/demo/images/elephant_000644.jpeg,elephant,elephant,0.876,train,animals10,ann_3,True,True,,0.124,0.2811081808641757,0.0,300,225,4333.477085871057,128.42272592592593,71.27670877574708,0.7,False,1.0,,d114832b3f7fb460,0.0,,,,0.0,0.18719999999999998,0.18719999999999998,ok,,keep,96.94892361111111,0.013777777777777778,0.013777777777777778,0.013777777777777778,0.013777777777777778,0.013777777777777778,0.876,0.013777777777777778,0.013777777777777778,0.013777777777777778,0.013777777777777778
645,elephant_000645.jpeg,data/demo/images/elephant_000645.jpeg,elephant,elephant,0.928,train,animals10,ann_3,True,True,,0.07199999999999995,0.1810929946625314,0.0,300,230,2004.7871978416301,104.58015942028986,49.82494902638467,0.7,False,1.0,,e5e19125ccb784e6,0.0,,,,0.0,0.17159999999999997,0.17159999999999997,ok,,keep,96.94892361111111,0.007999999999999995,0.007999999999999995,0.007999999999999995,0.007999999999999995,0.007999999999999995,0.928,0.007999999999999995,0.007999999999999995,0.007999999999999995,0.007999999999999995
646,elephant_000646.jpg,data/demo/images/elephant_000646.jpg,elephant,elephant,0.925,train,animals10,ann_2,True,True,,0.07499999999999996,0.187257486327022,0.0,640,436,2492.866230298285,120.17624354931192,55.55649998042406,1.0,False,1.0,,b31fa043be689729,0.0,,,,0.0,0.1725,0.1725,ok,,keep,96.94892361111111,0.008333333333333328,0.008333333333333328,0.008333333333333328,0.008333333333333328,0.008333333333333328,0.925,0.008333333333333328,0.008333333333333328,0.008333333333333328,0.008333333333333328
647,elephant_000647.jpeg,data/demo/images/elephant_000647.jpeg,elephant,elephant,0.85,train,animals10,ann_3,True,True,,0.15000000000000002,0.3267165963574531,0.0,300,200,1347.8953224375,126.15016666666666,50.110504387525594,0.7,False,1.0,,fd85c33698b093c6,0.0,,,,0.0,0.195,0.195,ok,,keep,96.94892361111111,0.01666666666666667,0.01666666666666667,0.01666666666666667,0.01666666666666667,0.01666666666666667,0.85,0.01666666666666667,0.01666666666666667,0.01666666666666667,0.01666666666666667
648,elephant_000648.jpeg,data/demo/images/elephant_000648.jpeg,elephant,elephant,0.853,train,animals10,ann_4,True,True,,0.14700000000000002,0.321578472750757,0.0,270,194,3748.3995421200207,98.75738831615121,61.112557239588675,0.7,False,1.0,,c6c6f130b21aeb4d,0.0,,,,0.0,0.1941,0.1941,ok,,keep,96.94892361111111,0.016333333333333335,0.016333333333333335,0.016333333333333335,0.016333333333333335,0.016333333333333335,0.853,0.016333333333333335,0.016333333333333335,0.016333333333333335,0.016333333333333335
649,elephant_000649.jpeg,data/demo/images/elephant_000649.jpeg,elephant,elephant,0.936,train,animals10,ann_3,True,True,,0.06399999999999995,0.16436180350733687,0.0,200,300,2159.3991860308333,148.40101666666666,62.55876119537312,0.7,False,1.0,,b99d86c0f0b0cf72,0.0,,,,0.0,0.1692,0.1692,ok,,keep,96.94892361111111,0.007111111111111105,0.007111111111111105,0.007111111111111105,0.007111111111111105,0.007111111111111105,0.936,0.007111111111111105,0.007111111111111105,0.007111111111111105,0.007111111111111105
650,elephant_000650.jpeg,data/demo/images/elephant_000650.jpeg,elephant,elephant,0.946,train,animals10,ann_3,True,True,,0.05400000000000005,0.14278681310024285,0.0,300,200,5015.822633065555,130.85913333333335,65.63009413814841,0.7,False,1.0,,bc49cbbc90c7c91c,0.0,,,,0.0,0.16620000000000001,0.16620000000000001,ok,,keep,96.94892361111111,0.006000000000000005,0.006000000000000005,0.006000000000000005,0.006000000000000005,0.006000000000000005,0.946,0.006000000000000005,0.006000000000000005,0.006000000000000005,0.006000000000000005
651,elephant_000651.jpeg,data/demo/images/elephant_000651.jpeg,elephant,elephant,0.9,train,animals10,ann_2,True,True,,0.09999999999999998,0.23660598810559538,0.0,300,225,1664.9613233461725,126.46394074074074,45.11005426760333,0.7,False,1.0,,e5949a5e62413cb7,0.0,,,,0.0,0.18,0.18,ok,,keep,96.94892361111111,0.011111111111111108,0.011111111111111108,0.011111111111111108,0.011111111111111108,0.011111111111111108,0.9,0.011111111111111108,0.011111111111111108,0.011111111111111108,0.011111111111111108
652,elephant_000652.jpeg,data/demo/images/elephant_000652.jpeg,elephant,elephant,0.969,train,animals10,ann_4,True,True,,0.031000000000000028,0.08960156097862082,0.0,285,194,5885.054064401578,146.55009947549286,55.92870557372431,0.7,False,1.0,,9725af4bed13e204,0.0,,,,0.0,0.1593,0.1593,ok,,keep,96.94892361111111,0.0034444444444444475,0.0034444444444444475,0.0034444444444444475,0.0034444444444444475,0.0034444444444444475,0.969,0.0034444444444444475,0.0034444444444444475,0.0034444444444444475,0.0034444444444444475
653,elephant_000653.jpg,data/demo/images/elephant_000653.jpg,elephant,elephant,0.917,train,animals10,ann_3,True,True,,0.08299999999999996,0.20342596146389583,0.0,640,426,1228.4380961182862,125.73440801056339,51.84969931468341,1.0,False,1.0,,ca9db5e24a15c4ea,0.0,,,,0.0,0.17489999999999997,0.17489999999999997,ok,,keep,96.94892361111111,0.009222222222222218,0.009222222222222218,0.009222222222222218,0.009222222222222218,0.009222222222222218,0.917,0.009222222222222218,0.009222222222222218,0.009222222222222218,0.009222222222222218
654,elephant_000654.jpeg,data/demo/images/elephant_000654.jpeg,elephant,elephant,0.908,train,animals10,ann_4,True,True,,0.09199999999999997,0.22117987595253683,0.0,300,219,1320.9115550125216,129.45056316590563,80.7785382634217,0.7,False,1.0,,a711b122da9dc56d,0.0,,,,0.0,0.17759999999999998,0.17759999999999998,ok,,keep,96.94892361111111,0.01022222222222222,0.01022222222222222,0.01022222222222222,0.01022222222222222,0.01022222222222222,0.908,0.01022222222222222,0.01022222222222222,0.01022222222222222,0.01022222222222222
655,elephant_000655.jpeg,data/demo/images/elephant_000655.jpeg,cow,elephant,0.861,train,animals10,ann_4,True,True,,0.139,0.30772293383220556,0.056451612903225805,300,246,306.5379019513664,124.88529810298103,54.57922463881295,0.7,False,1.0,,eca1a3e4ed91869c,0.0,,,,0.861,0.41824032258064514,0.41824032258064514,suspected_label_error,model_disagreement;suspected_label_error,recheck_label,96.94892361111111,0.015444444444444446,0.015444444444444446,0.015444444444444446,0.015444444444444446,0.015444444444444446,0.861,0.015444444444444446,0.015444444444444446,0.015444444444444446,0.015444444444444446
656,elephant_000656.jpeg,data/demo/images/elephant_000656.jpeg,elephant,elephant,0.913,train,animals10,ann_3,True,True,,0.08699999999999997,0.21137109911164187,0.0,300,200,1754.4794478441665,47.11708333333333,43.41439747548873,0.7,False,1.0,,ca7c6686d98c7313,0.0,,,,0.0,0.17609999999999998,0.17609999999999998,ok,,keep,96.94892361111111,0.009666666666666664,0.009666666666666664,0.009666666666666664,0.009666666666666664,0.009666666666666664,0.913,0.009666666666666664,0.009666666666666664,0.009666666666666664,0.009666666666666664
657,elephant_000657.jpeg,data/demo/images/elephant_000657.jpeg,elephant,elephant,0.863,train,animals10,ann_4,True,True,,0.137,0.30422318504758933,0.0,300,193,8101.0840869926415,145.7678583765112,45.349729989206466,0.7,False,1.0,,b25c1e834e6b62ec,0.0,,,,0.0,0.1911,0.1911,ok,,keep,96.94892361111111,0.015222222222222224,0.015222222222222224,0.015222222222222224,0.015222222222222224,0.015222222222222224,0.863,0.015222222222222224,0.015222222222222224,0.015222222222222224,0.015222222222222224
658,elephant_000658.jpeg,data/demo/images/elephant_000658.jpeg,elephant,elephant,0.837,train,animals10,ann_4,True,True,,0.16300000000000003,0.34863373683746157,0.0,223,300,3176.3949573184436,89.5737668161435,50.02695730116505,0.7,False,1.0,,bd78c61d7c662984,0.0,,,,0.0,0.1989,0.1989,ok,,keep,96.94892361111111,0.018111111111111116,0.018111111111111116,0.018111111111111116,0.018111111111111116,0.018111111111111116,0.837,0.018111111111111116,0.018111111111111116,0.018111111111111116,0.018111111111111116
659,elephant_000659.jpeg,data/demo/images/elephant_000659.jpeg,elephant,chicken,0.478,train,animals10,ann_1,True,True,,0.522,0.7987240484366093,0.0,300,231,7363.57260133056,134.38979797979798,66.26423551891169,0.7,False,1.0,,ac41419f5655db72,0.0,,,,0.42,0.41159999999999997,0.41159999999999997,hard_example,model_disagreement;high_entropy;low_confidence,send_to_review,96.94892361111111,0.058,0.058,0.478,0.058,0.058,0.058,0.058,0.058,0.058,0.058
660,elephant_000660.jpg,data/demo/images/elephant_000660.jpg,cat,elephant,0.908,train,animals10,ann_3,True,True,,0.09199999999999997,0.22117987595253683,0.06451612903225806,524,640,1143.4687703705765,134.90887404580153,39.089925990003906,1.0,False,1.0,,f24e83310ea71eb3,0.0,,,,0.908,0.4175032258064516,0.4175032258064516,suspected_label_error,model_disagreement;suspected_label_error,recheck_label,96.94892361111111,0.01022222222222222,0.01022222222222222,0.01022222222222222,0.01022222222222222,0.01022222222222222,0.908,0.01022222222222222,0.01022222222222222,0.01022222222222222,0.01022222222222222
661,elephant_000661.jpeg,data/demo/images/elephant_000661.jpeg,elephant,horse,0.497,train,animals10,ann_1,True,True,,0.503,0.781006156221438,0.0,300,204,2380.5878520310034,126.18142156862746,61.975387887947065,0.7,False,1.0,,a6ee9872cb00b7c9,0.0,,,,0.4411111111111111,0.41117777777777775,0.41117777777777775,hard_example,model_disagreement;high_entropy;low_confidence,send_to_review,96.94892361111111,0.05588888888888889,0.05588888888888889,0.05588888888888889,0.05588888888888889,0.05588888888888889,0.05588888888888889,0.497,0.05588888888888889,0.05588888888888889,0.05588888888888889
662,elephant_000662.jpeg,data/demo/images/elephant_000662.jpeg,horse,elephant,0.935,train,animals10,ann_3,True,True,,0.06499999999999995,0.16647753442302177,0.016129032258064516,300,200,2347.4399914266664,103.98813333333334,45.677326532780164,0.7,False,1.0,,95a87923d425ce73,0.0,,,,0.935,0.40647580645161285,0.40647580645161285,suspected_label_error,model_disagreement;suspected_label_error,recheck_label,96.94892361111111,0.007222222222222217,0.007222222222222217,0.007222222222222217,0.007222222222222217,0.007222222222222217,0.935,0.007222222222222217,0.007222222222222217,0.007222222222222217,0.007222222222222217
663,elephant_000663.jpeg,data/demo/images/elephant_000663.jpeg,elephant,elephant,0.919,train,animals10,ann_3,True,True,,0.08099999999999996,0.19941939742863374,0.0,300,212,1208.4034452345634,106.60089622641509,37.0284894883382,0.7,False,1.0,,c877a21c3179d45e,0.0,,,,0.0,0.17429999999999998,0.17429999999999998,ok,,keep,96.94892361111111,0.008999999999999996,0.008999999999999996,0.008999999999999996,0.008999999999999996,0.008999999999999996,0.919,0.008999999999999996,0.008999999999999996,0.008999999999999996,0.008999999999999996
664,elephant_000664.jpeg,data/demo/images/elephant_000664.jpeg,elephant,elephant,0.858,train,animals10,ann_1,True,True,,0.14200000000000002,0.3129453941208562,0.0,300,218,1347.1275718055904,113.20824159021407,44.87263746011203,0.7,False,1.0,,e91a9665909bb1e5,0.0,,,,0.0,0.1926,0.1926,ok,,keep,96.94892361111111,0.01577777777777778,0.01577777777777778,0.01577777777777778,0.01577777777777778,0.01577777777777778,0.858,0.01577777777777778,0.01577777777777778,0.01577777777777778,0.01577777777777778
665,elephant_000665.jpeg,data/demo/images/elephant_000665.jpeg,elephant,elephant,0.855,train,animals10,ann_4,True,True,,0.14500000000000002,0.31813577110909846,0.0,300,169,6319.313186386643,79.85126232741618,60.59712912807272,0.7,False,1.0,,9019960bff6f7904,0.0,,,,0.0,0.1935,0.1935,ok,,keep,96.94892361111111,0.016111111111111114,0.016111111111111114,0.016111111111111114,0.016111111111111114,0.016111111111111114,0.855,0.016111111111111114,0.016111111111111114,0.016111111111111114,0.016111111111111114
666,elephant_000666.jpg,data/demo/images/elephant_000666.jpg,elephant,elephant,0.973,train,animals10,ann_1,True,True,,0.027000000000000024,0.0796839281985186,0.0,640,422,4110.978021009384,136.64577162322274,57.430741212166915,1.0,False,1.0,,ad5a453fd8619781,0.0,,,,0.0,0.1581,0.1581,ok,,keep,96.94892361111111,0.0030000000000000027,0.0030000000000000027,0.0030000000000000027,0.0030000000000000027,0.0030000000000000027,0.973,0.0030000000000000027,0.0030000000000000027,0.0030000000000000027,0.0030000000000000027
667,elephant_000667.jpeg,data/demo/images/elephant_000667.jpeg,elephant,elephant,0.976,train,animals10,ann_4,True,True,,0.02400000000000002,0.07207372403983002,0.0,300,199,4518.810764272507,162.0115745393635,84.55281827804652,0.7,False,1.0,,ebbc91c34c1a6c66,0.0,,,,0.0,0.1572,0.1572,ok,,keep,96.94892361111111,0.002666666666666669,0.002666666666666669,0.002666666666666669,0.002666666666666669,0.002666666666666669,0.976,0.002666666666666669,0.002666666666666669,0.002666666666666669,0.002666666666666669
668,elephant_000668.jpeg,data/demo/images/elephant_000668.jpeg,elephant,elephant,0.885,train,animals10,ann_2,True,True,,0.11499999999999999,0.2647128380343369,0.0,300,270,690.3734835810089,120.34917283950617,49.38721348796598,1.0,False,1.0,,b0354f861b1e5c79,0.0,,,,0.0,0.1845,0.1845,ok,,keep,96.94892361111111,0.012777777777777777,0.012777777777777777,0.012777777777777777,0.012777777777777777,0.012777777777777777,0.885,0.012777777777777777,0.012777777777777777,0.012777777777777777,0.012777777777777777
669,elephant_000669.jpeg,data/demo/images/elephant_000669.jpeg,elephant,elephant,0.848,train,animals10,ann_2,True,True,,0.15200000000000002,0.33012494901053396,0.0,300,176,2427.9949692202567,167.57755681818182,70.67315218302781,0.7,False,1.0,,ead5802a3fd42af1,0.0,,,,0.0,0.1956,0.1956,ok,,keep,96.94892361111111,0.01688888888888889,0.01688888888888889,0.01688888888888889,0.01688888888888889,0.01688888888888889,0.848,0.01688888888888889,0.01688888888888889,0.01688888888888889,0.01688888888888889
670,elephant_000670.jpeg,data/demo/images/elephant_000670.jpeg,elephant,dog,0.55,train,animals10,ann_4,True,True,,0.44999999999999996,0.7282640144840123,0.0,300,169,2082.9463367233484,115.22869822485207,46.221690999120774,0.7,False,1.0,,b1ec8e93cac3d708,0.0,,,,0.5,0.41000000000000003,0.41000000000000003,suspected_label_error,model_disagreement;suspected_label_error;high_entropy,recheck_label,96.94892361111111,0.049999999999999996,0.049999999999999996,0.049999999999999996,0.049999999999999996,0.55,0.049999999999999996,0.049999999999999996,0.049999999999999996,0.049999999999999996,0.049999999999999996
671,elephant_000671.jpeg,data/demo/images/elephant_000671.jpeg,elephant,elephant,0.956,train,animals10,ann_4,True,True,,0.04400000000000004,0.12035700329104203,0.0,300,200,6260.6988499733325,143.96958333333333,60.293578360328354,0.7,False,1.0,,f3b094c38d9ecd44,0.0,,,,0.0,0.1632,0.1632,ok,,keep,96.94892361111111,0.004888888888888893,0.004888888888888893,0.004888888888888893,0.004888888888888893,0.004888888888888893,0.956,0.004888888888888893,0.004888888888888893,0.004888888888888893,0.004888888888888893
672,elephant_000672.jpeg,data/demo/images/elephant_000672.jpeg,elephant,elephant,0.938,train,animals10,ann_4,True,True,,0.062000000000000055,0.1601084840938395,0.0,300,149,1114.0726917826523,77.05964205816555,45.88802220108597,0.7,False,1.0,,bd9eda614341256b,0.0,,,,0.0,0.1686,0.1686,ok,,keep,96.94892361111111,0.006888888888888895,0.006888888888888895,0.006888888888888895,0.006888888888888895,0.006888888888888895,0.938,0.006888888888888895,0.006888888888888895,0.006888888888888895,0.006888888888888895
673,elephant_000673.jpeg,data/demo/images/elephant_000673.jpeg,elephant,elephant,0.824,train,animals10,ann_3,True,True,,0.17600000000000005,0.3700124253446628,0.0,300,283,2842.6260971717575,118.26991755005889,50.69027531409164,1.0,False,1.0,,880397be3163cd73,0.0,,,,0.0,0.2028,0.2028,ok,,keep,96.94892361111111,0.019555555555555562,0.019555555555555562,0.019555555555555562,0.019555555555555562,0.019555555555555562,0.824,0.019555555555555562,0.019555555555555562,0.019555555555555562,0.019555555555555562
674,elephant_000674.jpeg,data/demo/images/elephant_000674.jpeg,elephant,elephant,0.89,train,animals10,ann_3,True,True,,0.10999999999999999,0.25545637041400393,0.0,201,300,5719.230675712373,106.60114427860697,78.77856891786631,0.7,False,1.0,,eb33acac83450e9e,0.0,,,,0.0,0.183,0.183,ok,,keep,96.94892361111111,0.012222222222222221,0.012222222222222221,0.012222222222222221,0.012222222222222221,0.012222222222222221,0.89,0.012222222222222221,0.012222222222222221,0.012222222222222221,0.012222222222222221
675,elephant_000675.jpeg,data/demo/images/elephant_000675.jpeg,elephant,elephant,0.919,train,animals10,ann_4,True,True,,0.08099999999999996,0.19941939742863374,0.0,300,225,566.3963546291358,170.60878518518518,49.27043620978002,0.7,False,1.0,,87e89318e41f59ce,0.0,,,,0.0,0.17429999999999998,0.17429999999999998,ok,,keep,96.94892361111111,0.008999999999999996,0.008999999999999996,0.008999999999999996,0.008999999999999996,0.008999999999999996,0.919,0.008999999999999996,0.008999999999999996,0.008999999999999996,0.008999999999999996
676,elephant_000676.jpeg,data/demo/images/elephant_000676.jpeg,elephant,elephant,0.933,train,animals10,ann_4,True,True,,0.06699999999999995,0.17068765839305028,0.0,300,232,5523.663945493956,149.74971264367815,78.88643135319005,0.7,False,1.0,,a3b6cc1899e1f526,0.0,,,,0.0,0.17009999999999997,0.17009999999999997,ok,,keep,96.94892361111111,0.007444444444444438,0.007444444444444438,0.007444444444444438,0.007444444444444438,0.007444444444444438,0.933,0.007444444444444438,0.007444444444444438,0.007444444444444438,0.007444444444444438
677,elephant_000677.jpeg,data/demo/images/elephant_000677.jpeg,elephant,elephant,0.855,train,animals10,ann_3,True,True,,0.14500000000000002,0.31813577110909846,0.0,300,169,1600.3122058514136,185.88976331360948,60.278613294053464,0.7,False,1.0,,bdc2c02d923dce69,0.0,,,,0.0,0.1935,0.1935,ok,,keep,96.94892361111111,0.016111111111111114,0.016111111111111114,0.016111111111111114,0.016111111111111114,0.016111111111111114,0.855,0.016111111111111114,0.016111111111111114,0.016111111111111114,0.016111111111111114
678,elephant_000678.jpeg,data/demo/images/elephant_000678.jpeg,elephant,elephant,0.867,train,animals10,ann_2,True,True,,0.133,0.2971794236519888,0.0,300,226,1523.8610859527414,166.72587020648967,81.0348239923058,0.7,False,1.0,,a6fbc49511628db6,1.0,dup_2,707,0.0,0.0,0.0,0.0,duplicate,duplicate,exclude_duplicate,96.94892361111111,0.014777777777777779,0.014777777777777779,0.014777777777777779,0.014777777777777779,0.014777777777777779,0.867,0.014777777777777779,0.014777777777777779,0.014777777777777779,0.014777777777777779
679,elephant_000679.jpeg,data/demo/images/elephant_000679.jpeg,elephant,elephant,0.974,train,animals10,ann_2,True,True,,0.026000000000000023,0.07716456985546556,0.0,300,216,1890.0558326465093,181.97766975308642,70.78510173689999,0.7,False,1.0,,be69c99591c7ca0a,0.0,,,,0.0,0.1578,0.1578,ok,,keep,96.94892361111111,0.0028888888888888914,0.0028888888888888914,0.0028888888888888914,0.0028888888888888914,0.0028888888888888914,0.974,0.0028888888888888914,0.0028888888888888914,0.0028888888888888914,0.0028888888888888914
680,elephant_000680.jpeg,data/demo/images/elephant_000680.jpeg,elephant,butterfly,0.539,train,animals10,ann_3,True,True,,0.46099999999999997,0.7396133214683037,0.0,300,169,1018.4243195717548,109.58761341222879,42.72709689526189,0.7,False,1.0,,9b92860d30b67f6a,0.0,,,,0.4877777777777778,0.4102444444444444,0.4102444444444444,hard_example,model_disagreement;high_entropy;low_confidence,send_to_review,96.94892361111111,0.539,0.05122222222222222,0.05122222222222222,0.05122222222222222,0.05122222222222222,0.05122222222222222,0.05122222222222222,0.05122222222222222,0.05122222222222222,0.05122222222222222
681,elephant_000681.jpeg,data/demo/images/elephant_000681.jpeg,elephant,horse,0.617,train,animals10,ann_4,True,True,,0.383,0.6545038001338237,0.0,300,226,3533.005915533062,113.44154867256637,49.58004974488083,0.7,False,1.0,,af31c5c430cecb39,0.0,,,,0.5744444444444444,0.40851111111111116,0.40851111111111116,suspected_label_error,model_disagreement;suspected_label_error;high_entropy,recheck_label,96.94892361111111,0.042555555555555555,0.042555555555555555,0.042555555555555555,0.042555555555555555,0.042555555555555555,0.042555555555555555,0.617,0.042555555555555555,0.042555555555555555,0.042555555555555555
682,elephant_000682.jpeg,data/demo/images/elephant_000682.jpeg,elephant,elephant,0.857,train,animals10,ann_3,True,True,,0.14300000000000002,0.3146790567611941,0.0,300,240,2495.5709703672837,150.60683333333333,58.288034582817914,0.7,False,1.0,,edc6d2181da662f4,0.0,,,,0.0,0.1929,0.1929,ok,,keep,96.94892361111111,0.01588888888888889,0.01588888888888889,0.01588888888888889,0.01588888888888889,0.01588888888888889,0.857,0.01588888888888889,0.01588888888888889,0.01588888888888889,0.01588888888888889
683,elephant_000683.jpeg,data/demo/images/elephant_000683.jpeg,elephant,elephant,0.845,train,animals10,ann_2,True,True,,0.15500000000000003,0.33521225234126556,0.0,300,221,3192.3923880610323,150.77834087481148,53.27777297782411,0.7,False,1.0,,e5198b4fa819d3b2,0.0,,,,0.0,0.1965,0.1965,ok,,keep,96.94892361111111,0.017222222222222226,0.017222222222222226,0.017222222222222226,0.017222222222222226,0.017222222222222226,0.845,0.017222222222222226,0.017222222222222226,0.017222222222222226,0.017222222222222226
684,elephant_000684.jpeg,data/demo/images/elephant_000684.jpeg,elephant,elephant,0.916,train,animals10,ann_2,True,True,,0.08399999999999996,0.2054206525410096,0.0,300,200,856.8125594997222,83.24733333333333,43.817485013278535,0.7,False,1.0,,c866d518b37fc00f,0.0,,,,0.0,0.1752,0.1752,ok,,keep,96.94892361111111,0.009333333333333329,0.009333333333333329,0.009333333333333329,0.009333333333333329,0.009333333333333329,0.916,0.009333333333333329,0.009333333333333329,0.009333333333333329,0.009333333333333329
685,elephant_000685.jpeg,data/demo/images/elephant_000685.jpeg,elephant,elephant,0.878,train,animals10,ann_2,True,True,,0.122,0.27749349750077557,0.0,300,225,964.6328372435664,135.65965925925926,48.085013350532954,0.7,False,1.0,,fd6a838306f89a17,0.0,,,,0.0,0.1866,0.1866,ok,,keep,96.94892361111111,0.013555555555555555,0.013555555555555555,0.013555555555555555,0.013555555555555555,0.013555555555555555,0.878,0.013555555555555555,0.013555555555555555,0.013555555555555555,0.013555555555555555
686,elephant_000686.jpeg,data/demo/images/elephant_000686.jpeg,elephant,elephant,0.835,train,animals10,ann_1,True,True,,0.16500000000000004,0.35195695189044157,0.0,300,225,2574.1949982911383,107.72672592592592,56.81057819943847,0.7,False,1.0,,e31cd4af41501f6b,0.0,,,,0.0,0.1995,0.1995,ok,,keep,96.94892361111111,0.018333333333333337,0.018333333333333337,0.018333333333333337,0.018333333333333337,0.018333333333333337,0.835,0.018333333333333337,0.018333333333333337,0.018333333333333337,0.018333333333333337
687,elephant_000687.jpeg,data/demo/images/elephant_000687.jpeg,elephant,elephant,0.861,train,animals10,ann_2,True,True,,0.139,0.30772293383220556,0.0,300,213,2253.6577140365052,140.9183255086072,54.36493374394239,0.7,False,1.0,,e2d59d7a870eaa05,0.0,,,,0.0,0.19169999999999998,0.19169999999999998,ok,,keep,96.94892361111111,0.015444444444444446,0.015444444444444446,0.015444444444444446,0.015444444444444446,0.015444444444444446,0.861,0.015444444444444446,0.015444444444444446,0.015444444444444446,0.015444444444444446
688,elephant_000688.jpeg,data/demo/images/elephant_000688.jpeg,elephant,elephant,0.865,train,animals10,ann_2,True,True,,0.135,0.30070874272747405,0.0,300,194,2565.9103585146017,91.60103092783505,34.706908791154696,0.7,False,1.0,,b60e87368499dada,0.0,,,,0.0,0.1905,0.1905,ok,,keep,96.94892361111111,0.015000000000000001,0.015000000000000001,0.015000000000000001,0.015000000000000001,0.015000000000000001,0.865,0.015000000000000001,0.015000000000000001,0.015000000000000001,0.015000000000000001
689,elephant_000689.jpg,data/demo/images/elephant_000689.jpg,elephant,elephant,0.903,train,animals10,ann_2,True,True,,0.09699999999999998,0.23085862231574836,0.0,640,217,4469.376593988744,94.33726238479262,56.069090159439064,0.7,False,1.0,,bec1af234cb34d0a,0.0,,,,0.0,0.17909999999999998,0.17909999999999998,ok,,keep,96.94892361111111,0.010777777777777775,0.010777777777777775,0.010777777777777775,0.010777777777777775,0.010777777777777775,0.903,0.010777777777777775,0.010777777777777775,0.010777777777777775,0.010777777777777775
690,elephant_000690.jpeg,data/demo/images/elephant_000690.jpeg,elephant,elephant,0.912,train,animals10,ann_2,True,True,,0.08799999999999997,0.2133435687829855,0.0,300,188,2897.6708284212946,149.25528368794326,58.6162457247373,0.7,False,1.0,,cac625d54b1b2b56,1.0,dup_1,619,0.0,0.0,0.0,0.0,duplicate,duplicate,exclude_duplicate,96.94892361111111,0.009777777777777774,0.009777777777777774,0.009777777777777774,0.009777777777777774,0.009777777777777774,0.912,0.009777777777777774,0.009777777777777774,0.009777777777777774,0.009777777777777774
691,elephant_000691.jpeg,data/demo/images/elephant_000691.jpeg,elephant,elephant,0.888,train,animals10,ann_2,True,True,,0.11199999999999999,0.2591720245638016,0.0,300,208,2719.0547389954695,106.09778846153846,58.94110235134009,0.7,False,1.0,,f8dd8583d6561a38,0.0,,,,0.0,0.18359999999999999,0.18359999999999999,ok,,keep,96.94892361111111,0.012444444444444444,0.012444444444444444,0.012444444444444444,0.012444444444444444,0.012444444444444444,0.888,0.012444444444444444,0.012444444444444444,0.012444444444444444,0.012444444444444444
692,elephant_000692.jpg,data/demo/images/elephant_000692.jpg,elephant,elephant,0.851,train,animals10,ann_1,True,True,,0.14900000000000002,0.32500731993810167,0.0,640,425,2898.745643008164,104.94713602941177,43.036200855524925,1.0,False,1.0,,ef91940f3a468679,0.0,,,,0.0,0.19469999999999998,0.19469999999999998,ok,,keep,96.94892361111111,0.01655555555555556,0.01655555555555556,0.01655555555555556,0.01655555555555556,0.01655555555555556,0.851,0.01655555555555556,0.01655555555555556,0.01655555555555556,0.01655555555555556
693,elephant_000693.jpeg,data/demo/images/elephant_000693.jpeg,elephant,chicken,0.573,train,animals10,ann_4,True,True,,0.42700000000000005,0.7038462461646474,0.0,300,225,1610.5702309232372,138.82405925925926,46.63385426248045,0.7,False,1.0,,f82dc67b76256830,0.0,,,,0.5255555555555556,0.4094888888888889,0.4094888888888889,suspected_label_error,model_disagreement;suspected_label_error;high_entropy,recheck_label,96.94892361111111,0.04744444444444445,0.04744444444444445,0.573,0.04744444444444445,0.04744444444444445,0.04744444444444445,0.04744444444444445,0.04744444444444445,0.04744444444444445,0.04744444444444445
694,elephant_000694.jpg,data/demo/images/elephant_000694.jpg,elephant,elephant,0.849,train,animals10,ann_2,True,True,,0.15100000000000002,0.328422466524009,0.0,640,430,4879.119508015298,98.05475654069767,56.989522760616964,1.0,False,1.0,,a663121d6b8375e3,0.0,,,,0.0,0.1953,0.1953,ok,,keep,96.94892361111111,0.01677777777777778,0.01677777777777778,0.01677777777777778,0.01677777777777778,0.01677777777777778,0.849,0.01677777777777778,0.01677777777777778,0.01677777777777778,0.01677777777777778
695,elephant_000695.jpeg,data/demo/images/elephant_000695.jpeg,elephant,chicken,0.626,train,animals10,ann_1,True,True,,0.374,0.6439771823746543,0.0,300,225,1605.8659722763239,135.46965925925926,63.71699219403146,0.7,False,1.0,,e396986d19685e6a,0.0,,,,0.5844444444444444,0.40831111111111107,0.40831111111111107,suspected_label_error,model_disagreement;suspected_label_error,recheck_label,96.94892361111111,0.041555555555555554,0.041555555555555554,0.626,0.041555555555555554,0.041555555555555554,0.041555555555555554,0.041555555555555554,0.041555555555555554,0.041555555555555554,0.041555555555555554
696,elephant_000696.jpeg,data/demo/images/elephant_000696.jpeg,elephant,elephant,0.883,train,animals10,ann_2,True,True,,0.11699999999999999,0.2683853221781624,0.0,300,169,2333.370108427187,141.42463510848125,67.32844325263626,0.7,False,1.0,,8894118d1f8f1f3f,0.0,,,,0.0,0.1851,0.1851,ok,,keep,96.94892361111111,0.013,0.013,0.013,0.013,0.013,0.883,0.013,0.013,0.013,0.013
697,elephant_000697.jpeg,data/demo/images/elephant_000697.jpeg,chicken,elephant,0.859,val,animals10,ann_3,True,True,,0.14100000000000001,0.3112081668725543,0.04838709677419355,300,217,779.4596743698104,118.79149001536098,83.2454907545122,0.7,False,1.0,,a4bdda92190b2fe4,0.0,,,,0.859,0.4167274193548387,0.4167274193548387,suspected_label_error,model_disagreement;suspected_label_error,recheck_label,96.94892361111111,0.01566666666666667,0.01566666666666667,0.01566666666666667,0.01566666666666667,0.01566666666666667,0.859,0.01566666666666667,0.01566666666666667,0.01566666666666667,0.01566666666666667
698,elephant_000698.jpg,data/demo/images/elephant_000698.jpg,elephant,elephant,0.859,val,animals10,ann_2,True,True,,0.14100000000000001,0.3112081668725543,0.0,640,426,1592.3410595405946,109.72989289906103,46.0468502955662,1.0,False,1.0,,cc2103cd57e235f3,0.0,,,,0.0,0.1923,0.1923,ok,,keep,96.94892361111111,0.01566666666666667,0.01566666666666667,0.01566666666666667,0.01566666666666667,0.01566666666666667,0.859,0.01566666666666667,0.01566666666666667,0.01566666666666667,0.01566666666666667
699,elephant_000699.jpg,data/demo/images/elephant_000699.jpg,elephant,elephant,0.846,val,animals10,ann_1,True,True,,0.15400000000000003,0.33351982397088215,0.0,640,313,6364.552922231778,105.5158696086262,56.32540790116126,1.0,False,1.0,,ce34345a95df5ac0,0.0,,,,0.0,0.19619999999999999,0.19619999999999999,ok,,keep,96.94892361111111,0.017111111111111115,0.017111111111111115,0.017111111111111115,0.017111111111111115,0.017111111111111115,0.846,0.017111111111111115,0.017111111111111115,0.017111111111111115,0.017111111111111115
700,elephant_000700.jpeg,data/demo/images/elephant_000700.jpeg,elephant,elephant,0.82,val,animals10,ann_4,True,True,,0.18000000000000005,0.376487237482891,0.0,300,169,1428.0414727713394,101.79341222879684,89.08226437638277,0.7,False,1.0,,93b94edda96d3024,0.0,,,,0.0,0.20400000000000001,0.20400000000000001,ok,,keep,96.94892361111111,0.020000000000000004,0.020000000000000004,0.020000000000000004,0.020000000000000004,0.020000000000000004,0.82,0.020000000000000004,0.020000000000000004,0.020000000000000004,0.020000000000000004
701,elephant_000701.jpg,data/demo/images/elephant_000701.jpg,elephant,elephant,0.941,val,animals10,ann_4,True,True,,0.05900000000000005,0.15367219938204046,0.0,640,427,2867.3952204248035,129.1312463407494,40.86459071793586,1.0,False,1.0,,ad85c033eb74d871,0.0,,,,0.0,0.16770000000000002,0.16770000000000002,ok,,keep,96.94892361111111,0.006555555555555561,0.006555555555555561,0.006555555555555561,0.006555555555555561,0.006555555555555561,0.941,0.006555555555555561,0.006555555555555561,0.006555555555555561,0.006555555555555561
702,elephant_000702.jpeg,data/demo/images/elephant_000702.jpeg,elephant,elephant,0.924,val,animals10,ann_3,True,True,,0.07599999999999996,0.1892996919537253,0.0,300,225,470.6082803750891,151.4656,62.07870454012987,0.7,False,1.0,,9ef0a10b5827dcd9,0.0,,,,0.0,0.17279999999999998,0.17279999999999998,ok,,keep,96.94892361111111,0.00844444444444444,0.00844444444444444,0.00844444444444444,0.00844444444444444,0.00844444444444444,0.924,0.00844444444444444,0.00844444444444444,0.00844444444444444,0.00844444444444444
703,elephant_000703.jpeg,data/demo/images/elephant_000703.jpeg,elephant,elephant,0.954,val,animals10,ann_4,True,True,,0.04600000000000004,0.12491914136620547,0.0,300,271,3919.118373022638,109.0869864698647,46.19015923048787,1.0,False,1.0,,934bbc3272b061f3,0.0,,,,0.0,0.1638,0.1638,ok,,keep,96.94892361111111,0.005111111111111116,0.005111111111111116,0.005111111111111116,0.005111111111111116,0.005111111111111116,0.954,0.005111111111111116,0.005111111111111116,0.005111111111111116,0.005111111111111116
704,elephant_000704.jpeg,data/demo/images/elephant_000704.jpeg,elephant,elephant,0.885,val,animals10,ann_4,True,True,,0.11499999999999999,0.2647128380343369,0.0,300,183,793.4039497095232,98.86571948998179,43.227175154538706,0.7,False,1.0,,d11e0d781c7be926,0.0,,,,0.0,0.1845,0.1845,ok,,keep,96.94892361111111,0.012777777777777777,0.012777777777777777,0.012777777777777777,0.012777777777777777,0.012777777777777777,0.885,0.012777777777777777,0.012777777777777777,0.012777777777777777,0.012777777777777777
705,elephant_000705.png,data/demo/images/elephant_000705.png,elephant,cat,0.588,val,animals10,ann_3,True,True,,0.41200000000000003,0.687416388807636,0.0,640,426,6228.139443955399,71.08784844483569,79.48682709274306,1.0,False,1.0,,81bd163e7a726cc2,0.0,,,,0.5422222222222222,0.4091555555555555,0.4091555555555555,suspected_label_error,model_disagreement;suspected_label_error;high_entropy,recheck_label,96.94892361111111,0.04577777777777778,0.588,0.04577777777777778,0.04577777777777778,0.04577777777777778,0.04577777777777778,0.04577777777777778,0.04577777777777778,0.04577777777777778,0.04577777777777778
706,elephant_000706.jpeg,data/demo/images/elephant_000706.jpeg,elephant,horse,0.538,val,animals10,ann_3,True,True,,0.46199999999999997,0.7406345780025756,0.0,300,224,2302.663348090056,115.24928571428572,56.47927427038031,0.7,False,1.0,,c493b72739f0e854,0.0,,,,0.4866666666666667,0.41026666666666667,0.41026666666666667,hard_example,model_disagreement;high_entropy;low_confidence,send_to_review,96.94892361111111,0.05133333333333333,0.05133333333333333,0.05133333333333333,0.05133333333333333,0.05133333333333333,0.05133333333333333,0.538,0.05133333333333333,0.05133333333333333,0.05133333333333333
707,elephant_000707.jpeg,data/demo/images/elephant_000707.jpeg,elephant,elephant,0.852,val,animals10,ann_1,True,True,,0.14800000000000002,0.32329461843439317,0.0,300,226,1585.865314346377,166.71106194690265,81.04400491764062,0.7,False,1.0,,a6fbc49511628db6,1.0,dup_2,678,0.0,0.0,0.0,0.0,duplicate,duplicate,exclude_duplicate,96.94892361111111,0.016444444444444446,0.016444444444444446,0.016444444444444446,0.016444444444444446,0.016444444444444446,0.852,0.016444444444444446,0.016444444444444446,0.016444444444444446,0.016444444444444446
708,elephant_000708.jpeg,data/demo/images/elephant_000708.jpeg,elephant,elephant,0.94,val,animals10,ann_4,True,True,,0.06000000000000005,0.15582528881667973,0.0,300,200,3658.2239919955555,122.26158333333333,63.37045361070401,0.7,False,1.0,,e3d2d0c78cdc9c2c,0.0,,,,0.0,0.168,0.168,ok,,keep,96.94892361111111,0.006666666666666672,0.006666666666666672,0.006666666666666672,0.006666666666666672,0.006666666666666672,0.94,0.006666666666666672,0.006666666666666672,0.006666666666666672,0.006666666666666672
709,elephant_000709.jpg,data/demo/images/elephant_000709.jpg,elephant,elephant,0.946,test,animals10,ann_2,True,True,,0.05400000000000005,0.14278681310024285,0.0,640,480,5161.172019063219,128.74748697916667,71.34258773281141,1.0,False,1.0,,e782dae0b19ee0d8,0.0,,,,0.0,0.16620000000000001,0.16620000000000001,ok,,keep,96.94892361111111,0.006000000000000005,0.006000000000000005,0.006000000000000005,0.006000000000000005,0.006000000000000005,0.946,0.006000000000000005,0.006000000000000005,0.006000000000000005,0.006000000000000005
710,elephant_000710.jpeg,data/demo/images/elephant_000710.jpeg,elephant,elephant,0.868,test,animals10,ann_2,True,True,,0.132,0.29540912653067897,0.0,300,226,2553.742097683626,137.90452802359883,61.895481296018154,0.7,False,1.0,,c0f59aa4338929fd,0.0,,,,0.0,0.1896,0.1896,ok,,keep,96.94892361111111,0.014666666666666668,0.014666666666666668,0.014666666666666668,0.014666666666666668,0.014666666666666668,0.868,0.014666666666666668,0.014666666666666668,0.014666666666666668,0.014666666666666668
711,elephant_000711.jpeg,data/demo/images/elephant_000711.jpeg,elephant,elephant,0.964,test,animals10,ann_4,True,True,,0.03600000000000003,0.10167557528692026,0.0,300,196,1158.009484700819,98.64988095238095,67.58598618720741,0.7,False,1.0,,c2c3c778134e78f1,0.0,,,,0.0,0.1608,0.1608,ok,,keep,96.94892361111111,0.0040000000000000036,0.0040000000000000036,0.0040000000000000036,0.0040000000000000036,0.0040000000000000036,0.964,0.0040000000000000036,0.0040000000000000036,0.0040000000000000036,0.0040000000000000036
712,elephant_000712.jpeg,data/demo/images/elephant_000712.jpeg,elephant,elephant,0.884,test,animals10,ann_4,True,True,,0.11599999999999999,0.26655119773013786,0.0,226,300,5097.530129822878,120.04836283185841,56.862695001779535,0.7,False,1.0,,f9980e670e6e7425,0.0,,,,0.0,0.1848,0.1848,ok,,keep,96.94892361111111,0.012888888888888887,0.012888888888888887,0.012888888888888887,0.012888888888888887,0.012888888888888887,0.884,0.012888888888888887,0.012888888888888887,0.012888888888888887,0.012888888888888887
713,elephant_000713.jpg,data/demo/images/elephant_000713.jpg,elephant,elephant,0.853,test,animals10,ann_2,True,True,,0.14700000000000002,0.321578472750757,0.0,640,426,1767.5628265943735,107.67655149647888,34.85880735014116,1.0,False,1.0,,8787d82db03eaa5a,0.0,,,,0.0,0.1941,0.1941,ok,,keep,96.94892361111111,0.016333333333333335,0.016333333333333335,0.016333333333333335,0.016333333333333335,0.016333333333333335,0.853,0.016333333333333335,0.016333333333333335,0.016333333333333335,0.016333333333333335
714,elephant_000714.jpeg,data/demo/images/elephant_000714.jpeg,elephant,elephant,0.828,test,animals10,ann_2,True,True,,0.17200000000000004,0.3634896955546401,0.0,300,200,2921.758660419722,132.09431666666666,41.3899652214526,0.7,False,1.0,,b5d89a23ed2c911e,0.0,,,,0.0,0.2016,0.2016,ok,,keep,96.94892361111111,0.019111111111111117,0.019111111111111117,0.019111111111111117,0.019111111111111117,0.019111111111111117,0.828,0.019111111111111117,0.019111111111111117,0.019111111111111117,0.019111111111111117
715,elephant_000715.jpeg,data/demo/images/elephant_000715.jpeg,elephant,elephant,0.968,test,animals10,ann_3,True,True,,0.03200000000000003,0.09204361077835214,0.0,300,225,2221.003878887023,141.90594074074073,39.30450390133199,0.7,False,1.0,,c315946a6e793a66,0.0,,,,0.0,0.1596,0.1596,ok,,keep,96.94892361111111,0.0035555555555555588,0.0035555555555555588,0.0035555555555555588,0.0035555555555555588,0.0035555555555555588,0.968,0.0035555555555555588,0.0035555555555555588,0.0035555555555555588,0.0035555555555555588
716,elephant_000716.jpeg,data/demo/images/elephant_000716.jpeg,elephant,elephant,0.876,test,animals10,ann_4,True,True,,0.124,0.2811081808641757,0.0,300,200,1917.8997248530557,151.18046666666666,62.90362653919265,0.7,False,1.0,,eb789585cbca641c,0.0,,,,0.0,0.18719999999999998,0.18719999999999998,ok,,keep,96.94892361111111,0.013777777777777778,0.013777777777777778,0.013777777777777778,0.013777777777777778,0.013777777777777778,0.876,0.013777777777777778,0.013777777777777778,0.013777777777777778,0.013777777777777778
717,elephant_000717.jpg,data/demo/images/elephant_000717.jpg,elephant,elephant,0.96,test,animals10,ann_1,True,True,,0.040000000000000036,0.11110691266352452,0.0,640,426,13190.85657775241,141.93027802230046,45.21043104548806,1.0,False,1.0,,e0b3989667c99cb8,0.0,,,,0.0,0.162,0.162,ok,,keep,96.94892361111111,0.004444444444444449,0.004444444444444449,0.004444444444444449,0.004444444444444449,0.004444444444444449,0.96,0.004444444444444449,0.004444444444444449,0.004444444444444449,0.004444444444444449
718,elephant_000718.jpeg,data/demo/images/elephant_000718.jpeg,elephant,elephant,0.877,test,animals10,ann_4,True,True,,0.123,0.27930285222902873,0.0,300,200,1938.2936908933334,137.1607,58.120179589450686,0.7,False,1.0,,b896c365c7389c3c,0.0,,,,0.0,0.18689999999999998,0.18689999999999998,ok,,keep,96.94892361111111,0.013666666666666667,0.013666666666666667,0.013666666666666667,0.013666666666666667,0.013666666666666667,0.877,0.013666666666666667,0.013666666666666667,0.013666666666666667,0.013666666666666667
719,elephant_000719.jpg,data/demo/images/elephant_000719.jpg,elephant,sheep,0.466,test,animals10,ann_3,True,True,,0.534,0.8095906272668655,0.0,640,426,3190.89699895557,176.04146860328638,56.91376185057573,1.0,False,1.0,,af8c94efe1921a70,0.0,,,,0.4066666666666667,0.4118666666666667,0.4118666666666667,hard_example,model_disagreement;high_entropy;low_confidence,send_to_review,96.94892361111111,0.059333333333333335,0.059333333333333335,0.059333333333333335,0.059333333333333335,0.059333333333333335,0.059333333333333335,0.059333333333333335,0.466,0.059333333333333335,0.059333333333333335
720,elephant_000720.jpg,data/demo/images/elephant_000720.jpg,elephant,elephant,0.968,test,animals10,ann_2,True,True,,0.03200000000000003,0.09204361077835214,0.0,640,434,2205.0507056322517,136.5639400921659,44.06319105187265,1.0,False,1.0,,b681d3c8d7ec08e6,0.0,,,,0.0,0.1596,0.1596,ok,,keep,96.94892361111111,0.0035555555555555588,0.0035555555555555588,0.0035555555555555588,0.0035555555555555588,0.0035555555555555588,0.968,0.0035555555555555588,0.0035555555555555588,0.0035555555555555588,0.0035555555555555588
721,horse_000721.jpeg,data/demo/images/horse_000721.jpeg,horse,horse,0.835,train,animals10,ann_1,True,True,,0.16500000000000004,0.35195695189044157,0.016129032258064516,300,169,2308.9932603511393,95.22591715976331,49.055373523153364,0.7,False,1.0,,ada54a5f5e30b0e1,0.0,,,,0.0,0.20272580645161292,0.20272580645161292,ok,,keep,96.94892361111111,0.018333333333333337,0.018333333333333337,0.018333333333333337,0.018333333333333337,0.018333333333333337,0.018333333333333337,0.835,0.018333333333333337,0.018333333333333337,0.018333333333333337
722,horse_000722.jpeg,data/demo/images/horse_000722.jpeg,horse,chicken,0.618,train,animals10,ann_1,True,True,,0.382,0.6533415520257164,0.016129032258064516,300,185,243.38488599172146,136.204,21.218786641147098,0.7,False,1.0,,9c63f24ecd3103dc,0.0,,,,0.5755555555555556,0.41171469534050176,0.41171469534050176,suspected_label_error,model_disagreement;suspected_label_error;high_entropy,recheck_label,96.94892361111111,0.042444444444444444,0.042444444444444444,0.618,0.042444444444444444,0.042444444444444444,0.042444444444444444,0.042444444444444444,0.042444444444444444,0.042444444444444444,0.042444444444444444
723,horse_000723.jpeg,data/demo/images/horse_000723.jpeg,horse,sheep,0.544,train,animals10,ann_2,True,True,,0.45599999999999996,0.7344808102705952,0.016129032258064516,300,300,1202.69096975358,88.87336666666667,65.25711334235271,1.0,False,1.0,,a5ad0912b2f6d393,0.0,,,,0.4933333333333334,0.4133591397849462,0.4133591397849462,hard_example,model_disagreement;high_entropy;low_confidence,send_to_review,96.94892361111111,0.050666666666666665,0.050666666666666665,0.050666666666666665,0.050666666666666665,0.050666666666666665,0.050666666666666665,0.050666666666666665,0.544,0.050666666666666665,0.050666666666666665
724,horse_000724.jpeg,data/demo/images/horse_000724.jpeg,cat,horse,0.543,train,animals10,ann_2,True,True,,0.45699999999999996,0.7355108115721614,0.06451612903225806,300,199,3593.2189000042085,135.89497487437185,61.16742017880946,0.7,False,1.0,,afa390e02f3b2b2c,0.0,,,,0.4922222222222223,0.42305878136200714,0.42305878136200714,hard_example,model_disagreement;high_entropy;low_confidence,send_to_review,96.94892361111111,0.050777777777777776,0.050777777777777776,0.050777777777777776,0.050777777777777776,0.050777777777777776,0.050777777777777776,0.543,0.050777777777777776,0.050777777777777776,0.050777777777777776
725,horse_000725.jpeg,data/demo/images/horse_000725.jpeg,horse,squirrel,0.616,train,animals10,ann_4,True,True,,0.384,0.655664210431338,0.016129032258064516,300,169,10394.641002639575,126.29921104536488,66.86143742078248,0.7,False,1.0,,8e4ccc3f1a8c5575,0.0,,,,0.5733333333333334,0.41175913978494627,0.41175913978494627,suspected_label_error,model_disagreement;suspected_label_error;high_entropy,recheck_label,96.94892361111111,0.042666666666666665,0.042666666666666665,0.042666666666666665,0.042666666666666665,0.042666666666666665,0.042666666666666665,0.042666666666666665,0.042666666666666665,0.042666666666666665,0.616
726,horse_000726.jpeg,data/demo/images/horse_000726.jpeg,horse,horse,0.939,train,animals10,ann_4,True,True,,0.061000000000000054,0.1579706776593194,0.016129032258064516,300,120,7992.587225888116,125.72033333333333,73.53238370420357,0.3,False,0.75,low_resolution,fd2c8467dad8e02c,0.0,,,,0.0,0.1340258064516129,0.1340258064516129,ok,low_resolution,keep,96.94892361111111,0.006777777777777784,0.006777777777777784,0.006777777777777784,0.006777777777777784,0.006777777777777784,0.006777777777777784,0.939,0.006777777777777784,0.006777777777777784,0.006777777777777784
727,horse_000727.jpeg,data/demo/images/horse_000727.jpeg,horse,horse,0.92,train,animals10,ann_2,True,True,,0.07999999999999996,0.19740739629493498,0.016129032258064516,300,283,1184.9617834187245,82.92850412249706,61.94502407218022,1.0,False,1.0,,a9030d37b77e0a96,0.0,,,,0.0,0.1772258064516129,0.1772258064516129,ok,,keep,96.94892361111111,0.008888888888888884,0.008888888888888884,0.008888888888888884,0.008888888888888884,0.008888888888888884,0.008888888888888884,0.92,0.008888888888888884,0.008888888888888884,0.008888888888888884
728,horse_000728.jpeg,data/demo/images/horse_000728.jpeg,cow,horse,0.874,train,animals10,ann_1,True,True,,0.126,0.2847068710391291,0.056451612903225805,300,206,938.7914644798441,108.64734627831716,60.56018727350316,0.7,False,1.0,,8b0aa627cd91d1d7,0.0,,,,0.874,0.4175903225806451,0.4175903225806451,suspected_label_error,model_disagreement;suspected_label_error,recheck_label,96.94892361111111,0.014,0.014,0.014,0.014,0.014,0.014,0.874,0.014,0.014,0.014
729,horse_000729.jpeg,data/demo/images/horse_000729.jpeg,horse,horse,0.96,train,animals10,ann_3,True,True,,0.040000000000000036,0.11110691266352452,0.016129032258064516,300,294,2166.2107424004143,142.4645351473923,43.05948386136897,1.0,False,1.0,,e629b736688d847a,0.0,,,,0.0,0.16522580645161292,0.16522580645161292,ok,,keep,96.94892361111111,0.004444444444444449,0.004444444444444449,0.004444444444444449,0.004444444444444449,0.004444444444444449,0.004444444444444449,0.96,0.004444444444444449,0.004444444444444449,0.004444444444444449
730,horse_000730.jpeg,data/demo/images/horse_000730.jpeg,horse,dog,0.491,train,animals10,ann_1,True,True,,0.509,0.7866690691198837,0.016129032258064516,300,166,6775.541347196014,93.24383534136547,57.69845725865738,0.7,False,1.0,,905b8772cd1be01f,0.0,,,,0.4344444444444444,0.41453691756272404,0.41453691756272404,hard_example,model_disagreement;high_entropy;low_confidence,send_to_review,96.94892361111111,0.05655555555555555,0.05655555555555555,0.05655555555555555,0.05655555555555555,0.491,0.05655555555555555,0.05655555555555555,0.05655555555555555,0.05655555555555555,0.05655555555555555
731,horse_000731.jpeg,data/demo/images/horse_000731.jpeg,horse,horse,0.929,train,animals10,ann_2,True,True,,0.07099999999999995,0.1790252727680998,0.016129032258064516,221,300,3015.6808452970977,131.05984917043742,53.93138964571117,0.7,False,1.0,,c78587b8d8c17176,0.0,,,,0.0,0.1745258064516129,0.1745258064516129,ok,,keep,96.94892361111111,0.007888888888888883,0.007888888888888883,0.007888888888888883,0.007888888888888883,0.007888888888888883,0.007888888888888883,0.929,0.007888888888888883,0.007888888888888883,0.007888888888888883
732,horse_000732.jpeg,data/demo/images/horse_000732.jpeg,horse,horse,0.912,train,animals10,ann_3,True,True,,0.08799999999999997,0.2133435687829855,0.016129032258064516,300,259,4087.137202187737,134.66059202059202,68.89430428260289,1.0,False,1.0,,eac2879cb0b9e929,0.0,,,,0.0,0.17962580645161288,0.17962580645161288,ok,,keep,96.94892361111111,0.009777777777777774,0.009777777777777774,0.009777777777777774,0.009777777777777774,0.009777777777777774,0.009777777777777774,0.912,0.009777777777777774,0.009777777777777774,0.009777777777777774
733,horse_000733.jpeg,data/demo/images/horse_000733.jpeg,horse,horse,0.866,train,animals10,ann_2,True,True,,0.134,0.2989459544540185,0.016129032258064516,252,300,586.1016029840641,130.1367328042328,54.57513964830791,0.7,False,1.0,,81ab5865e7569b89,0.0,,,,0.0,0.1934258064516129,0.1934258064516129,ok,,keep,96.94892361111111,0.014888888888888889,0.014888888888888889,0.014888888888888889,0.014888888888888889,0.014888888888888889,0.014888888888888889,0.866,0.014888888888888889,0.014888888888888889,0.014888888888888889
734,horse_000734.jpeg,data/demo/images/horse_000734.jpeg,cow,horse,0.879,train,animals10,ann_3,True,True,,0.121,0.27568008830107765,0.056451612903225805,300,226,6228.053952722087,85.76893805309734,60.26168379393766,0.7,False,1.0,,d566d8f038b84675,0.0,,,,0.879,0.41734032258064513,0.41734032258064513,suspected_label_error,model_disagreement;suspected_label_error,recheck_label,96.94892361111111,0.013444444444444445,0.013444444444444445,0.013444444444444445,0.013444444444444445,0.013444444444444445,0.013444444444444445,0.879,0.013444444444444445,0.013444444444444445,0.013444444444444445
735,horse_000735.jpeg,data/demo/images/horse_000735.jpeg,horse,horse,0.831,train,animals10,ann_1,True,True,,0.16900000000000004,0.3585656759079942,0.016129032258064516,228,300,6390.244579853416,122.27558479532163,56.87826788074822,0.7,False,1.0,,e44f19e466b91a1b,0.0,,,,0.0,0.2039258064516129,0.2039258064516129,ok,,keep,96.94892361111111,0.018777777777777782,0.018777777777777782,0.018777777777777782,0.018777777777777782,0.018777777777777782,0.018777777777777782,0.831,0.018777777777777782,0.018777777777777782,0.018777777777777782
736,horse_000736.jpeg,data/demo/images/horse_000736.jpeg,horse,horse,0.927,train,animals10,ann_3,True,True,,0.07299999999999995,0.18315421650538397,0.016129032258064516,300,225,3690.2477858291363,94.0413037037037,65.61354838020192,0.7,False,1.0,,ca40373f2cccd6d2,0.0,,,,0.0,0.17512580645161288,0.17512580645161288,ok,,keep,96.94892361111111,0.008111111111111105,0.008111111111111105,0.008111111111111105,0.008111111111111105,0.008111111111111105,0.008111111111111105,0.927,0.008111111111111105,0.008111111111111105,0.008111111111111105
737,horse_000737.jpeg,data/demo/images/horse_000737.jpeg,horse,horse,0.899,train,animals10,ann_1,True,True,,0.10099999999999998,0.23851206749020762,0.016129032258064516,300,225,493.57346915796984,95.70896296296296,71.77235819691852,0.7,False,1.0,,a9a483c8517df6d4,0.0,,,,0.0,0.1835258064516129,0.1835258064516129,ok,,keep,96.94892361111111,0.01122222222222222,0.01122222222222222,0.01122222222222222,0.01122222222222222,0.01122222222222222,0.01122222222222222,0.899,0.01122222222222222,0.01122222222222222,0.01122222222222222
738,horse_000738.jpeg,data/demo/images/horse_000738.jpeg,horse,horse,0.893,train,animals10,ann_2,True,True,,0.10699999999999998,0.24984952716727368,0.016129032258064516,300,225,727.0542667875994,108.56697777777778,61.838767678951676,0.7,False,1.0,,c55e3260edcd2c74,0.0,,,,0.0,0.1853258064516129,0.1853258064516129,ok,,keep,96.94892361111111,0.011888888888888886,0.011888888888888886,0.011888888888888886,0.011888888888888886,0.011888888888888886,0.011888888888888886,0.893,0.011888888888888886,0.011888888888888886,0.011888888888888886
739,horse_000739.jpeg,data/demo/images/horse_000739.jpeg,horse,horse,0.877,train,animals10,ann_3,True,True,,0.123,0.27930285222902873,0.016129032258064516,300,225,694.2577331358025,144.90054814814815,63.649463106719196,0.7,False,1.0,,aed9d096b3294d52,0.0,,,,0.0,0.1901258064516129,0.1901258064516129,ok,,keep,96.94892361111111,0.013666666666666667,0.013666666666666667,0.013666666666666667,0.013666666666666667,0.013666666666666667,0.013666666666666667,0.877,0.013666666666666667,0.013666666666666667,0.013666666666666667
740,horse_000740.jpeg,data/demo/images/horse_000740.jpeg,horse,horse,0.942,train,animals10,ann_2,True,True,,0.05800000000000005,0.15151128714699563,0.016129032258064516,300,180,2096.4416870284635,133.96411111111112,37.16384803645262,0.7,False,1.0,,bfc4843b42beb509,0.0,,,,0.0,0.1706258064516129,0.1706258064516129,ok,,keep,96.94892361111111,0.0064444444444444506,0.0064444444444444506,0.0064444444444444506,0.0064444444444444506,0.0064444444444444506,0.0064444444444444506,0.942,0.0064444444444444506,0.0064444444444444506,0.0064444444444444506
741,horse_000741.jpeg,data/demo/images/horse_000741.jpeg,horse,cat,0.654,train,animals10,ann_2,True,True,,0.346,0.61025972633669,0.016129032258064516,300,221,3276.943156688483,124.91315233785822,54.91867921082827,0.7,False,1.0,,db14c34b2f2e2c6c,0.0,,,,0.6155555555555556,0.41091469534050185,0.41091469534050185,suspected_label_error,model_disagreement;suspected_label_error,recheck_label,96.94892361111111,0.03844444444444444,0.654,0.03844444444444444,0.03844444444444444,0.03844444444444444,0.03844444444444444,0.03844444444444444,0.03844444444444444,0.03844444444444444,0.03844444444444444
742,horse_000742.jpeg,data/demo/images/horse_000742.jpeg,spider,horse,0.888,train,animals10,ann_3,True,True,,0.11199999999999999,0.2591720245638016,0.03225806451612903,300,240,1798.7550987343748,162.6216388888889,45.97225109397381,0.7,False,1.0,,ecf0d3c3a81d9c0e,0.0,,,,0.888,0.4120516129032258,0.4120516129032258,suspected_label_error,model_disagreement;suspected_label_error,recheck_label,96.94892361111111,0.012444444444444444,0.012444444444444444,0.012444444444444444,0.012444444444444444,0.012444444444444444,0.012444444444444444,0.888,0.012444444444444444,0.012444444444444444,0.012444444444444444
743,horse_000743.jpeg,data/demo/images/horse_000743.jpeg,horse,horse,0.909,train,animals10,ann_3,True,True,,0.09099999999999997,0.2192287274660459,0.016129032258064516,300,169,3098.3364935074637,94.36571992110454,49.03962227308487,0.7,False,1.0,,bd962666747d124a,0.0,,,,0.0,0.1805258064516129,0.1805258064516129,ok,,keep,96.94892361111111,0.010111111111111107,0.010111111111111107,0.010111111111111107,0.010111111111111107,0.010111111111111107,0.010111111111111107,0.909,0.010111111111111107,0.010111111111111107,0.010111111111111107
744,horse_000744.jpeg,data/demo/images/horse_000744.jpeg,horse,horse,0.83,train,animals10,ann_1,True,True,,0.17000000000000004,0.36021008895529266,0.016129032258064516,276,300,7368.8584071622145,101.64642512077295,67.49461427269047,1.0,False,1.0,,9d978ae2b63bea00,0.0,,,,0.0,0.20422580645161292,0.20422580645161292,ok,,keep,96.94892361111111,0.018888888888888893,0.018888888888888893,0.018888888888888893,0.018888888888888893,0.018888888888888893,0.018888888888888893,0.83,0.018888888888888893,0.018888888888888893,0.018888888888888893
745,horse_000745.jpeg,data/demo/images/horse_000745.jpeg,horse,horse,0.824,train,animals10,ann_2,True,True,,0.17600000000000005,0.3700124253446628,0.016129032258064516,300,245,2373.1953750046737,135.80536054421768,60.109721840147785,0.7,False,1.0,,fd3b8dc162c49325,0.0,,,,0.0,0.20602580645161292,0.20602580645161292,ok,,keep,96.94892361111111,0.019555555555555562,0.019555555555555562,0.019555555555555562,0.019555555555555562,0.019555555555555562,0.019555555555555562,0.824,0.019555555555555562,0.019555555555555562,0.019555555555555562
746,horse_000746.jpeg,data/demo/images/horse_000746.jpeg,horse,horse,0.905,train,animals10,ann_1,True,True,,0.09499999999999997,0.2270023273706416,0.016129032258064516,300,282,5304.486038218511,129.8356146572104,58.79789731982025,1.0,False,1.0,,c28f782507dcda72,0.0,,,,0.0,0.1817258064516129,0.1817258064516129,ok,,keep,96.94892361111111,0.010555555555555552,0.010555555555555552,0.010555555555555552,0.010555555555555552,0.010555555555555552,0.010555555555555552,0.905,0.010555555555555552,0.010555555555555552,0.010555555555555552
747,horse_000747.jpeg,data/demo/images/horse_000747.jpeg,horse,horse,0.958,train,animals10,ann_1,True,True,,0.04200000000000004,0.11575355315954997,0.016129032258064516,300,200,4192.8085356975,154.68288333333334,69.60683027083661,0.7,False,1.0,,a1ba97c349cccc69,0.0,,,,0.0,0.1658258064516129,0.1658258064516129,ok,,keep,96.94892361111111,0.0046666666666666705,0.0046666666666666705,0.0046666666666666705,0.0046666666666666705,0.0046666666666666705,0.0046666666666666705,0.958,0.0046666666666666705,0.0046666666666666705,0.0046666666666666705
748,horse_000748.jpeg,data/demo/images/horse_000748.jpeg,horse,horse,0.866,train,animals10,ann_2,True,True,,0.134,0.2989459544540185,0.016129032258064516,300,266,3960.6238882907455,133.3749498746867,50.270581157220626,1.0,False,1.0,,8352d87cf5f21cd0,0.0,,,,0.0,0.1934258064516129,0.1934258064516129,ok,,keep,96.94892361111111,0.014888888888888889,0.014888888888888889,0.014888888888888889,0.014888888888888889,0.014888888888888889,0.014888888888888889,0.866,0.014888888888888889,0.014888888888888889,0.014888888888888889
749,horse_000749.jpeg,data/demo/images/horse_000749.jpeg,butterfly,horse,0.965,train,animals10,ann_4,True,True,,0.03500000000000003,0.09928724455841265,0.024193548387096774,300,223,1703.718288962622,125.98684603886397,68.86417910130184,0.7,False,1.0,,b32dd8723a24a5cd,0.0,,,,0.965,0.40658870967741934,0.40658870967741934,suspected_label_error,model_disagreement;suspected_label_error,recheck_label,96.94892361111111,0.0038888888888888922,0.0038888888888888922,0.0038888888888888922,0.0038888888888888922,0.0038888888888888922,0.0038888888888888922,0.965,0.0038888888888888922,0.0038888888888888922,0.0038888888888888922
750,horse_000750.jpeg,data/demo/images/horse_000750.jpeg,horse,horse,0.943,train,animals10,ann_4,True,True,,0.05700000000000005,0.14934242567046443,0.016129032258064516,300,200,6290.108723182223,105.61021666666667,48.22478531785347,0.7,False,1.0,,c0c03fbf47438771,0.0,,,,0.0,0.1703258064516129,0.1703258064516129,ok,,keep,96.94892361111111,0.006333333333333339,0.006333333333333339,0.006333333333333339,0.006333333333333339,0.006333333333333339,0.006333333333333339,0.943,0.006333333333333339,0.006333333333333339,0.006333333333333339
751,horse_000751.jpeg,data/demo/images/horse_000751.jpeg,horse,horse,0.869,train,animals10,ann_1,True,True,,0.131,0.2936350389288106,0.016129032258064516,300,200,8499.230030382221,116.21878333333333,72.0020905982578,0.7,False,1.0,,a71ed830bfe76050,0.0,,,,0.0,0.1925258064516129,0.1925258064516129,ok,,keep,96.94892361111111,0.014555555555555556,0.014555555555555556,0.014555555555555556,0.014555555555555556,0.014555555555555556,0.014555555555555556,0.869,0.014555555555555556,0.014555555555555556,0.014555555555555556
752,horse_000752.jpeg,data/demo/images/horse_000752.jpeg,horse,horse,0.945,train,animals10,ann_3,True,True,,0.05500000000000005,0.14498032671278155,0.016129032258064516,300,200,1530.0106457733334,122.24835,58.09643080497717,0.7,False,1.0,,f3b884e387c9d0b4,0.0,,,,0.0,0.16972580645161292,0.16972580645161292,ok,,keep,96.94892361111111,0.006111111111111117,0.006111111111111117,0.006111111111111117,0.006111111111111117,0.006111111111111117,0.006111111111111117,0.945,0.006111111111111117,0.006111111111111117,0.006111111111111117
753,horse_000753.jpeg,data/demo/images/horse_000753.jpeg,horse,horse,0.848,train,animals10,ann_2,True,True,,0.15200000000000002,0.3301249490105339,0.016129032258064516,300,225,3985.1415336296304,129.6191259259259,66.8538980949896,0.7,False,1.0,,edbcb1209e15d06e,0.0,,,,0.0,0.1988258064516129,0.1988258064516129,ok,,keep,96.94892361111111,0.01688888888888889,0.01688888888888889,0.01688888888888889,0.01688888888888889,0.01688888888888889,0.01688888888888889,0.848,0.01688888888888889,0.01688888888888889,0.01688888888888889
754,horse_000754.jpeg,data/demo/images/horse_000754.jpeg,horse,horse,0.842,train,animals10,ann_3,True,True,,0.15800000000000003,0.34026971136696504,0.016129032258064516,300,225,1945.6442066172842,129.8888,43.19107715340185,0.7,False,1.0,,9802a6f3332de5f2,0.0,,,,0.0,0.2006258064516129,0.2006258064516129,ok,,keep,96.94892361111111,0.01755555555555556,0.01755555555555556,0.01755555555555556,0.01755555555555556,0.01755555555555556,0.01755555555555556,0.842,0.01755555555555556,0.01755555555555556,0.01755555555555556
755,horse_000755.jpeg,data/demo/images/horse_000755.jpeg,horse,butterfly,0.578,train,animals10,ann_1,True,True,,0.42200000000000004,0.6984141897275581,0.016129032258064516,194,300,984.5988457974634,118.17936426116839,74.79839761322758,0.7,False,1.0,,eb64961ae28f8ce2,0.0,,,,0.5311111111111111,0.4126035842293907,0.4126035842293907,suspected_label_error,model_disagreement;suspected_label_error;high_entropy,recheck_label,96.94892361111111,0.578,0.0468888888888889,0.0468888888888889,0.0468888888888889,0.0468888888888889,0.0468888888888889,0.0468888888888889,0.0468888888888889,0.0468888888888889,0.0468888888888889
756,horse_000756.jpeg,data/demo/images/horse_000756.jpeg,horse,horse,0.826,train,animals10,ann_1,True,True,,0.17400000000000004,0.3667571040116898,0.016129032258064516,300,239,2029.2948886679158,141.48557880055787,84.8757127340483,0.7,False,1.0,,eca9cb56353a484d,0.0,,,,0.0,0.2054258064516129,0.2054258064516129,ok,,keep,96.94892361111111,0.019333333333333338,0.019333333333333338,0.019333333333333338,0.019333333333333338,0.019333333333333338,0.019333333333333338,0.826,0.019333333333333338,0.019333333333333338,0.019333333333333338
757,horse_000757.jpeg,data/demo/images/horse_000757.jpeg,horse,horse,0.886,train,animals10,ann_2,True,True,,0.11399999999999999,0.2628702110888535,0.016129032258064516,300,247,968.982412441698,122.47101214574899,56.09559542754647,0.7,False,1.0,,e419db6da164c66a,0.0,,,,0.0,0.1874258064516129,0.1874258064516129,ok,,keep,96.94892361111111,0.012666666666666666,0.012666666666666666,0.012666666666666666,0.012666666666666666,0.012666666666666666,0.012666666666666666,0.886,0.012666666666666666,0.012666666666666666,0.012666666666666666
758,horse_000758.jpeg,data/demo/images/horse_000758.jpeg,horse,horse,0.942,train,animals10,ann_1,True,True,,0.05800000000000005,0.15151128714699563,0.016129032258064516,225,300,4551.697507594842,128.38324444444444,53.917185173459636,0.7,False,1.0,,d569c9dc03585d95,0.0,,,,0.0,0.1706258064516129,0.1706258064516129,ok,,keep,96.94892361111111,0.0064444444444444506,0.0064444444444444506,0.0064444444444444506,0.0064444444444444506,0.0064444444444444506,0.0064444444444444506,0.942,0.0064444444444444506,0.0064444444444444506,0.0064444444444444506
759,horse_000759.jpeg,data/demo/images/horse_000759.jpeg,horse,horse,0.827,train,animals10,ann_1,True,True,,0.17300000000000004,0.36512491754882076,0.016129032258064516,300,240,3373.3649423593756,156.61509722222223,81.92207986432048,0.7,False,1.0,,d8d68639b521a5cd,0.0,,,,0.0,0.2051258064516129,0.2051258064516129,ok,,keep,96.94892361111111,0.019222222222222227,0.019222222222222227,0.019222222222222227,0.019222222222222227,0.019222222222222227,0.019222222222222227,0.827,0.019222222222222227,0.019222222222222227,0.019222222222222227
760,horse_000760.jpeg,data/demo/images/horse_000760.jpeg,horse,horse,0.927,train,animals10,ann_4,True,True,,0.07299999999999995,0.18315421650538397,0.016129032258064516,192,300,1041.105773586697,98.74310763888889,52.20244675575106,0.7,False,1.0,,f813d7a6a28ca4bc,0.0,,,,0.0,0.17512580645161288,0.17512580645161288,ok,,keep,96.94892361111111,0.008111111111111105,0.008111111111111105,0.008111111111111105,0.008111111111111105,0.008111111111111105,0.008111111111111105,0.927,0.008111111111111105,0.008111111111111105,0.008111111111111105
761,horse_000761.jpeg,data/demo/images/horse_000761.jpeg,horse,horse,0.959,train,animals10,ann_1,True,True,,0.041000000000000036,0.11343575614189247,0.016129032258064516,300,218,1264.151445710705,101.31626911314984,76.5538704500413,0.7,False,1.0,,87d26829b9b93c1e,0.0,,,,0.0,0.1655258064516129,0.1655258064516129,ok,,keep,96.94892361111111,0.004555555555555559,0.004555555555555559,0.004555555555555559,0.004555555555555559,0.004555555555555559,0.004555555555555559,0.959,0.004555555555555559,0.004555555555555559,0.004555555555555559
762,horse_000762.jpeg,data/demo/images/horse_000762.jpeg,horse,horse,0.894,train,animals10,ann_2,True,True,,0.10599999999999998,0.24797153813600767,0.016129032258064516,300,226,982.1722366982535,130.95337758112095,65.40597448946411,0.7,False,1.0,,bcbc96466361e11b,0.0,,,,0.0,0.1850258064516129,0.1850258064516129,ok,,keep,96.94892361111111,0.011777777777777776,0.011777777777777776,0.011777777777777776,0.011777777777777776,0.011777777777777776,0.011777777777777776,0.894,0.011777777777777776,0.011777777777777776,0.011777777777777776
763,horse_000763.jpeg,data/demo/images/horse_000763.jpeg,horse,horse,0.836,train,animals10,ann_1,True,True,,0.16400000000000003,0.35029692818626446,0.016129032258064516,300,234,3274.2338322537967,174.69770655270656,78.0799046516427,0.7,False,1.0,,eb9dc0b03d999686,0.0,,,,0.0,0.2024258064516129,0.2024258064516129,ok,,keep,96.94892361111111,0.018222222222222226,0.018222222222222226,0.018222222222222226,0.018222222222222226,0.018222222222222226,0.018222222222222226,0.836,0.018222222222222226,0.018222222222222226,0.018222222222222226
764,horse_000764.jpeg,data/demo/images/horse_000764.jpeg,horse,horse,0.833,train,animals10,ann_1,True,True,,0.16700000000000004,0.3552675578799221,0.016129032258064516,297,300,165.3742923902953,64.51900112233446,40.22810170085762,1.0,False,1.0,,b31d6cc592a6d692,0.0,,,,0.0,0.2033258064516129,0.2033258064516129,ok,,keep,96.94892361111111,0.01855555555555556,0.01855555555555556,0.01855555555555556,0.01855555555555556,0.01855555555555556,0.01855555555555556,0.833,0.01855555555555556,0.01855555555555556,0.01855555555555556
765,horse_000765.jpeg,data/demo/images/horse_000765.jpeg,horse,horse,0.975,train,animals10,ann_3,True,True,,0.025000000000000022,0.07462805787016473,0.016129032258064516,300,201,2599.0321345995285,101.55069651741293,50.74388721704605,0.7,False,1.0,,ae49e11e13b6cf60,0.0,,,,0.0,0.1607258064516129,0.1607258064516129,ok,,keep,96.94892361111111,0.00277777777777778,0.00277777777777778,0.00277777777777778,0.00277777777777778,0.00277777777777778,0.00277777777777778,0.975,0.00277777777777778,0.00277777777777778,0.00277777777777778
766,horse_000766.jpeg,data/demo/images/horse_000766.jpeg,horse,horse,0.884,train,animals10,ann_1,True,True,,0.11599999999999999,0.26655119773013786,0.016129032258064516,239,300,3211.504823806578,120.0244630404463,78.82912023192148,0.7,False,1.0,,fd6895264c93cc53,0.0,,,,0.0,0.1880258064516129,0.1880258064516129,ok,,keep,96.94892361111111,0.012888888888888887,0.012888888888888887,0.012888888888888887,0.012888888888888887,0.012888888888888887,0.012888888888888887,0.884,0.012888888888888887,0.012888888888888887,0.012888888888888887
767,horse_000767.jpeg,data/demo/images/horse_000767.jpeg,horse,squirrel,0.55,train,animals10,ann_3,True,True,,0.44999999999999996,0.7282640144840125,0.016129032258064516,300,121,1731.8294049465353,80.88421487603306,66.36770065494058,0.3,False,0.75,low_resolution,d919a6e6323bf049,0.0,,,,0.5,0.3757258064516129,0.3757258064516129,suspected_label_error,low_resolution;model_disagreement;suspected_label_error;high_entropy,recheck_label,96.94892361111111,0.049999999999999996,0.049999999999999996,0.049999999999999996,0.049999999999999996,0.049999999999999996,0.049999999999999996,0.049999999999999996,0.049999999999999996,0.049999999999999996,0.55
768,horse_000768.jpeg,data/demo/images/horse_000768.jpeg,horse,horse,0.877,train,animals10,ann_4,True,True,,0.123,0.27930285222902873,0.016129032258064516,300,240,932.1150564951774,85.50641666666667,56.86422633434985,0.7,False,1.0,,9725eb4898b4b69a,0.0,,,,0.0,0.1901258064516129,0.1901258064516129,ok,,keep,96.94892361111111,0.013666666666666667,0.013666666666666667,0.013666666666666667,0.013666666666666667,0.013666666666666667,0.013666666666666667,0.877,0.013666666666666667,0.013666666666666667,0.013666666666666667
769,horse_000769.jpeg,data/demo/images/horse_000769.jpeg,horse,horse,0.899,train,animals10,ann_2,True,True,,0.10099999999999998,0.23851206749020762,0.016129032258064516,200,300,1977.217506486389,107.44996666666667,49.80739633828382,0.7,False,1.0,,cc99b3cc465931e5,0.0,,,,0.0,0.1835258064516129,0.1835258064516129,ok,,keep,96.94892361111111,0.01122222222222222,0.01122222222222222,0.01122222222222222,0.01122222222222222,0.01122222222222222,0.01122222222222222,0.899,0.01122222222222222,0.01122222222222222,0.01122222222222222
770,horse_000770.jpeg,data/demo/images/horse_000770.jpeg,horse,cow,0.68,train,animals10,ann_2,True,True,,0.31999999999999995,0.5776035449750284,0.016129032258064516,300,237,758.1020086008297,154.07039381153305,42.33078843458146,0.7,False,1.0,,cacabf344411b5b5,0.0,,,,0.6444444444444445,0.41033691756272406,0.41033691756272406,suspected_label_error,model_disagreement;suspected_label_error,recheck_label,96.94892361111111,0.03555555555555555,0.03555555555555555,0.03555555555555555,0.68,0.03555555555555555,0.03555555555555555,0.03555555555555555,0.03555555555555555,0.03555555555555555,0.03555555555555555
771,horse_000771.jpeg,data/demo/images/horse_000771.jpeg,horse,horse,0.95,train,animals10,ann_4,True,True,,0.050000000000000044,0.1339261958878155,0.016129032258064516,300,200,994.6089373333332,108.68038333333334,78.73428707909315,0.7,False,1.0,,a0a095cecc6a7b37,0.0,,,,0.0,0.16822580645161292,0.16822580645161292,ok,,keep,96.94892361111111,0.00555555555555556,0.00555555555555556,0.00555555555555556,0.00555555555555556,0.00555555555555556,0.00555555555555556,0.95,0.00555555555555556,0.00555555555555556,0.00555555555555556
772,horse_000772.jpeg,data/demo/images/horse_000772.jpeg,horse,horse,0.962,train,animals10,ann_4,True,True,,0.038000000000000034,0.10641501504393522,0.016129032258064516,265,190,1805.0456987261955,96.06881827209533,38.62763301918832,0.7,False,1.0,,f40f8b3234ccdcb2,0.0,,,,0.0,0.1646258064516129,0.1646258064516129,ok,,keep,96.94892361111111,0.004222222222222226,0.004222222222222226,0.004222222222222226,0.004222222222222226,0.004222222222222226,0.004222222222222226,0.962,0.004222222222222226,0.004222222222222226,0.004222222222222226
773,horse_000773.jpeg,data/demo/images/horse_000773.jpeg,horse,squirrel,0.465,train,animals10,ann_2,True,True,,0.5349999999999999,0.810484841731908,0.016129032258064516,300,235,2660.1868236656105,92.48398581560284,49.4063491081701,0.7,False,1.0,,fdb2de9600ec9154,0.0,,,,0.40555555555555556,0.4151146953405017,0.4151146953405017,hard_example,model_disagreement;high_entropy;low_confidence,send_to_review,96.94892361111111,0.05944444444444444,0.05944444444444444,0.05944444444444444,0.05944444444444444,0.05944444444444444,0.05944444444444444,0.05944444444444444,0.05944444444444444,0.05944444444444444,0.465
774,horse_000774.jpeg,data/demo/images/horse_000774.jpeg,horse,horse,0.896,train,animals10,ann_1,True,True,,0.10399999999999998,0.24420177269440774,0.016129032258064516,300,157,3800.6434120270824,125.80675159235669,55.42327054877384,0.7,False,1.0,,c29f7f70619b1314,0.0,,,,0.0,0.18442580645161288,0.18442580645161288,ok,,keep,96.94892361111111,0.011555555555555553,0.011555555555555553,0.011555555555555553,0.011555555555555553,0.011555555555555553,0.011555555555555553,0.896,0.011555555555555553,0.011555555555555553,0.011555555555555553
775,horse_000775.jpeg,data/demo/images/horse_000775.jpeg,dog,horse,0.888,train,animals10,ann_3,True,True,,0.11199999999999999,0.2591720245638016,0.008064516129032258,300,200,2436.307974932222,142.5557,52.55446252073494,0.7,False,1.0,,f138d6f3e5889066,0.0,,,,0.888,0.4072129032258064,0.4072129032258064,suspected_label_error,model_disagreement;suspected_label_error,recheck_label,96.94892361111111,0.012444444444444444,0.012444444444444444,0.012444444444444444,0.012444444444444444,0.012444444444444444,0.012444444444444444,0.888,0.012444444444444444,0.012444444444444444,0.012444444444444444
776,horse_000776.jpeg,data/demo/images/horse_000776.jpeg,horse,horse,0.824,train,animals10,ann_1,True,True,,0.17600000000000005,0.3700124253446628,0.016129032258064516,300,200,2126.6835891597225,161.39281666666668,60.76072233276792,0.7,False,1.0,,b5971e6c64723865,0.0,,,,0.0,0.20602580645161292,0.20602580645161292,ok,,keep,96.94892361111111,0.019555555555555562,0.019555555555555562,0.019555555555555562,0.019555555555555562,0.019555555555555562,0.019555555555555562,0.824,0.019555555555555562,0.019555555555555562,0.019555555555555562
777,horse_000777.jpeg,data/demo/images/horse_000777.jpeg,horse,squirrel,0.562,train,animals10,ann_4,True,True,,0.43799999999999994,0.7156407450408716,0.016129032258064516,300,265,2457.858867268858,77.17233962264152,67.52833887063116,1.0,False,1.0,,d4d062383d1db61f,0.0,,,,0.5133333333333334,0.41295913978494625,0.41295913978494625,suspected_label_error,model_disagreement;suspected_label_error;high_entropy,recheck_label,96.94892361111111,0.048666666666666664,0.048666666666666664,0.048666666666666664,0.048666666666666664,0.048666666666666664,0.048666666666666664,0.048666666666666664,0.048666666666666664,0.048666666666666664,0.562
778,horse_000778.jpeg,data/demo/images/horse_000778.jpeg,horse,horse,0.823,train,animals10,ann_3,True,True,,0.17700000000000005,0.37163558730207796,0.016129032258064516,300,240,1762.046207013696,168.33970833333333,54.54257359493935,0.7,False,1.0,,bcc9c1b6b4497b41,0.0,,,,0.0,0.20632580645161291,0.20632580645161291,ok,,keep,96.94892361111111,0.019666666666666673,0.019666666666666673,0.019666666666666673,0.019666666666666673,0.019666666666666673,0.019666666666666673,0.823,0.019666666666666673,0.019666666666666673,0.019666666666666673
779,horse_000779.jpeg,data/demo/images/horse_000779.jpeg,horse,horse,0.971,train,animals10,ann_1,True,True,,0.029000000000000026,0.08467361425105384,0.016129032258064516,300,225,960.1439888452126,112.71226666666666,66.08283888207342,0.7,False,1.0,,cdca9137ae95452c,0.0,,,,0.0,0.16192580645161292,0.16192580645161292,ok,,keep,96.94892361111111,0.0032222222222222253,0.0032222222222222253,0.0032222222222222253,0.0032222222222222253,0.0032222222222222253,0.0032222222222222253,0.971,0.0032222222222222253,0.0032222222222222253,0.0032222222222222253
780,horse_000780.jpeg,data/demo/images/horse_000780.jpeg,horse,horse,0.932,train,animals10,ann_3,True,True,,0.06799999999999995,0.17278224992099467,0.016129032258064516,300,200,5078.955289812222,82.54926666666667,76.32176648546745,0.7,False,1.0,,ab1b947b742c15c9,0.0,,,,0.0,0.17362580645161288,0.17362580645161288,ok,,keep,96.94892361111111,0.00755555555555555,0.00755555555555555,0.00755555555555555,0.00755555555555555,0.00755555555555555,0.00755555555555555,0.932,0.00755555555555555,0.00755555555555555,0.00755555555555555
781,horse_000781.jpeg,data/demo/images/horse_000781.jpeg,horse,horse,0.927,train,animals10,ann_1,True,True,,0.07299999999999995,0.18315421650538397,0.016129032258064516,300,157,2200.607032029246,101.08704883227176,51.76921043067443,0.7,False,1.0,,ca5eec25dc49d216,0.0,,,,0.0,0.17512580645161288,0.17512580645161288,ok,,keep,96.94892361111111,0.008111111111111105,0.008111111111111105,0.008111111111111105,0.008111111111111105,0.008111111111111105,0.008111111111111105,0.927,0.008111111111111105,0.008111111111111105,0.008111111111111105
782,horse_000782.jpeg,data/demo/images/horse_000782.jpeg,horse,horse,0.861,train,animals10,ann_1,True,True,,0.139,0.30772293383220556,0.016129032258064516,300,225,2957.546823877311,133.89718518518518,60.90877677620126,0.7,False,1.0,,e8cad2bc89d6b832,0.0,,,,0.0,0.1949258064516129,0.1949258064516129,ok,,keep,96.94892361111111,0.015444444444444446,0.015444444444444446,0.015444444444444446,0.015444444444444446,0.015444444444444446,0.015444444444444446,0.861,0.015444444444444446,0.015444444444444446,0.015444444444444446
783,horse_000783.jpeg,data/demo/images/horse_000783.jpeg,horse,horse,0.953,train,animals10,ann_4,True,True,,0.04700000000000004,0.12718525996940014,0.016129032258064516,300,200,1936.2059390197223,84.66875,55.302505881477316,0.7,False,1.0,,c65ae9657bf11a08,0.0,,,,0.0,0.1673258064516129,0.1673258064516129,ok,,keep,96.94892361111111,0.005222222222222227,0.005222222222222227,0.005222222222222227,0.005222222222222227,0.005222222222222227,0.005222222222222227,0.953,0.005222222222222227,0.005222222222222227,0.005222222222222227
784,horse_000784.jpeg,data/demo/images/horse_000784.jpeg,horse,horse,0.917,train,animals10,ann_4,True,True,,0.08299999999999996,0.20342596146389583,0.016129032258064516,300,252,2071.944071554548,169.57445767195767,53.700491765378146,0.7,False,1.0,,82e79d984a37754c,0.0,,,,0.0,0.17812580645161288,0.17812580645161288,ok,,keep,96.94892361111111,0.009222222222222218,0.009222222222222218,0.009222222222222218,0.009222222222222218,0.009222222222222218,0.009222222222222218,0.917,0.009222222222222218,0.009222222222222218,0.009222222222222218
785,horse_000785.jpeg,data/demo/images/horse_000785.jpeg,horse,horse,0.852,train,animals10,ann_4,True,True,,0.14800000000000002,0.32329461843439317,0.016129032258064516,284,300,996.8134174456953,108.82217136150234,72.22916359863535,1.0,False,1.0,,eb85a19f9a581e64,0.0,,,,0.0,0.1976258064516129,0.1976258064516129,ok,,keep,96.94892361111111,0.016444444444444446,0.016444444444444446,0.016444444444444446,0.016444444444444446,0.016444444444444446,0.016444444444444446,0.852,0.016444444444444446,0.016444444444444446,0.016444444444444446
786,horse_000786.jpeg,data/demo/images/horse_000786.jpeg,horse,horse,0.881,train,animals10,ann_3,True,True,,0.119,0.27204099056360964,0.016129032258064516,300,169,1746.4742524619821,114.95250493096647,35.841272813902506,0.7,False,1.0,,966c81522edd53b3,0.0,,,,0.0,0.1889258064516129,0.1889258064516129,ok,,keep,96.94892361111111,0.013222222222222222,0.013222222222222222,0.013222222222222222,0.013222222222222222,0.013222222222222222,0.013222222222222222,0.881,0.013222222222222222,0.013222222222222222,0.013222222222222222
787,horse_000787.jpeg,data/demo/images/horse_000787.jpeg,horse,horse,0.973,train,animals10,ann_2,True,True,,0.027000000000000024,0.0796839281985186,0.016129032258064516,300,225,1827.928401263978,125.5469037037037,49.60541375814391,0.7,False,1.0,,bfb9888090d6b4bd,0.0,,,,0.0,0.1613258064516129,0.1613258064516129,ok,,keep,96.94892361111111,0.0030000000000000027,0.0030000000000000027,0.0030000000000000027,0.0030000000000000027,0.0030000000000000027,0.0030000000000000027,0.973,0.0030000000000000027,0.0030000000000000027,0.0030000000000000027
788,horse_000788.jpeg,data/demo/images/horse_000788.jpeg,horse,horse,0.828,train,animals10,ann_4,True,True,,0.17200000000000004,0.3634896955546401,0.016129032258064516,300,225,2649.3749232557475,107.3857925925926,60.85251856683791,0.7,False,1.0,,cb04e96a96926767,0.0,,,,0.0,0.2048258064516129,0.2048258064516129,ok,,keep,96.94892361111111,0.019111111111111117,0.019111111111111117,0.019111111111111117,0.019111111111111117,0.019111111111111117,0.019111111111111117,0.828,0.019111111111111117,0.019111111111111117,0.019111111111111117
789,horse_000789.jpeg,data/demo/images/horse_000789.jpeg,horse,horse,0.953,train,animals10,ann_3,True,True,,0.04700000000000004,0.12718525996940014,0.016129032258064516,202,300,1196.8276582905817,88.78929042904291,53.37188269306957,0.7,False,1.0,,987367a8765a8999,0.0,,,,0.0,0.1673258064516129,0.1673258064516129,ok,,keep,96.94892361111111,0.005222222222222227,0.005222222222222227,0.005222222222222227,0.005222222222222227,0.005222222222222227,0.005222222222222227,0.953,0.005222222222222227,0.005222222222222227,0.005222222222222227
790,horse_000790.jpeg,data/demo/images/horse_000790.jpeg,horse,horse,0.93,train,animals10,ann_3,True,True,,0.06999999999999995,0.17695096636165047,0.016129032258064516,300,240,1617.4578599930555,163.42029166666666,79.03377008120178,0.7,False,1.0,,a6aec0d2d1599d8d,0.0,,,,0.0,0.1742258064516129,0.1742258064516129,ok,,keep,96.94892361111111,0.007777777777777772,0.007777777777777772,0.007777777777777772,0.007777777777777772,0.007777777777777772,0.007777777777777772,0.93,0.007777777777777772,0.007777777777777772,0.007777777777777772
791,horse_000791.jpeg,data/demo/images/horse_000791.jpeg,horse,horse,0.979,train,animals10,ann_4,True,True,,0.02100000000000002,0.06429622789059766,0.016129032258064516,300,231,4635.989670667507,162.24138528138528,81.15318404131459,0.7,False,1.0,,bcc3d3b29ecc6043,0.0,,,,0.0,0.1595258064516129,0.1595258064516129,ok,,keep,96.94892361111111,0.0023333333333333353,0.0023333333333333353,0.0023333333333333353,0.0023333333333333353,0.0023333333333333353,0.0023333333333333353,0.979,0.0023333333333333353,0.0023333333333333353,0.0023333333333333353
792,horse_000792.jpeg,data/demo/images/horse_000792.jpeg,horse,dog,0.488,train,animals10,ann_4,True,True,,0.512,0.7894770673330411,0.016129032258064516,300,195,3794.1035445624952,137.05456410256411,93.29115125830849,0.7,False,1.0,,ba90cd4fc46ac633,0.0,,,,0.4311111111111111,0.4146035842293907,0.4146035842293907,hard_example,model_disagreement;high_entropy;low_confidence,send_to_review,96.94892361111111,0.05688888888888889,0.05688888888888889,0.05688888888888889,0.05688888888888889,0.488,0.05688888888888889,0.05688888888888889,0.05688888888888889,0.05688888888888889,0.05688888888888889
793,horse_000793.jpeg,data/demo/images/horse_000793.jpeg,horse,horse,0.842,train,animals10,ann_2,True,True,,0.15800000000000003,0.34026971136696504,0.016129032258064516,300,240,2618.7269554349923,122.33245833333334,41.62599564122477,0.7,False,1.0,,b921c2c6e0abaed3,0.0,,,,0.0,0.2006258064516129,0.2006258064516129,ok,,keep,96.94892361111111,0.01755555555555556,0.01755555555555556,0.01755555555555556,0.01755555555555556,0.01755555555555556,0.01755555555555556,0.842,0.01755555555555556,0.01755555555555556,0.01755555555555556
794,horse_000794.jpeg,data/demo/images/horse_000794.jpeg,horse,horse,0.951,train,animals10,ann_2,True,True,,0.049000000000000044,0.13168859909070477,0.016129032258064516,300,225,2092.720969805432,92.94577777777778,48.24483630732918,0.7,False,1.0,,86123f3fe8c8c333,0.0,,,,0.0,0.16792580645161292,0.16792580645161292,ok,,keep,96.94892361111111,0.00544444444444445,0.00544444444444445,0.00544444444444445,0.00544444444444445,0.00544444444444445,0.00544444444444445,0.951,0.00544444444444445,0.00544444444444445,0.00544444444444445
795,horse_000795.jpeg,data/demo/images/horse_000795.jpeg,horse,horse,0.955,train,animals10,ann_1,True,True,,0.04500000000000004,0.12264312559945706,0.016129032258064516,300,238,3865.7737367762797,105.66911764705883,48.102352345620666,0.7,False,1.0,,96d1352d6dc8ca5a,0.0,,,,0.0,0.16672580645161292,0.16672580645161292,ok,,keep,96.94892361111111,0.0050000000000000044,0.0050000000000000044,0.0050000000000000044,0.0050000000000000044,0.0050000000000000044,0.0050000000000000044,0.955,0.0050000000000000044,0.0050000000000000044,0.0050000000000000044
796,horse_000796.jpeg,data/demo/images/horse_000796.jpeg,horse,horse,0.862,train,animals10,ann_1,True,True,,0.138,0.30597488489540914,0.016129032258064516,200,300,1970.2393799375,173.21515,72.35578456818432,0.7,False,1.0,,bee8c19734306f68,0.0,,,,0.0,0.1946258064516129,0.1946258064516129,ok,,keep,96.94892361111111,0.015333333333333334,0.015333333333333334,0.015333333333333334,0.015333333333333334,0.015333333333333334,0.015333333333333334,0.862,0.015333333333333334,0.015333333333333334,0.015333333333333334
797,horse_000797.jpeg,data/demo/images/horse_000797.jpeg,horse,horse,0.94,train,animals10,ann_4,True,True,,0.06000000000000005,0.15582528881667973,0.016129032258064516,300,295,1697.7810130283126,110.32189830508474,46.28924314782753,1.0,False,1.0,,8e4e6c6c29b3931b,0.0,,,,0.0,0.17122580645161292,0.17122580645161292,ok,,keep,96.94892361111111,0.006666666666666672,0.006666666666666672,0.006666666666666672,0.006666666666666672,0.006666666666666672,0.006666666666666672,0.94,0.006666666666666672,0.006666666666666672,0.006666666666666672
798,horse_000798.jpeg,data/demo/images/horse_000798.jpeg,horse,horse,0.833,train,animals10,ann_4,True,True,,0.16700000000000004,0.3552675578799221,0.016129032258064516,300,209,1842.733636161158,184.69089314194576,90.54972236343654,0.7,False,1.0,,b6c319c48e3933ce,0.0,,,,0.0,0.2033258064516129,0.2033258064516129,ok,,keep,96.94892361111111,0.01855555555555556,0.01855555555555556,0.01855555555555556,0.01855555555555556,0.01855555555555556,0.01855555555555556,0.833,0.01855555555555556,0.01855555555555556,0.01855555555555556
799,horse_000799.jpeg,data/demo/images/horse_000799.jpeg,horse,horse,0.906,train,animals10,ann_3,True,True,,0.09399999999999997,0.22506662621078755,0.016129032258064516,207,300,3031.14833245324,141.84855072463768,74.41191516059371,0.7,False,1.0,,fad285152e39e989,0.0,,,,0.0,0.18142580645161288,0.18142580645161288,ok,,keep,96.94892361111111,0.010444444444444442,0.010444444444444442,0.010444444444444442,0.010444444444444442,0.010444444444444442,0.010444444444444442,0.906,0.010444444444444442,0.010444444444444442,0.010444444444444442
800,horse_000800.jpeg,data/demo/images/horse_000800.jpeg,horse,horse,0.95,train,animals10,ann_1,True,True,,0.050000000000000044,0.1339261958878155,0.016129032258064516,300,273,943.5295638945913,153.49407814407814,77.5217789027565,1.0,False,1.0,,beec84724198bb3c,0.0,,,,0.0,0.16822580645161292,0.16822580645161292,ok,,keep,96.94892361111111,0.00555555555555556,0.00555555555555556,0.00555555555555556,0.00555555555555556,0.00555555555555556,0.00555555555555556,0.95,0.00555555555555556,0.00555555555555556,0.00555555555555556
801,horse_000801.jpeg,data/demo/images/horse_000801.jpeg,horse,horse,0.963,train,animals10,ann_3,True,True,,0.03700000000000003,0.10405139021490523,0.016129032258064516,300,200,1041.1466336488888,133.57978333333332,61.34946374082163,0.7,False,1.0,,beb4a12d343e494d,0.0,,,,0.0,0.1643258064516129,0.1643258064516129,ok,,keep,96.94892361111111,0.004111111111111115,0.004111111111111115,0.004111111111111115,0.004111111111111115,0.004111111111111115,0.004111111111111115,0.963,0.004111111111111115,0.004111111111111115,0.004111111111111115
802,horse_000802.jpeg,data/demo/images/horse_000802.jpeg,horse,horse,0.839,train,animals10,ann_3,True,True,,0.16100000000000003,0.34529778850037923,0.016129032258064516,300,200,2531.854779888889,97.65166666666667,85.63268358064124,0.7,False,1.0,,e8acadec0ec243f2,0.0,,,,0.0,0.20152580645161292,0.20152580645161292,ok,,keep,96.94892361111111,0.01788888888888889,0.01788888888888889,0.01788888888888889,0.01788888888888889,0.01788888888888889,0.01788888888888889,0.839,0.01788888888888889,0.01788888888888889,0.01788888888888889
803,horse_000803.jpeg,data/demo/images/horse_000803.jpeg,horse,horse,0.857,train,animals10,ann_4,True,True,,0.14300000000000002,0.3146790567611941,0.016129032258064516,300,190,3728.685498146814,124.62542105263158,53.3107851510293,0.7,False,1.0,,e31cd6e23511ce39,0.0,,,,0.0,0.1961258064516129,0.1961258064516129,ok,,keep,96.94892361111111,0.01588888888888889,0.01588888888888889,0.01588888888888889,0.01588888888888889,0.01588888888888889,0.01588888888888889,0.857,0.01588888888888889,0.01588888888888889,0.01588888888888889
804,horse_000804.jpeg,data/demo/images/horse_000804.jpeg,horse,horse,0.969,train,animals10,ann_2,True,True,,0.031000000000000028,0.08960156097862082,0.016129032258064516,291,300,1783.4644365291176,123.37589919816723,51.60722070604499,1.0,False,1.0,,e9cc9234b542d6f8,0.0,,,,0.0,0.1625258064516129,0.1625258064516129,ok,,keep,96.94892361111111,0.0034444444444444475,0.0034444444444444475,0.0034444444444444475,0.0034444444444444475,0.0034444444444444475,0.0034444444444444475,0.969,0.0034444444444444475,0.0034444444444444475,0.0034444444444444475
805,horse_000805.jpeg,data/demo/images/horse_000805.jpeg,horse,spider,0.461,train,animals10,ann_4,True,True,,0.5389999999999999,0.8140442372045712,0.016129032258064516,300,243,6403.073183456112,158.66786008230451,62.78133573400284,0.7,False,1.0,,adc39f30f14d4c0b,0.0,,,,0.40111111111111114,0.41520358422939063,0.41520358422939063,hard_example,model_disagreement;high_entropy;low_confidence,send_to_review,96.94892361111111,0.05988888888888888,0.05988888888888888,0.05988888888888888,0.05988888888888888,0.05988888888888888,0.05988888888888888,0.05988888888888888,0.05988888888888888,0.461,0.05988888888888888
806,horse_000806.jpeg,data/demo/images/horse_000806.jpeg,horse,horse,0.953,train,animals10,ann_2,True,True,,0.04700000000000004,0.12718525996940014,0.016129032258064516,300,213,3433.474108379192,147.11687010954617,67.04833204219479,0.7,False,1.0,,b94f92302db0cacf,0.0,,,,0.0,0.1673258064516129,0.1673258064516129,ok,,keep,96.94892361111111,0.005222222222222227,0.005222222222222227,0.005222222222222227,0.005222222222222227,0.005222222222222227,0.005222222222222227,0.953,0.005222222222222227,0.005222222222222227,0.005222222222222227
807,horse_000807.jpeg,data/demo/images/horse_000807.jpeg,horse,horse,0.834,train,animals10,ann_4,True,True,,0.16600000000000004,0.35361382337745995,0.016129032258064516,300,225,2143.223468871111,133.88885925925925,59.294923675317044,0.7,False,1.0,,ad2d92522dcd527a,0.0,,,,0.0,0.20302580645161292,0.20302580645161292,ok,,keep,96.94892361111111,0.018444444444444447,0.018444444444444447,0.018444444444444447,0.018444444444444447,0.018444444444444447,0.018444444444444447,0.834,0.018444444444444447,0.018444444444444447,0.018444444444444447
808,horse_000808.jpeg,data/demo/images/horse_000808.jpeg,horse,horse,0.833,train,animals10,ann_2,True,True,,0.16700000000000004,0.3552675578799221,0.016129032258064516,300,194,3876.6533859732403,66.36893470790378,58.796852522586164,0.7,False,1.0,,923b3944cf39b156,0.0,,,,0.0,0.2033258064516129,0.2033258064516129,ok,,keep,96.94892361111111,0.01855555555555556,0.01855555555555556,0.01855555555555556,0.01855555555555556,0.01855555555555556,0.01855555555555556,0.833,0.01855555555555556,0.01855555555555556,0.01855555555555556
809,horse_000809.jpeg,data/demo/images/horse_000809.jpeg,horse,horse,0.951,train,animals10,ann_3,True,True,,0.049000000000000044,0.13168859909070477,0.016129032258064516,300,225,1322.8659427652128,115.29705185185185,76.27975983311242,0.7,False,1.0,,ead7cd8694193331,0.0,,,,0.0,0.16792580645161292,0.16792580645161292,ok,,keep,96.94892361111111,0.00544444444444445,0.00544444444444445,0.00544444444444445,0.00544444444444445,0.00544444444444445,0.00544444444444445,0.951,0.00544444444444445,0.00544444444444445,0.00544444444444445
810,horse_000810.jpeg,data/demo/images/horse_000810.jpeg,horse,horse,0.888,train,animals10,ann_2,True,True,,0.11199999999999999,0.2591720245638016,0.016129032258064516,300,190,1309.6590003459528,211.63856140350876,38.971623424183974,0.7,False,1.0,,b81585c4e3abbd54,0.0,,,,0.0,0.1868258064516129,0.1868258064516129,ok,,keep,96.94892361111111,0.012444444444444444,0.012444444444444444,0.012444444444444444,0.012444444444444444,0.012444444444444444,0.012444444444444444,0.888,0.012444444444444444,0.012444444444444444,0.012444444444444444
811,horse_000811.jpeg,data/demo/images/horse_000811.jpeg,horse,horse,0.913,train,animals10,ann_4,True,True,,0.08699999999999997,0.21137109911164184,0.016129032258064516,300,200,1394.6334999375001,93.94123333333333,63.24512349959394,0.7,False,1.0,,da2d153b24698b57,0.0,,,,0.0,0.1793258064516129,0.1793258064516129,ok,,keep,96.94892361111111,0.009666666666666664,0.009666666666666664,0.009666666666666664,0.009666666666666664,0.009666666666666664,0.009666666666666664,0.913,0.009666666666666664,0.009666666666666664,0.009666666666666664
812,horse_000812.jpeg,data/demo/images/horse_000812.jpeg,horse,butterfly,0.585,train,animals10,ann_2,True,True,,0.41500000000000004,0.6907344952807812,0.016129032258064516,300,269,3061.658732927037,120.9382156133829,61.23385769058636,1.0,False,1.0,,afd8c882b4cacaea,0.0,,,,0.5388888888888889,0.4124480286738351,0.4124480286738351,suspected_label_error,model_disagreement;suspected_label_error;high_entropy,recheck_label,96.94892361111111,0.585,0.04611111111111112,0.04611111111111112,0.04611111111111112,0.04611111111111112,0.04611111111111112,0.04611111111111112,0.04611111111111112,0.04611111111111112,0.04611111111111112
813,horse_000813.jpeg,data/demo/images/horse_000813.jpeg,horse,horse,0.946,train,animals10,ann_4,True,True,,0.05400000000000005,0.14278681310024285,0.016129032258064516,300,225,1849.9000174266118,89.53217777777778,55.698481009923775,0.7,False,1.0,,c66e49781f87343a,0.0,,,,0.0,0.16942580645161293,0.16942580645161293,ok,,keep,96.94892361111111,0.006000000000000005,0.006000000000000005,0.006000000000000005,0.006000000000000005,0.006000000000000005,0.006000000000000005,0.946,0.006000000000000005,0.006000000000000005,0.006000000000000005
814,horse_000814.jpeg,data/demo/images/horse_000814.jpeg,horse,horse,0.899,train,animals10,ann_2,True,True,,0.10099999999999998,0.23851206749020762,0.016129032258064516,288,300,1915.077709857119,108.16065972222222,73.28227601409162,1.0,False,1.0,,af42d29fb7219c0c,0.0,,,,0.0,0.1835258064516129,0.1835258064516129,ok,,keep,96.94892361111111,0.01122222222222222,0.01122222222222222,0.01122222222222222,0.01122222222222222,0.01122222222222222,0.01122222222222222,0.899,0.01122222222222222,0.01122222222222222,0.01122222222222222
815,horse_000815.jpeg,data/demo/images/horse_000815.jpeg,horse,horse,0.963,train,animals10,ann_2,True,True,,0.03700000000000003,0.10405139021490523,0.016129032258064516,300,213,1912.2858223630428,160.66215962441314,32.65150139069951,0.7,False,1.0,,8d1d92f017cfcc68,0.0,,,,0.0,0.1643258064516129,0.1643258064516129,ok,,keep,96.94892361111111,0.004111111111111115,0.004111111111111115,0.004111111111111115,0.004111111111111115,0.004111111111111115,0.004111111111111115,0.963,0.004111111111111115,0.004111111111111115,0.004111111111111115
816,horse_000816.jpeg,data/demo/images/horse_000816.jpeg,horse,horse,0.837,train,animals10,ann_4,True,True,,0.16300000000000003,0.34863373683746157,0.016129032258064516,221,300,2484.0471266044697,137.1596380090498,73.45432645721928,0.7,False,1.0,,be9c6b3285c69139,0.0,,,,0.0,0.2021258064516129,0.2021258064516129,ok,,keep,96.94892361111111,0.018111111111111116,0.018111111111111116,0.018111111111111116,0.018111111111111116,0.018111111111111116,0.018111111111111116,0.837,0.018111111111111116,0.018111111111111116,0.018111111111111116
817,horse_000817.jpeg,data/demo/images/horse_000817.jpeg,horse,horse,0.925,val,animals10,ann_4,True,True,,0.07499999999999996,0.187257486327022,0.016129032258064516,300,224,6132.668733736358,119.87730654761904,66.21606176901263,0.7,False,1.0,,c754b17192cbcca5,0.0,,,,0.0,0.1757258064516129,0.1757258064516129,ok,,keep,96.94892361111111,0.008333333333333328,0.008333333333333328,0.008333333333333328,0.008333333333333328,0.008333333333333328,0.008333333333333328,0.925,0.008333333333333328,0.008333333333333328,0.008333333333333328
818,horse_000818.jpeg,data/demo/images/horse_000818.jpeg,horse,horse,0.962,val,animals10,ann_4,True,True,,0.038000000000000034,0.10641501504393522,0.016129032258064516,300,225,2580.3231776261177,99.27527407407408,55.83686451618641,0.7,False,1.0,,b65bc9b83819c723,0.0,,,,0.0,0.1646258064516129,0.1646258064516129,ok,,keep,96.94892361111111,0.004222222222222226,0.004222222222222226,0.004222222222222226,0.004222222222222226,0.004222222222222226,0.004222222222222226,0.962,0.004222222222222226,0.004222222222222226,0.004222222222222226
819,horse_000819.jpeg,data/demo/images/horse_000819.jpeg,horse,horse,0.918,val,animals10,ann_4,True,True,,0.08199999999999996,0.20142556419287463,0.016129032258064516,300,247,1738.0025927123684,106.99503373819164,37.77471684997821,0.7,False,1.0,,fbdc94cbe2e29090,0.0,,,,0.0,0.1778258064516129,0.1778258064516129,ok,,keep,96.94892361111111,0.009111111111111106,0.009111111111111106,0.009111111111111106,0.009111111111111106,0.009111111111111106,0.009111111111111106,0.918,0.009111111111111106,0.009111111111111106,0.009111111111111106
820,horse_000820.jpeg,data/demo/images/horse_000820.jpeg,horse,horse,0.97,val,animals10,ann_4,True,True,,0.030000000000000027,0.08714505106038822,0.016129032258064516,300,221,3317.684144453089,121.58202111613876,54.86285780886568,0.7,False,1.0,,ed6fc6183f521324,0.0,,,,0.0,0.16222580645161291,0.16222580645161291,ok,,keep,96.94892361111111,0.003333333333333336,0.003333333333333336,0.003333333333333336,0.003333333333333336,0.003333333333333336,0.003333333333333336,0.97,0.003333333333333336,0.003333333333333336,0.003333333333333336
821,horse_000821.jpeg,data/demo/images/horse_000821.jpeg,spider,horse,0.844,val,animals10,ann_4,True,True,,0.15600000000000003,0.33690136483424105,0.03225806451612903,300,188,2200.9556990339393,131.06544326241135,70.81063868171745,0.7,False,1.0,,fab2954dc68d5470,0.0,,,,0.844,0.4142516129032259,0.4142516129032259,suspected_label_error,model_disagreement;suspected_label_error,recheck_label,96.94892361111111,0.017333333333333336,0.017333333333333336,0.017333333333333336,0.017333333333333336,0.017333333333333336,0.017333333333333336,0.844,0.017333333333333336,0.017333333333333336,0.017333333333333336
822,horse_000822.jpeg,data/demo/images/horse_000822.jpeg,squirrel,horse,0.882,val,animals10,ann_2,True,True,,0.118,0.2702152428225078,0.024193548387096774,238,300,992.7108545818328,90.70317927170868,55.74523311550787,0.7,False,1.0,,b6160d6f62c28b37,0.0,,,,0.882,0.4107387096774193,0.4107387096774193,suspected_label_error,model_disagreement;suspected_label_error,recheck_label,96.94892361111111,0.01311111111111111,0.01311111111111111,0.01311111111111111,0.01311111111111111,0.01311111111111111,0.01311111111111111,0.882,0.01311111111111111,0.01311111111111111,0.01311111111111111
823,horse_000823.jpeg,data/demo/images/horse_000823.jpeg,horse,horse,0.942,val,animals10,ann_4,True,True,,0.05800000000000005,0.15151128714699563,0.016129032258064516,300,190,710.7385820126194,155.84470175438597,78.18578339161266,0.7,False,1.0,,bb9490c36763db30,0.0,,,,0.0,0.1706258064516129,0.1706258064516129,ok,,keep,96.94892361111111,0.0064444444444444506,0.0064444444444444506,0.0064444444444444506,0.0064444444444444506,0.0064444444444444506,0.0064444444444444506,0.942,0.0064444444444444506,0.0064444444444444506,0.0064444444444444506
824,horse_000824.jpeg,data/demo/images/horse_000824.jpeg,horse,horse,0.82,val,animals10,ann_2,True,True,,0.18000000000000005,0.376487237482891,0.016129032258064516,300,240,1562.7245011080247,127.25615277777777,89.82352364299302,0.7,False,1.0,,bf9c94c26062e3b9,0.0,,,,0.0,0.20722580645161293,0.20722580645161293,ok,,keep,96.94892361111111,0.020000000000000004,0.020000000000000004,0.020000000000000004,0.020000000000000004,0.020000000000000004,0.020000000000000004,0.82,0.020000000000000004,0.020000000000000004,0.020000000000000004
825,horse_000825.jpeg,data/demo/images/horse_000825.jpeg,horse,horse,0.931,val,animals10,ann_2,True,True,,0.06899999999999995,0.17486998855386815,0.016129032258064516,300,226,1868.6060162468132,127.04926253687316,46.42948811598923,0.7,False,1.0,,bb388587521f0fc6,0.0,,,,0.0,0.17392580645161287,0.17392580645161287,ok,,keep,96.94892361111111,0.007666666666666661,0.007666666666666661,0.007666666666666661,0.007666666666666661,0.007666666666666661,0.007666666666666661,0.931,0.007666666666666661,0.007666666666666661,0.007666666666666661
826,horse_000826.jpeg,data/demo/images/horse_000826.jpeg,horse,horse,0.842,val,animals10,ann_3,True,True,,0.15800000000000003,0.34026971136696504,0.016129032258064516,300,217,2327.6103229154724,113.51797235023041,34.16527732494615,0.7,False,1.0,,e62d1ef22d911267,0.0,,,,0.0,0.2006258064516129,0.2006258064516129,ok,,keep,96.94892361111111,0.01755555555555556,0.01755555555555556,0.01755555555555556,0.01755555555555556,0.01755555555555556,0.01755555555555556,0.842,0.01755555555555556,0.01755555555555556,0.01755555555555556
827,horse_000827.jpeg,data/demo/images/horse_000827.jpeg,horse,horse,0.978,val,animals10,ann_4,True,True,,0.02200000000000002,0.06690863190435845,0.016129032258064516,300,210,2159.8886931153943,124.4385873015873,66.82543052602362,0.7,False,1.0,,ad9a92aebcc8c1d1,0.0,,,,0.0,0.1598258064516129,0.1598258064516129,ok,,keep,96.94892361111111,0.0024444444444444466,0.0024444444444444466,0.0024444444444444466,0.0024444444444444466,0.0024444444444444466,0.0024444444444444466,0.978,0.0024444444444444466,0.0024444444444444466,0.0024444444444444466
828,horse_000828.jpeg,data/demo/images/horse_000828.jpeg,horse,butterfly,0.593,val,animals10,ann_1,True,True,,0.40700000000000003,0.681850339279188,0.016129032258064516,300,202,1402.3906589656242,112.99075907590759,78.27702991909668,0.7,False,1.0,,a9c9ddfc7412198c,0.0,,,,0.5477777777777777,0.4122702508960573,0.4122702508960573,suspected_label_error,model_disagreement;suspected_label_error;high_entropy,recheck_label,96.94892361111111,0.593,0.045222222222222226,0.045222222222222226,0.045222222222222226,0.045222222222222226,0.045222222222222226,0.045222222222222226,0.045222222222222226,0.045222222222222226,0.045222222222222226
829,horse_000829.jpeg,data/demo/images/horse_000829.jpeg,horse,cat,0.499,test,animals10,ann_1,True,True,,0.501,0.7791046199605954,0.016129032258064516,300,225,1767.6640230233197,129.59028148148147,53.86129962600466,0.7,False,1.0,,f978e67e5a8104f0,0.0,,,,0.44333333333333336,0.4143591397849462,0.4143591397849462,hard_example,model_disagreement;high_entropy;low_confidence,send_to_review,96.94892361111111,0.05566666666666667,0.499,0.05566666666666667,0.05566666666666667,0.05566666666666667,0.05566666666666667,0.05566666666666667,0.05566666666666667,0.05566666666666667,0.05566666666666667
830,horse_000830.jpeg,data/demo/images/horse_000830.jpeg,horse,horse,0.941,test,animals10,ann_2,True,True,,0.05900000000000005,0.1536721993820405,0.016129032258064516,300,169,2351.566531390902,133.12573964497042,41.68175744310246,0.7,False,1.0,,b4894f26b81db2b6,0.0,,,,0.0,0.17092580645161293,0.17092580645161293,ok,,keep,96.94892361111111,0.006555555555555561,0.006555555555555561,0.006555555555555561,0.006555555555555561,0.006555555555555561,0.006555555555555561,0.941,0.006555555555555561,0.006555555555555561,0.006555555555555561
831,horse_000831.jpeg,data/demo/images/horse_000831.jpeg,horse,horse,0.941,test,animals10,ann_2,True,True,,0.05900000000000005,0.1536721993820405,0.016129032258064516,237,300,2634.0780692748667,104.74092827004219,70.17335475293864,0.7,False,1.0,,baecc5878e1eb430,0.0,,,,0.0,0.17092580645161293,0.17092580645161293,ok,,keep,96.94892361111111,0.006555555555555561,0.006555555555555561,0.006555555555555561,0.006555555555555561,0.006555555555555561,0.006555555555555561,0.941,0.006555555555555561,0.006555555555555561,0.006555555555555561
832,horse_000832.jpeg,data/demo/images/horse_000832.jpeg,horse,horse,0.96,test,animals10,ann_4,True,True,,0.040000000000000036,0.11110691266352452,0.016129032258064516,300,294,4282.365145721689,131.9130498866213,60.05013175698721,1.0,False,1.0,,a226b737d3d9188c,0.0,,,,0.0,0.16522580645161292,0.16522580645161292,ok,,keep,96.94892361111111,0.004444444444444449,0.004444444444444449,0.004444444444444449,0.004444444444444449,0.004444444444444449,0.004444444444444449,0.96,0.004444444444444449,0.004444444444444449,0.004444444444444449
833,horse_000833.jpeg,data/demo/images/horse_000833.jpeg,horse,cow,0.559,test,animals10,ann_4,True,True,,0.44099999999999995,0.7188203237559702,0.016129032258064516,208,300,637.7278482402613,120.17147435897436,75.3672807443696,0.7,False,1.0,,c11f3ae424f12fe4,0.0,,,,0.51,0.4130258064516129,0.4130258064516129,suspected_label_error,model_disagreement;suspected_label_error;high_entropy,recheck_label,96.94892361111111,0.048999999999999995,0.048999999999999995,0.048999999999999995,0.559,0.048999999999999995,0.048999999999999995,0.048999999999999995,0.048999999999999995,0.048999999999999995,0.048999999999999995
834,horse_000834.jpeg,data/demo/images/horse_000834.jpeg,horse,horse,0.875,test,animals10,ann_2,True,True,,0.125,0.28290951131643977,0.016129032258064516,300,300,542.9360564266667,156.16134444444444,41.73760017023316,1.0,False,1.0,,96862d7ec2c31a3e,0.0,,,,0.0,0.1907258064516129,0.1907258064516129,ok,,keep,96.94892361111111,0.013888888888888888,0.013888888888888888,0.013888888888888888,0.013888888888888888,0.013888888888888888,0.013888888888888888,0.875,0.013888888888888888,0.013888888888888888,0.013888888888888888
835,horse_000835.jpeg,data/demo/images/horse_000835.jpeg,horse,dog,0.524,test,animals10,ann_1,True,True,,0.476,0.7547489262757463,0.016129032258064516,300,205,11147.572977706657,172.08759349593495,76.04895140832843,0.7,False,1.0,,d3e3b81cd2f1220f,0.0,,,,0.47111111111111115,0.4138035842293907,0.4138035842293907,hard_example,model_disagreement;high_entropy;low_confidence,send_to_review,96.94892361111111,0.05288888888888889,0.05288888888888889,0.05288888888888889,0.05288888888888889,0.524,0.05288888888888889,0.05288888888888889,0.05288888888888889,0.05288888888888889,0.05288888888888889
836,horse_000836.jpeg,data/demo/images/horse_000836.jpeg,horse,horse,0.945,test,animals10,ann_1,True,True,,0.05500000000000005,0.14498032671278155,0.016129032258064516,300,255,941.7178355394933,117.89402614379085,58.055873456045894,0.7,False,1.0,,a441ea09479ed17f,0.0,,,,0.0,0.16972580645161292,0.16972580645161292,ok,,keep,96.94892361111111,0.006111111111111117,0.006111111111111117,0.006111111111111117,0.006111111111111117,0.006111111111111117,0.006111111111111117,0.945,0.006111111111111117,0.006111111111111117,0.006111111111111117
837,horse_000837.jpeg,data/demo/images/horse_000837.jpeg,horse,horse,0.878,test,animals10,ann_3,True,True,,0.122,0.27749349750077557,0.016129032258064516,300,221,1251.2103707950287,139.01325791855203,69.13215243245386,0.7,False,1.0,,adcbca1216b5b4d4,0.0,,,,0.0,0.1898258064516129,0.1898258064516129,ok,,keep,96.94892361111111,0.013555555555555555,0.013555555555555555,0.013555555555555555,0.013555555555555555,0.013555555555555555,0.013555555555555555,0.878,0.013555555555555555,0.013555555555555555,0.013555555555555555
838,horse_000838.jpeg,data/demo/images/horse_000838.jpeg,horse,horse,0.899,test,animals10,ann_3,True,True,,0.10099999999999998,0.23851206749020762,0.016129032258064516,300,225,3620.1634912359946,123.10874074074074,55.651486931379694,0.7,False,1.0,,caa2f59c4ec027f8,0.0,,,,0.0,0.1835258064516129,0.1835258064516129,ok,,keep,96.94892361111111,0.01122222222222222,0.01122222222222222,0.01122222222222222,0.01122222222222222,0.01122222222222222,0.01122222222222222,0.899,0.01122222222222222,0.01122222222222222,0.01122222222222222
839,horse_000839.jpeg,data/demo/images/horse_000839.jpeg,horse,horse,0.836,test,animals10,ann_3,True,True,,0.16400000000000003,0.35029692818626446,0.016129032258064516,300,283,1784.0460246446662,132.75803297997643,74.2025312582371,1.0,False,1.0,,938bcc6c35372cca,0.0,,,,0.0,0.2024258064516129,0.2024258064516129,ok,,keep,96.94892361111111,0.018222222222222226,0.018222222222222226,0.018222222222222226,0.018222222222222226,0.018222222222222226,0.018222222222222226,0.836,0.018222222222222226,0.018222222222222226,0.018222222222222226
840,horse_000840.jpeg,data/demo/images/horse_000840.jpeg,horse,horse,0.96,test,animals10,ann_3,True,True,,0.040000000000000036,0.11110691266352452,0.016129032258064516,300,200,6153.865359033056,126.35141666666667,58.91235402126102,0.7,False,1.0,,910edca50e59cda7,0.0,,,,0.0,0.16522580645161292,0.16522580645161292,ok,,keep,96.94892361111111,0.004444444444444449,0.004444444444444449,0.004444444444444449,0.004444444444444449,0.004444444444444449,0.004444444444444449,0.96,0.004444444444444449,0.004444444444444449,0.004444444444444449
841,sheep_000841.jpg,data/demo/images/sheep_000841.jpg,sheep,dog,0.502,train,animals10,ann_1,True,True,,0.498,0.7762392866567,0.04838709677419355,640,426,809.5083496991202,130.57578491784037,77.07982623029956,1.0,False,1.0,,e19cd3a6546d550e,0.0,,,,0.44666666666666666,0.42074408602150537,0.42074408602150537,hard_example,model_disagreement;high_entropy;low_confidence,send_to_review,96.94892361111111,0.05533333333333333,0.05533333333333333,0.05533333333333333,0.05533333333333333,0.502,0.05533333333333333,0.05533333333333333,0.05533333333333333,0.05533333333333333,0.05533333333333333
842,sheep_000842.jpeg,data/demo/images/sheep_000842.jpeg,sheep,sheep,0.884,train,animals10,ann_1,True,True,,0.11599999999999999,0.26655119773013786,0.04838709677419355,300,300,5805.143521771729,137.33796666666666,73.597450670515,1.0,False,1.0,,e9c295ecdb95241a,0.0,,,,0.0,0.1944774193548387,0.1944774193548387,ok,,keep,96.94892361111111,0.012888888888888887,0.012888888888888887,0.012888888888888887,0.012888888888888887,0.012888888888888887,0.012888888888888887,0.012888888888888887,0.884,0.012888888888888887,0.012888888888888887
843,sheep_000843.jpeg,data/demo/images/sheep_000843.jpeg,sheep,sheep,0.826,train,animals10,ann_1,True,True,,0.17400000000000004,0.3667571040116898,0.04838709677419355,300,209,457.5186159342099,105.97602870813397,58.551572568612954,0.7,False,1.0,,e15a0f24b6d96b64,0.0,,,,0.0,0.21187741935483873,0.21187741935483873,ok,,keep,96.94892361111111,0.019333333333333338,0.019333333333333338,0.019333333333333338,0.019333333333333338,0.019333333333333338,0.019333333333333338,0.019333333333333338,0.826,0.019333333333333338,0.019333333333333338
844,sheep_000844.jpeg,data/demo/images/sheep_000844.jpeg,sheep,sheep,0.876,train,animals10,ann_2,True,True,,0.124,0.2811081808641757,0.04838709677419355,300,216,6371.580288827922,107.53973765432099,72.41222055945342,0.7,False,1.0,,b2329737a3b4a06b,0.0,,,,0.0,0.1968774193548387,0.1968774193548387,ok,,keep,96.94892361111111,0.013777777777777778,0.013777777777777778,0.013777777777777778,0.013777777777777778,0.013777777777777778,0.013777777777777778,0.013777777777777778,0.876,0.013777777777777778,0.013777777777777778
845,sheep_000845.jpeg,data/demo/images/sheep_000845.jpeg,sheep,sheep,0.965,train,animals10,ann_1,True,True,,0.03500000000000003,0.09928724455841265,0.04838709677419355,300,225,4953.031833128341,145.6574962962963,60.15457725964852,0.7,False,1.0,,dab0a54f92628be5,0.0,,,,0.0,0.1701774193548387,0.1701774193548387,ok,,keep,96.94892361111111,0.0038888888888888922,0.0038888888888888922,0.0038888888888888922,0.0038888888888888922,0.0038888888888888922,0.0038888888888888922,0.0038888888888888922,0.965,0.0038888888888888922,0.0038888888888888922
846,sheep_000846.jpg,data/demo/images/sheep_000846.jpg,sheep,sheep,0.936,train,animals10,ann_4,True,True,,0.06399999999999995,0.16436180350733687,0.04838709677419355,640,360,5825.407181765238,143.93560763888888,57.40563039022244,1.0,False,1.0,,bce9cb9a3316e031,0.0,,,,0.0,0.1788774193548387,0.1788774193548387,ok,,keep,96.94892361111111,0.007111111111111105,0.007111111111111105,0.007111111111111105,0.007111111111111105,0.007111111111111105,0.007111111111111105,0.007111111111111105,0.936,0.007111111111111105,0.007111111111111105
847,sheep_000847.jpeg,data/demo/images/sheep_000847.jpeg,sheep,sheep,0.935,train,animals10,ann_3,True,True,,0.06499999999999995,0.16647753442302177,0.04838709677419355,300,192,1309.1860541422525,99.98510416666667,68.62070812567956,0.7,False,1.0,,e99d161b3974e4c1,0.0,,,,0.0,0.1791774193548387,0.1791774193548387,ok,,keep,96.94892361111111,0.007222222222222217,0.007222222222222217,0.007222222222222217,0.007222222222222217,0.007222222222222217,0.007222222222222217,0.007222222222222217,0.935,0.007222222222222217,0.007222222222222217
848,sheep_000848.jpeg,data/demo/images/sheep_000848.jpeg,sheep,sheep,0.929,train,animals10,ann_2,True,True,,0.07099999999999995,0.17902527276809982,0.04838709677419355,300,225,3557.4930480952535,125.56823703703704,43.882324240448035,0.7,False,1.0,,eddb136948e4e498,0.0,,,,0.0,0.1809774193548387,0.1809774193548387,ok,,keep,96.94892361111111,0.007888888888888883,0.007888888888888883,0.007888888888888883,0.007888888888888883,0.007888888888888883,0.007888888888888883,0.007888888888888883,0.929,0.007888888888888883,0.007888888888888883
849,sheep_000849.jpg,data/demo/images/sheep_000849.jpg,sheep,sheep,0.931,train,animals10,ann_4,True,True,,0.06899999999999995,0.17486998855386815,0.04838709677419355,640,425,2477.4064113267737,137.01497794117648,50.80724021253486,1.0,False,1.0,,85c15a3f696d3664,0.0,,,,0.0,0.1803774193548387,0.1803774193548387,ok,,keep,96.94892361111111,0.007666666666666661,0.007666666666666661,0.007666666666666661,0.007666666666666661,0.007666666666666661,0.007666666666666661,0.007666666666666661,0.931,0.007666666666666661,0.007666666666666661
850,sheep_000850.jpg,data/demo/images/sheep_000850.jpg,sheep,sheep,0.963,train,animals10,ann_2,True,True,,0.03700000000000003,0.10405139021490523,0.04838709677419355,640,426,2136.012515529545,100.22044821009389,39.48116748314279,1.0,False,1.0,,d6966b69399686c2,0.0,,,,0.0,0.1707774193548387,0.1707774193548387,ok,,keep,96.94892361111111,0.004111111111111115,0.004111111111111115,0.004111111111111115,0.004111111111111115,0.004111111111111115,0.004111111111111115,0.004111111111111115,0.963,0.004111111111111115,0.004111111111111115
851,sheep_000851.jpeg,data/demo/images/sheep_000851.jpeg,elephant,sheep,0.931,train,animals10,ann_2,True,True,,0.06899999999999995,0.17486998855386815,0.0,169,300,528.6152686390533,97.06526627218935,53.87233009056405,0.7,False,1.0,,83747c22b5cd33b1,0.0,,,,0.931,0.40345,0.40345,suspected_label_error,model_disagreement;suspected_label_error,recheck_label,96.94892361111111,0.007666666666666661,0.007666666666666661,0.007666666666666661,0.007666666666666661,0.007666666666666661,0.007666666666666661,0.007666666666666661,0.931,0.007666666666666661,0.007666666666666661
852,sheep_000852.jpg,data/demo/images/sheep_000852.jpg,sheep,sheep,0.856,train,animals10,ann_4,True,True,,0.14400000000000002,0.316409175590959,0.04838709677419355,640,376,1672.7310950605015,71.49893617021277,38.29229631809008,1.0,False,1.0,,dbcc64237199ccc6,0.0,,,,0.0,0.20287741935483872,0.20287741935483872,ok,,keep,96.94892361111111,0.016,0.016,0.016,0.016,0.016,0.016,0.016,0.856,0.016,0.016
853,sheep_000853.jpeg,data/demo/images/sheep_000853.jpeg,sheep,sheep,0.826,train,animals10,ann_4,True,True,,0.17400000000000004,0.3667571040116898,0.04838709677419355,300,196,1176.9963830163358,90.57889455782313,42.34151884174228,0.7,False,1.0,,c046ee2b65c7c33c,0.0,,,,0.0,0.21187741935483873,0.21187741935483873,ok,,keep,96.94892361111111,0.019333333333333338,0.019333333333333338,0.019333333333333338,0.019333333333333338,0.019333333333333338,0.019333333333333338,0.019333333333333338,0.826,0.019333333333333338,0.019333333333333338
854,sheep_000854.jpg,data/demo/images/sheep_000854.jpg,sheep,sheep,0.46,train,animals10,ann_2,True,True,,0.54,0.8149297178763635,0.04838709677419355,640,425,13008.72205308775,142.0725330882353,72.21552490112656,1.0,False,1.0,,9882a3f74c3b70bc,0.0,,,,0.0,0.32167741935483873,0.32167741935483873,hard_example,high_entropy;low_confidence,send_to_review,96.94892361111111,0.060000000000000005,0.060000000000000005,0.060000000000000005,0.060000000000000005,0.060000000000000005,0.060000000000000005,0.060000000000000005,0.46,0.060000000000000005,0.060000000000000005
855,sheep_000855.jpg,data/demo/images/sheep_000855.jpg,sheep,sheep,0.974,train,animals10,ann_2,True,True,,0.026000000000000023,0.07716456985546556,0.04838709677419355,640,480,1624.7979161444348,136.97970052083335,42.56086394816815,1.0,False,1.0,,a6c0d13768c871fd,0.0,,,,0.0,0.1674774193548387,0.1674774193548387,ok,,keep,96.94892361111111,0.0028888888888888914,0.0028888888888888914,0.0028888888888888914,0.0028888888888888914,0.0028888888888888914,0.0028888888888888914,0.0028888888888888914,0.974,0.0028888888888888914,0.0028888888888888914
856,sheep_000856.jpeg,data/demo/images/sheep_000856.jpeg,sheep,sheep,0.826,train,animals10,ann_1,True,True,,0.17400000000000004,0.3667571040116898,0.04838709677419355,300,115,7063.69318584415,130.13397101449274,63.226101926425564,0.3,False,0.75,low_resolution,8597167c6c78786c,0.0,,,,0.0,0.1743774193548387,0.1743774193548387,ok,low_resolution,keep,96.94892361111111,0.019333333333333338,0.019333333333333338,0.019333333333333338,0.019333333333333338,0.019333333333333338,0.019333333333333338,0.019333333333333338,0.826,0.019333333333333338,0.019333333333333338
857,sheep_000857.jpeg,data/demo/images/sheep_000857.jpeg,sheep,sheep,0.836,train,animals10,ann_2,True,True,,0.16400000000000003,0.35029692818626446,0.04838709677419355,300,211,1307.295997031114,108.28763033175356,70.85611905026217,0.7,False,1.0,,b04d479b17e0eca9,0.0,,,,0.0,0.20887741935483872,0.20887741935483872,ok,,keep,96.94892361111111,0.018222222222222226,0.018222222222222226,0.018222222222222226,0.018222222222222226,0.018222222222222226,0.018222222222222226,0.018222222222222226,0.836,0.018222222222222226,0.018222222222222226
858,sheep_000858.jpeg,data/demo/images/sheep_000858.jpeg,sheep,sheep,0.91,train,animals10,ann_2,True,True,,0.08999999999999997,0.21727232864486018,0.04838709677419355,230,300,8525.126380188196,136.59950724637682,52.51827711988705,0.7,False,1.0,,90863b3ce535e4ad,0.0,,,,0.0,0.1866774193548387,0.1866774193548387,ok,,keep,96.94892361111111,0.009999999999999997,0.009999999999999997,0.009999999999999997,0.009999999999999997,0.009999999999999997,0.009999999999999997,0.009999999999999997,0.91,0.009999999999999997,0.009999999999999997
859,sheep_000859.jpeg,data/demo/images/sheep_000859.jpeg,sheep,sheep,0.899,train,animals10,ann_4,True,True,,0.10099999999999998,0.23851206749020762,0.04838709677419355,300,225,3927.0990126641423,120.58282962962963,39.10034420603268,0.7,False,1.0,,c0df03acd740b79c,0.0,,,,0.0,0.1899774193548387,0.1899774193548387,ok,,keep,96.94892361111111,0.01122222222222222,0.01122222222222222,0.01122222222222222,0.01122222222222222,0.01122222222222222,0.01122222222222222,0.01122222222222222,0.899,0.01122222222222222,0.01122222222222222
860,sheep_000860.jpeg,data/demo/images/sheep_000860.jpeg,sheep,sheep,0.905,train,animals10,ann_3,True,True,,0.09499999999999997,0.2270023273706416,0.04838709677419355,300,202,1086.4229874846149,125.8235808580858,36.47608215468971,0.7,False,1.0,,e4d41b5b6bc56c60,0.0,,,,0.0,0.1881774193548387,0.1881774193548387,ok,,keep,96.94892361111111,0.010555555555555552,0.010555555555555552,0.010555555555555552,0.010555555555555552,0.010555555555555552,0.010555555555555552,0.010555555555555552,0.905,0.010555555555555552,0.010555555555555552
861,sheep_000861.jpeg,data/demo/images/sheep_000861.jpeg,sheep,sheep,0.872,train,animals10,ann_3,True,True,,0.128,0.2882897858891631,0.04838709677419355,270,194,1678.1434812377197,141.6262886597938,46.63019225885371,0.7,False,1.0,,d353e46c6959ba12,0.0,,,,0.0,0.1980774193548387,0.1980774193548387,ok,,keep,96.94892361111111,0.014222222222222223,0.014222222222222223,0.014222222222222223,0.014222222222222223,0.014222222222222223,0.014222222222222223,0.014222222222222223,0.872,0.014222222222222223,0.014222222222222223
862,sheep_000862.jpeg,data/demo/images/sheep_000862.jpeg,sheep,sheep,0.975,train,animals10,ann_2,True,True,,0.025000000000000022,0.07462805787016473,0.04838709677419355,300,202,2248.6037741264477,130.46686468646865,53.04670205036911,0.7,False,1.0,,d29bab501e639696,0.0,,,,0.0,0.1671774193548387,0.1671774193548387,ok,,keep,96.94892361111111,0.00277777777777778,0.00277777777777778,0.00277777777777778,0.00277777777777778,0.00277777777777778,0.00277777777777778,0.00277777777777778,0.975,0.00277777777777778,0.00277777777777778
863,sheep_000863.jpeg,data/demo/images/sheep_000863.jpeg,sheep,sheep,0.843,train,animals10,ann_2,True,True,,0.15700000000000003,0.3385871788021219,0.04838709677419355,300,200,2850.0626217863887,118.65131666666667,45.21848666861511,0.7,False,1.0,,89eaa7665825ce93,0.0,,,,0.0,0.20677741935483873,0.20677741935483873,ok,,keep,96.94892361111111,0.017444444444444446,0.017444444444444446,0.017444444444444446,0.017444444444444446,0.017444444444444446,0.017444444444444446,0.017444444444444446,0.843,0.017444444444444446,0.017444444444444446
864,sheep_000864.jpeg,data/demo/images/sheep_000864.jpeg,sheep,sheep,0.922,train,animals10,ann_3,True,True,,0.07799999999999996,0.19336562317201897,0.04838709677419355,300,225,1882.7968650646915,138.66096296296297,62.04155622106816,0.7,False,1.0,,b6b6e0e8d9c16166,0.0,,,,0.0,0.18307741935483868,0.18307741935483868,ok,,keep,96.94892361111111,0.008666666666666663,0.008666666666666663,0.008666666666666663,0.008666666666666663,0.008666666666666663,0.008666666666666663,0.008666666666666663,0.922,0.008666666666666663,0.008666666666666663
865,sheep_000865.jpeg,data/demo/images/sheep_000865.jpeg,sheep,sheep,0.91,train,animals10,ann_2,True,True,,0.08999999999999997,0.21727232864486018,0.04838709677419355,300,252,5062.575422296233,136.68662698412697,57.313733369958186,0.7,False,1.0,,97972068e891b59f,0.0,,,,0.0,0.1866774193548387,0.1866774193548387,ok,,keep,96.94892361111111,0.009999999999999997,0.009999999999999997,0.009999999999999997,0.009999999999999997,0.009999999999999997,0.009999999999999997,0.009999999999999997,0.91,0.009999999999999997,0.009999999999999997
866,sheep_000866.jpeg,data/demo/images/sheep_000866.jpeg,sheep,sheep,0.93,train,animals10,ann_2,True,True,,0.06999999999999995,0.17695096636165045,0.04838709677419355,300,225,7946.301518036982,176.75294814814814,67.61250466891993,0.7,False,1.0,,a2a6f56ae19c0ed1,0.0,,,,0.0,0.1806774193548387,0.1806774193548387,ok,,keep,96.94892361111111,0.007777777777777772,0.007777777777777772,0.007777777777777772,0.007777777777777772,0.007777777777777772,0.007777777777777772,0.007777777777777772,0.93,0.007777777777777772,0.007777777777777772
867,sheep_000867.jpeg,data/demo/images/sheep_000867.jpeg,sheep,sheep,0.885,train,animals10,ann_4,True,True,,0.11499999999999999,0.2647128380343369,0.04838709677419355,300,194,4645.540807843259,113.57426116838488,50.45325403447419,0.7,False,1.0,,b1959dd575b2d0c0,0.0,,,,0.0,0.1941774193548387,0.1941774193548387,ok,,keep,96.94892361111111,0.012777777777777777,0.012777777777777777,0.012777777777777777,0.012777777777777777,0.012777777777777777,0.012777777777777777,0.012777777777777777,0.885,0.012777777777777777,0.012777777777777777
868,sheep_000868.jpeg,data/demo/images/sheep_000868.jpeg,sheep,sheep,0.979,train,animals10,ann_3,True,True,,0.02100000000000002,0.06429622789059766,0.04838709677419355,300,264,1889.9937793616405,111.3132196969697,57.517080572320815,1.0,False,1.0,,adc1d0267336733a,0.0,,,,0.0,0.1659774193548387,0.1659774193548387,ok,,keep,96.94892361111111,0.0023333333333333353,0.0023333333333333353,0.0023333333333333353,0.0023333333333333353,0.0023333333333333353,0.0023333333333333353,0.0023333333333333353,0.979,0.0023333333333333353,0.0023333333333333353
869,sheep_000869.jpeg,data/demo/images/sheep_000869.jpeg,sheep,sheep,0.964,train,animals10,ann_2,True,True,,0.03600000000000003,0.10167557528692023,0.04838709677419355,300,221,5204.1860705233985,126.50046757164404,65.549381174275,0.7,False,1.0,,b45343beb4cb9a21,0.0,,,,0.0,0.1704774193548387,0.1704774193548387,ok,,keep,96.94892361111111,0.0040000000000000036,0.0040000000000000036,0.0040000000000000036,0.0040000000000000036,0.0040000000000000036,0.0040000000000000036,0.0040000000000000036,0.964,0.0040000000000000036,0.0040000000000000036
870,sheep_000870.jpeg,data/demo/images/sheep_000870.jpeg,sheep,sheep,0.936,train,animals10,ann_2,True,True,,0.06399999999999995,0.16436180350733687,0.04838709677419355,300,231,4232.560251606771,129.82108225108226,51.241029426273535,0.7,False,1.0,,f1998e6365629366,0.0,,,,0.0,0.1788774193548387,0.1788774193548387,ok,,keep,96.94892361111111,0.007111111111111105,0.007111111111111105,0.007111111111111105,0.007111111111111105,0.007111111111111105,0.007111111111111105,0.007111111111111105,0.936,0.007111111111111105,0.007111111111111105
871,sheep_000871.jpeg,data/demo/images/sheep_000871.jpeg,sheep,sheep,0.905,train,animals10,ann_3,True,True,,0.09499999999999997,0.2270023273706416,0.04838709677419355,300,200,1525.4428896330555,151.9317,49.05232480161703,0.7,False,1.0,,c7bcb8654a38857a,0.0,,,,0.0,0.1881774193548387,0.1881774193548387,ok,,keep,96.94892361111111,0.010555555555555552,0.010555555555555552,0.010555555555555552,0.010555555555555552,0.010555555555555552,0.010555555555555552,0.010555555555555552,0.905,0.010555555555555552,0.010555555555555552
872,sheep_000872.jpeg,data/demo/images/sheep_000872.jpeg,sheep,sheep,0.864,train,animals10,ann_2,True,True,,0.136,0.30246781190069,0.04838709677419355,300,225,3451.117999272208,145.00074074074075,43.37056314598015,0.7,False,1.0,,85fc1c2d33d3e486,0.0,,,,0.0,0.2004774193548387,0.2004774193548387,ok,,keep,96.94892361111111,0.015111111111111112,0.015111111111111112,0.015111111111111112,0.015111111111111112,0.015111111111111112,0.015111111111111112,0.015111111111111112,0.864,0.015111111111111112,0.015111111111111112
873,sheep_000873.jpeg,data/demo/images/sheep_000873.jpeg,elephant,sheep,0.909,train,animals10,ann_3,True,True,,0.09099999999999997,0.2192287274660459,0.0,300,225,1039.4011049110563,107.45148148148148,35.762237087588865,0.7,False,1.0,,87c4103aec43f3bd,0.0,,,,0.909,0.40454999999999997,0.40454999999999997,suspected_label_error,model_disagreement;suspected_label_error,recheck_label,96.94892361111111,0.010111111111111107,0.010111111111111107,0.010111111111111107,0.010111111111111107,0.010111111111111107,0.010111111111111107,0.010111111111111107,0.909,0.010111111111111107,0.010111111111111107
874,sheep_000874.jpg,data/demo/images/sheep_000874.jpg,sheep,sheep,0.872,train,animals10,ann_1,True,True,,0.128,0.2882897858891631,0.04838709677419355,360,640,3803.3583723061447,134.75915798611112,47.433241449746,1.0,False,1.0,,b0b4bcaf0d53534c,0.0,,,,0.0,0.1980774193548387,0.1980774193548387,ok,,keep,96.94892361111111,0.014222222222222223,0.014222222222222223,0.014222222222222223,0.014222222222222223,0.014222222222222223,0.014222222222222223,0.014222222222222223,0.872,0.014222222222222223,0.014222222222222223
875,sheep_000875.jpeg,data/demo/images/sheep_000875.jpeg,sheep,horse,0.49,train,animals10,ann_1,True,True,,0.51,0.7876068064471915,0.04838709677419355,300,200,2544.6253771155557,82.26301666666667,51.64423916469021,0.7,False,1.0,,c5436c7a3725b456,0.0,,,,0.43333333333333335,0.421010752688172,0.421010752688172,hard_example,model_disagreement;high_entropy;low_confidence,send_to_review,96.94892361111111,0.05666666666666667,0.05666666666666667,0.05666666666666667,0.05666666666666667,0.05666666666666667,0.05666666666666667,0.49,0.05666666666666667,0.05666666666666667,0.05666666666666667
876,sheep_000876.jpeg,data/demo/images/sheep_000876.jpeg,sheep,sheep,0.884,train,animals10,ann_4,True,True,,0.11599999999999999,0.26655119773013786,0.04838709677419355,300,232,339.606084766812,133.98262931034483,31.649633652352225,0.7,False,1.0,,c185977a6a583d2e,0.0,,,,0.0,0.1944774193548387,0.1944774193548387,ok,,keep,96.94892361111111,0.012888888888888887,0.012888888888888887,0.012888888888888887,0.012888888888888887,0.012888888888888887,0.012888888888888887,0.012888888888888887,0.884,0.012888888888888887,0.012888888888888887
877,sheep_000877.jpeg,data/demo/images/sheep_000877.jpeg,sheep,sheep,0.87,train,animals10,ann_3,True,True,,0.13,0.2918571363060806,0.04838709677419355,300,188,4478.992312720374,132.68054964539007,48.34873858119698,0.7,False,1.0,,dacb6d8526b2323a,0.0,,,,0.0,0.1986774193548387,0.1986774193548387,ok,,keep,96.94892361111111,0.014444444444444446,0.014444444444444446,0.014444444444444446,0.014444444444444446,0.014444444444444446,0.014444444444444446,0.014444444444444446,0.87,0.014444444444444446,0.014444444444444446
878,sheep_000878.jpeg,data/demo/images/sheep_000878.jpeg,sheep,elephant,0.508,train,animals10,ann_1,True,True,,0.492,0.7704617138994309,0.04838709677419355,300,200,3476.295827699723,153.36548333333334,55.66673727280702,0.7,False,1.0,,cad0d6bde1d61425,0.0,,,,0.45333333333333337,0.42061075268817205,0.42061075268817205,hard_example,model_disagreement;high_entropy;low_confidence,send_to_review,96.94892361111111,0.05466666666666667,0.05466666666666667,0.05466666666666667,0.05466666666666667,0.05466666666666667,0.508,0.05466666666666667,0.05466666666666667,0.05466666666666667,0.05466666666666667
879,sheep_000879.jpeg,data/demo/images/sheep_000879.jpeg,sheep,sheep,0.926,train,animals10,ann_3,True,True,,0.07399999999999995,0.18520902042800194,0.04838709677419355,300,300,867.5969165609877,139.0638111111111,58.83567422470343,1.0,False,1.0,,85da0929352b6cfe,0.0,,,,0.0,0.1818774193548387,0.1818774193548387,ok,,keep,96.94892361111111,0.008222222222222218,0.008222222222222218,0.008222222222222218,0.008222222222222218,0.008222222222222218,0.008222222222222218,0.008222222222222218,0.926,0.008222222222222218,0.008222222222222218
880,sheep_000880.jpeg,data/demo/images/sheep_000880.jpeg,sheep,sheep,0.863,train,animals10,ann_1,True,True,,0.137,0.3042231850475893,0.04838709677419355,300,225,9985.921831747599,87.1155111111111,69.75149416797242,0.7,False,1.0,,aaab7bc21637c18c,0.0,,,,0.0,0.20077741935483873,0.20077741935483873,ok,,keep,96.94892361111111,0.015222222222222224,0.015222222222222224,0.015222222222222224,0.015222222222222224,0.015222222222222224,0.015222222222222224,0.015222222222222224,0.863,0.015222222222222224,0.015222222222222224
881,sheep_000881.jpeg,data/demo/images/sheep_000881.jpeg,sheep,sheep,0.875,train,animals10,ann_4,True,True,,0.125,0.28290951131643977,0.04838709677419355,300,169,4141.419636449082,109.57258382642998,38.49429064239934,0.7,False,1.0,,ee80d16df996b038,0.0,,,,0.0,0.1971774193548387,0.1971774193548387,ok,,keep,96.94892361111111,0.013888888888888888,0.013888888888888888,0.013888888888888888,0.013888888888888888,0.013888888888888888,0.013888888888888888,0.013888888888888888,0.875,0.013888888888888888,0.013888888888888888
882,sheep_000882.jpeg,data/demo/images/sheep_000882.jpeg,sheep,sheep,0.927,train,animals10,ann_4,True,True,,0.07299999999999995,0.18315421650538397,0.04838709677419355,300,200,2243.3252521233335,138.77246666666667,39.019452779977435,0.7,False,1.0,,f284956f7a5c864a,0.0,,,,0.0,0.18157741935483868,0.18157741935483868,ok,,keep,96.94892361111111,0.008111111111111105,0.008111111111111105,0.008111111111111105,0.008111111111111105,0.008111111111111105,0.008111111111111105,0.008111111111111105,0.927,0.008111111111111105,0.008111111111111105
883,sheep_000883.jpeg,data/demo/images/sheep_000883.jpeg,sheep,sheep,0.871,train,animals10,ann_4,True,True,,0.129,0.2900753937344504,0.04838709677419355,300,225,1945.9624924047187,110.63345185185185,57.39317534157195,0.7,False,1.0,,ecc2f3d5ca89146a,0.0,,,,0.0,0.1983774193548387,0.1983774193548387,ok,,keep,96.94892361111111,0.014333333333333333,0.014333333333333333,0.014333333333333333,0.014333333333333333,0.014333333333333333,0.014333333333333333,0.014333333333333333,0.871,0.014333333333333333,0.014333333333333333
884,sheep_000884.jpeg,data/demo/images/sheep_000884.jpeg,sheep,sheep,0.896,train,animals10,ann_1,True,True,,0.10399999999999998,0.24420177269440774,0.04838709677419355,300,225,9926.464532100741,97.2607111111111,62.679258310139055,0.7,False,1.0,,9af4cc0a1737c995,0.0,,,,0.0,0.1908774193548387,0.1908774193548387,ok,,keep,96.94892361111111,0.011555555555555553,0.011555555555555553,0.011555555555555553,0.011555555555555553,0.011555555555555553,0.011555555555555553,0.011555555555555553,0.896,0.011555555555555553,0.011555555555555553
885,sheep_000885.jpeg,data/demo/images/sheep_000885.jpeg,sheep,chicken,0.55,train,animals10,ann_2,True,True,,0.44999999999999996,0.7282640144840123,0.04838709677419355,300,225,2727.1779181265297,114.23964444444445,40.30843042259075,0.7,False,1.0,,d9cde46793989886,0.0,,,,0.5,0.4196774193548387,0.4196774193548387,suspected_label_error,model_disagreement;suspected_label_error;high_entropy,recheck_label,96.94892361111111,0.049999999999999996,0.049999999999999996,0.55,0.049999999999999996,0.049999999999999996,0.049999999999999996,0.049999999999999996,0.049999999999999996,0.049999999999999996,0.049999999999999996
886,sheep_000886.jpeg,data/demo/images/sheep_000886.jpeg,sheep,sheep,0.472,train,animals10,ann_1,True,True,,0.528,0.8041887061878763,0.04838709677419355,300,225,3606.7771385758024,102.33841481481481,67.65790382126237,0.7,False,1.0,,85c36a3d9d9c1a4e,0.0,,,,0.0,0.3180774193548387,0.3180774193548387,hard_example,high_entropy;low_confidence,send_to_review,96.94892361111111,0.05866666666666667,0.05866666666666667,0.05866666666666667,0.05866666666666667,0.05866666666666667,0.05866666666666667,0.05866666666666667,0.472,0.05866666666666667,0.05866666666666667
887,sheep_000887.jpeg,data/demo/images/sheep_000887.jpeg,sheep,cow,0.581,train,animals10,ann_4,True,True,,0.41900000000000004,0.6951335985704726,0.04838709677419355,300,142,1145.8612798381055,95.63265258215962,60.90147480430498,0.7,False,1.0,,e3474c7f0d468713,0.0,,,,0.5344444444444444,0.41898853046594986,0.41898853046594986,suspected_label_error,model_disagreement;suspected_label_error;high_entropy,recheck_label,96.94892361111111,0.04655555555555556,0.04655555555555556,0.04655555555555556,0.581,0.04655555555555556,0.04655555555555556,0.04655555555555556,0.04655555555555556,0.04655555555555556,0.04655555555555556
888,sheep_000888.jpg,data/demo/images/sheep_000888.jpg,sheep,sheep,0.894,train,animals10,ann_4,True,True,,0.10599999999999998,0.24797153813600767,0.04838709677419355,640,426,1496.1425346490244,172.34271933685446,39.70685790183093,1.0,False,1.0,,aeb3012ec9b03ec7,0.0,,,,0.0,0.1914774193548387,0.1914774193548387,ok,,keep,96.94892361111111,0.011777777777777776,0.011777777777777776,0.011777777777777776,0.011777777777777776,0.011777777777777776,0.011777777777777776,0.011777777777777776,0.894,0.011777777777777776,0.011777777777777776
889,sheep_000889.jpeg,data/demo/images/sheep_000889.jpeg,sheep,sheep,0.904,train,animals10,ann_2,True,True,,0.09599999999999997,0.2289329770417035,0.04838709677419355,300,157,1905.6896811189097,104.363949044586,59.35524974867652,0.7,False,1.0,,a6cda65ea1b241b3,0.0,,,,0.0,0.1884774193548387,0.1884774193548387,ok,,keep,96.94892361111111,0.010666666666666665,0.010666666666666665,0.010666666666666665,0.010666666666666665,0.010666666666666665,0.010666666666666665,0.010666666666666665,0.904,0.010666666666666665,0.010666666666666665
890,sheep_000890.jpeg,data/demo/images/sheep_000890.jpeg,sheep,sheep,0.963,train,animals10,ann_2,True,True,,0.03700000000000003,0.10405139021490523,0.04838709677419355,300,200,914.3426014308334,131.33763333333334,41.8652250728321,0.7,False,1.0,,b607cdb063098cf7,0.0,,,,0.0,0.1707774193548387,0.1707774193548387,ok,,keep,96.94892361111111,0.004111111111111115,0.004111111111111115,0.004111111111111115,0.004111111111111115,0.004111111111111115,0.004111111111111115,0.004111111111111115,0.963,0.004111111111111115,0.004111111111111115
891,sheep_000891.jpeg,data/demo/images/sheep_000891.jpeg,sheep,sheep,0.943,train,animals10,ann_2,True,True,,0.05700000000000005,0.14934242567046443,0.04838709677419355,300,200,3907.8023848888893,129.36358333333334,52.078791177340655,0.7,False,1.0,,c1161a6a6bc74d6e,0.0,,,,0.0,0.1767774193548387,0.1767774193548387,ok,,keep,96.94892361111111,0.006333333333333339,0.006333333333333339,0.006333333333333339,0.006333333333333339,0.006333333333333339,0.006333333333333339,0.006333333333333339,0.943,0.006333333333333339,0.006333333333333339
892,sheep_000892.jpeg,data/demo/images/sheep_000892.jpeg,sheep,sheep,0.942,train,animals10,ann_4,True,True,,0.05800000000000005,0.15151128714699558,0.04838709677419355,300,201,2865.75085854613,128.32747927031508,31.36356757331964,0.7,False,1.0,,93f80ea7f119d826,0.0,,,,0.0,0.17707741935483873,0.17707741935483873,ok,,keep,96.94892361111111,0.0064444444444444506,0.0064444444444444506,0.0064444444444444506,0.0064444444444444506,0.0064444444444444506,0.0064444444444444506,0.0064444444444444506,0.942,0.0064444444444444506,0.0064444444444444506
893,sheep_000893.jpg,data/demo/images/sheep_000893.jpg,sheep,sheep,0.974,train,animals10,ann_4,True,True,,0.026000000000000023,0.07716456985546556,0.04838709677419355,640,370,10753.502212700803,125.55472972972973,49.935089314623106,1.0,False,1.0,,a3f48c7a662f19d0,0.0,,,,0.0,0.1674774193548387,0.1674774193548387,ok,,keep,96.94892361111111,0.0028888888888888914,0.0028888888888888914,0.0028888888888888914,0.0028888888888888914,0.0028888888888888914,0.0028888888888888914,0.0028888888888888914,0.974,0.0028888888888888914,0.0028888888888888914
894,sheep_000894.jpeg,data/demo/images/sheep_000894.jpeg,sheep,sheep,0.858,train,animals10,ann_2,True,True,,0.14200000000000002,0.3129453941208562,0.04838709677419355,300,225,5335.563963719287,111.77398518518518,45.02149937743492,0.7,False,1.0,,d5d5523637e062e2,0.0,,,,0.0,0.20227741935483873,0.20227741935483873,ok,,keep,96.94892361111111,0.01577777777777778,0.01577777777777778,0.01577777777777778,0.01577777777777778,0.01577777777777778,0.01577777777777778,0.01577777777777778,0.858,0.01577777777777778,0.01577777777777778
895,sheep_000895.jpg,data/demo/images/sheep_000895.jpg,sheep,sheep,0.964,train,animals10,ann_3,True,True,,0.03600000000000003,0.10167557528692023,0.04838709677419355,640,469,1342.323190911975,107.84850079957356,40.13617091729999,1.0,False,1.0,,cfc83033d39e6139,0.0,,,,0.0,0.1704774193548387,0.1704774193548387,ok,,keep,96.94892361111111,0.0040000000000000036,0.0040000000000000036,0.0040000000000000036,0.0040000000000000036,0.0040000000000000036,0.0040000000000000036,0.0040000000000000036,0.964,0.0040000000000000036,0.0040000000000000036
896,sheep_000896.jpeg,data/demo/images/sheep_000896.jpeg,sheep,sheep,0.921,train,animals10,ann_4,True,True,,0.07899999999999996,0.19538949427951927,0.04838709677419355,300,225,3390.372574237805,95.67791111111111,49.56603742639774,0.7,False,1.0,,80c53b9ec1626fb3,0.0,,,,0.0,0.1833774193548387,0.1833774193548387,ok,,keep,96.94892361111111,0.008777777777777773,0.008777777777777773,0.008777777777777773,0.008777777777777773,0.008777777777777773,0.008777777777777773,0.008777777777777773,0.921,0.008777777777777773,0.008777777777777773
897,sheep_000897.jpeg,data/demo/images/sheep_000897.jpeg,sheep,sheep,0.973,train,animals10,ann_3,True,True,,0.027000000000000024,0.0796839281985186,0.04838709677419355,300,199,5795.184586159159,94.38793969849246,64.79796346301701,0.7,False,1.0,,b464c9fef0b4c4c4,0.0,,,,0.0,0.1677774193548387,0.1677774193548387,ok,,keep,96.94892361111111,0.0030000000000000027,0.0030000000000000027,0.0030000000000000027,0.0030000000000000027,0.0030000000000000027,0.0030000000000000027,0.0030000000000000027,0.973,0.0030000000000000027,0.0030000000000000027
898,sheep_000898.jpeg,data/demo/images/sheep_000898.jpeg,sheep,sheep,0.827,train,animals10,ann_1,True,True,,0.17300000000000004,0.3651249175488208,0.04838709677419355,300,225,5982.157990939039,120.08474074074074,59.51711578074588,0.7,False,1.0,,f39c84d7d2a05f28,0.0,,,,0.0,0.2115774193548387,0.2115774193548387,ok,,keep,96.94892361111111,0.019222222222222227,0.019222222222222227,0.019222222222222227,0.019222222222222227,0.019222222222222227,0.019222222222222227,0.019222222222222227,0.827,0.019222222222222227,0.019222222222222227
899,sheep_000899.jpeg,data/demo/images/sheep_000899.jpeg,sheep,sheep,0.824,train,animals10,ann_3,True,True,,0.17600000000000005,0.3700124253446628,0.04838709677419355,300,249,2208.355852797356,121.37449799196787,50.93665941150516,0.7,False,1.0,,f0c0872b7acf94d8,0.0,,,,0.0,0.21247741935483871,0.21247741935483871,ok,,keep,96.94892361111111,0.019555555555555562,0.019555555555555562,0.019555555555555562,0.019555555555555562,0.019555555555555562,0.019555555555555562,0.019555555555555562,0.824,0.019555555555555562,0.019555555555555562
900,sheep_000900.jpg,data/demo/images/sheep_000900.jpg,sheep,sheep,0.979,train,animals10,ann_4,True,True,,0.02100000000000002,0.06429622789059766,0.04838709677419355,640,437,3163.4147983349135,134.08666690503432,54.579839983646686,1.0,False,1.0,,eba7949ac8c86533,0.0,,,,0.0,0.1659774193548387,0.1659774193548387,ok,,keep,96.94892361111111,0.0023333333333333353,0.0023333333333333353,0.0023333333333333353,0.0023333333333333353,0.0023333333333333353,0.0023333333333333353,0.0023333333333333353,0.979,0.0023333333333333353,0.0023333333333333353
901,sheep_000901.jpeg,data/demo/images/sheep_000901.jpeg,sheep,sheep,0.821,train,animals10,ann_1,True,True,,0.17900000000000005,0.37487298030623273,0.04838709677419355,300,201,1714.487359589834,136.78529021558873,37.534288834992076,0.7,False,1.0,,92cb6e663898b873,0.0,,,,0.0,0.21337741935483873,0.21337741935483873,ok,,keep,96.94892361111111,0.019888888888888893,0.019888888888888893,0.019888888888888893,0.019888888888888893,0.019888888888888893,0.019888888888888893,0.019888888888888893,0.821,0.019888888888888893,0.019888888888888893
902,sheep_000902.jpeg,data/demo/images/sheep_000902.jpeg,horse,sheep,0.894,train,animals10,ann_3,True,True,,0.10599999999999998,0.24797153813600767,0.016129032258064516,300,188,1921.4517768208339,114.69083333333333,45.90442817312182,0.7,False,1.0,,c19f3a3867e4c435,0.0,,,,0.894,0.40852580645161285,0.40852580645161285,suspected_label_error,model_disagreement;suspected_label_error,recheck_label,96.94892361111111,0.011777777777777776,0.011777777777777776,0.011777777777777776,0.011777777777777776,0.011777777777777776,0.011777777777777776,0.011777777777777776,0.894,0.011777777777777776,0.011777777777777776
903,sheep_000903.jpeg,data/demo/images/sheep_000903.jpeg,sheep,sheep,0.89,train,animals10,ann_4,True,True,,0.10999999999999999,0.25545637041400393,0.04838709677419355,300,192,3149.7888276897665,128.99647569444446,60.39442611971133,0.7,False,1.0,,be42d23eb9d81616,1.0,dup_3,913,0.0,0.0,0.0,0.0,duplicate,duplicate,exclude_duplicate,96.94892361111111,0.012222222222222221,0.012222222222222221,0.012222222222222221,0.012222222222222221,0.012222222222222221,0.012222222222222221,0.012222222222222221,0.89,0.012222222222222221,0.012222222222222221
904,sheep_000904.jpeg,data/demo/images/sheep_000904.jpeg,sheep,sheep,0.892,train,animals10,ann_3,True,True,,0.10799999999999998,0.2517229709804101,0.04838709677419355,300,225,3650.662434180741,137.89825185185185,41.6570540367181,0.7,False,1.0,,a7d85ba3a528c8cd,0.0,,,,0.0,0.19207741935483869,0.19207741935483869,ok,,keep,96.94892361111111,0.011999999999999999,0.011999999999999999,0.011999999999999999,0.011999999999999999,0.011999999999999999,0.011999999999999999,0.011999999999999999,0.892,0.011999999999999999,0.011999999999999999
905,sheep_000905.jpeg,data/demo/images/sheep_000905.jpeg,sheep,cow,0.539,train,animals10,ann_3,True,True,,0.46099999999999997,0.7396133214683038,0.04838709677419355,300,225,996.2935500069137,126.57902222222222,55.706350126150646,0.7,False,1.0,,96f8d1663519ce98,0.0,,,,0.4877777777777778,0.4199218637992832,0.4199218637992832,hard_example,model_disagreement;high_entropy;low_confidence,send_to_review,96.94892361111111,0.05122222222222222,0.05122222222222222,0.05122222222222222,0.539,0.05122222222222222,0.05122222222222222,0.05122222222222222,0.05122222222222222,0.05122222222222222,0.05122222222222222
906,sheep_000906.jpg,data/demo/images/sheep_000906.jpg,sheep,sheep,0.861,train,animals10,ann_3,True,True,,0.139,0.30772293383220556,0.04838709677419355,640,499,3546.0865337918053,107.44001127254509,53.930585416687684,1.0,False,1.0,,b98c5bd2855a6a8d,0.0,,,,0.0,0.20137741935483872,0.20137741935483872,ok,,keep,96.94892361111111,0.015444444444444446,0.015444444444444446,0.015444444444444446,0.015444444444444446,0.015444444444444446,0.015444444444444446,0.015444444444444446,0.861,0.015444444444444446,0.015444444444444446
907,sheep_000907.jpeg,data/demo/images/sheep_000907.jpeg,horse,sheep,0.87,train,animals10,ann_2,True,True,,0.13,0.2918571363060806,0.016129032258064516,300,225,1421.6750084764883,122.16746666666667,71.9707501241586,0.7,False,1.0,,cb94e4b8c3af6438,0.0,,,,0.87,0.40972580645161294,0.40972580645161294,suspected_label_error,model_disagreement;suspected_label_error,recheck_label,96.94892361111111,0.014444444444444446,0.014444444444444446,0.014444444444444446,0.014444444444444446,0.014444444444444446,0.014444444444444446,0.014444444444444446,0.87,0.014444444444444446,0.014444444444444446
908,sheep_000908.jpg,data/demo/images/sheep_000908.jpg,sheep,horse,0.674,train,animals10,ann_4,True,True,,0.32599999999999996,0.5852573458473214,0.04838709677419355,640,426,355.2835763664895,157.77610401995304,72.39652467121076,1.0,False,1.0,,a083df468d7518b7,0.0,,,,0.6377777777777778,0.4169218637992832,0.4169218637992832,suspected_label_error,model_disagreement;suspected_label_error,recheck_label,96.94892361111111,0.03622222222222222,0.03622222222222222,0.03622222222222222,0.03622222222222222,0.03622222222222222,0.03622222222222222,0.674,0.03622222222222222,0.03622222222222222,0.03622222222222222
909,sheep_000909.jpeg,data/demo/images/sheep_000909.jpeg,sheep,sheep,0.891,train,animals10,ann_1,True,True,,0.10899999999999999,0.2535919066135583,0.04838709677419355,300,200,1826.8464419641664,134.79436666666666,37.47461516278571,0.7,False,1.0,,93d9499369257267,0.0,,,,0.0,0.1923774193548387,0.1923774193548387,ok,,keep,96.94892361111111,0.012111111111111109,0.012111111111111109,0.012111111111111109,0.012111111111111109,0.012111111111111109,0.012111111111111109,0.012111111111111109,0.891,0.012111111111111109,0.012111111111111109
910,sheep_000910.jpg,data/demo/images/sheep_000910.jpg,sheep,sheep,0.877,train,animals10,ann_4,True,True,,0.123,0.27930285222902873,0.04838709677419355,640,426,1208.9939648321265,76.91672535211268,28.25560009647455,1.0,False,1.0,,c1b4655a2b94a57b,0.0,,,,0.0,0.1965774193548387,0.1965774193548387,ok,,keep,96.94892361111111,0.013666666666666667,0.013666666666666667,0.013666666666666667,0.013666666666666667,0.013666666666666667,0.013666666666666667,0.013666666666666667,0.877,0.013666666666666667,0.013666666666666667
911,sheep_000911.jpg,data/demo/images/sheep_000911.jpg,sheep,sheep,0.931,train,animals10,ann_4,True,True,,0.06899999999999995,0.17486998855386815,0.04838709677419355,640,426,1336.5294797951394,112.10105633802817,26.658128793115754,1.0,False,1.0,,b6c7493176ccd928,0.0,,,,0.0,0.1803774193548387,0.1803774193548387,ok,,keep,96.94892361111111,0.007666666666666661,0.007666666666666661,0.007666666666666661,0.007666666666666661,0.007666666666666661,0.007666666666666661,0.007666666666666661,0.931,0.007666666666666661,0.007666666666666661
912,sheep_000912.jpeg,data/demo/images/sheep_000912.jpeg,sheep,sheep,0.876,train,animals10,ann_2,True,True,,0.124,0.2811081808641757,0.04838709677419355,300,169,5113.830042192733,127.50745562130177,49.19693592665607,0.7,False,1.0,,e6e769a88c9c0f89,0.0,,,,0.0,0.1968774193548387,0.1968774193548387,ok,,keep,96.94892361111111,0.013777777777777778,0.013777777777777778,0.013777777777777778,0.013777777777777778,0.013777777777777778,0.013777777777777778,0.013777777777777778,0.876,0.013777777777777778,0.013777777777777778
913,sheep_000913.jpeg,data/demo/images/sheep_000913.jpeg,sheep,sheep,0.928,train,animals10,ann_4,True,True,,0.07199999999999995,0.1810929946625314,0.04838709677419355,300,192,6032.492760628858,128.86149305555554,61.2536117120516,0.7,False,1.0,,be42d23eb9d81616,1.0,dup_3,903,0.0,0.0,0.0,0.0,duplicate,duplicate,exclude_duplicate,96.94892361111111,0.007999999999999995,0.007999999999999995,0.007999999999999995,0.007999999999999995,0.007999999999999995,0.007999999999999995,0.007999999999999995,0.928,0.007999999999999995,0.007999999999999995
914,sheep_000914.jpeg,data/demo/images/sheep_000914.jpeg,sheep,sheep,0.957,train,animals10,ann_3,True,True,,0.04300000000000004,0.11806055552058514,0.04838709677419355,300,200,821.9447037233333,132.8292,53.550611207467405,0.7,False,1.0,,ad56593e4658192f,0.0,,,,0.0,0.17257741935483872,0.17257741935483872,ok,,keep,96.94892361111111,0.004777777777777782,0.004777777777777782,0.004777777777777782,0.004777777777777782,0.004777777777777782,0.004777777777777782,0.004777777777777782,0.957,0.004777777777777782,0.004777777777777782
915,sheep_000915.jpeg,data/demo/images/sheep_000915.jpeg,sheep,sheep,0.91,train,animals10,ann_3,True,True,,0.08999999999999997,0.21727232864486018,0.04838709677419355,300,245,3234.1255857141005,124.03274829931972,52.61276482743505,0.7,False,1.0,,ed4a523d3de0b4a8,0.0,,,,0.0,0.1866774193548387,0.1866774193548387,ok,,keep,96.94892361111111,0.009999999999999997,0.009999999999999997,0.009999999999999997,0.009999999999999997,0.009999999999999997,0.009999999999999997,0.009999999999999997,0.91,0.009999999999999997,0.009999999999999997
916,sheep_000916.jpeg,data/demo/images/sheep_000916.jpeg,sheep,sheep,0.865,train,animals10,ann_4,True,True,,0.135,0.30070874272747405,0.04838709677419355,300,225,10512.593604999507,134.7051111111111,64.95397792245382,0.7,False,1.0,,f8d3c368a9a4d09e,0.0,,,,0.0,0.2001774193548387,0.2001774193548387,ok,,keep,96.94892361111111,0.015000000000000001,0.015000000000000001,0.015000000000000001,0.015000000000000001,0.015000000000000001,0.015000000000000001,0.015000000000000001,0.865,0.015000000000000001,0.015000000000000001
917,sheep_000917.jpeg,data/demo/images/sheep_000917.jpeg,sheep,sheep,0.941,train,animals10,ann_3,True,True,,0.05900000000000005,0.1536721993820405,0.04838709677419355,250,300,164.97953084000002,109.65808,39.58800252661067,0.7,False,1.0,,a59416333e696bcc,0.0,,,,0.0,0.17737741935483872,0.17737741935483872,ok,,keep,96.94892361111111,0.006555555555555561,0.006555555555555561,0.006555555555555561,0.006555555555555561,0.006555555555555561,0.006555555555555561,0.006555555555555561,0.941,0.006555555555555561,0.006555555555555561
918,sheep_000918.jpg,data/demo/images/sheep_000918.jpg,sheep,sheep,0.861,train,animals10,ann_1,True,True,,0.139,0.30772293383220556,0.04838709677419355,640,427,1160.3865719256632,115.79694818501171,44.9969126516539,1.0,False,1.0,,b699c96667309b91,0.0,,,,0.0,0.20137741935483872,0.20137741935483872,ok,,keep,96.94892361111111,0.015444444444444446,0.015444444444444446,0.015444444444444446,0.015444444444444446,0.015444444444444446,0.015444444444444446,0.015444444444444446,0.861,0.015444444444444446,0.015444444444444446
919,sheep_000919.jpeg,data/demo/images/sheep_000919.jpeg,sheep,sheep,0.839,train,animals10,ann_2,True,True,,0.16100000000000003,0.34529778850037923,0.04838709677419355,300,186,655.4207506327,126.24955197132617,40.17700709909646,0.7,False,1.0,,bc8cc263e52cbc1e,0.0,,,,0.0,0.2079774193548387,0.2079774193548387,ok,,keep,96.94892361111111,0.01788888888888889,0.01788888888888889,0.01788888888888889,0.01788888888888889,0.01788888888888889,0.01788888888888889,0.01788888888888889,0.839,0.01788888888888889,0.01788888888888889
920,sheep_000920.jpeg,data/demo/images/sheep_000920.jpeg,sheep,sheep,0.933,train,animals10,ann_3,True,True,,0.06699999999999995,0.17068765839305025,0.04838709677419355,300,225,2424.2185869950067,111.17035555555556,50.88768840138588,0.7,False,1.0,,d1d665e4eac5ca42,0.0,,,,0.0,0.17977741935483868,0.17977741935483868,ok,,keep,96.94892361111111,0.007444444444444438,0.007444444444444438,0.007444444444444438,0.007444444444444438,0.007444444444444438,0.007444444444444438,0.007444444444444438,0.933,0.007444444444444438,0.007444444444444438
921,sheep_000921.jpeg,data/demo/images/sheep_000921.jpeg,sheep,sheep,0.856,train,animals10,ann_3,True,True,,0.14400000000000002,0.316409175590959,0.04838709677419355,300,186,2907.4132615202784,136.0002329749104,53.55062271807966,0.7,False,1.0,,a45239bd6c94ccc7,0.0,,,,0.0,0.20287741935483872,0.20287741935483872,ok,,keep,96.94892361111111,0.016,0.016,0.016,0.016,0.016,0.016,0.016,0.856,0.016,0.016
922,sheep_000922.jpeg,data/demo/images/sheep_000922.jpeg,sheep,sheep,0.904,train,animals10,ann_2,True,True,,0.09599999999999997,0.2289329770417035,0.04838709677419355,300,240,3097.2582293333335,98.41163888888889,59.686078295646496,0.7,False,1.0,,c43a3ba3d4580be7,0.0,,,,0.0,0.1884774193548387,0.1884774193548387,ok,,keep,96.94892361111111,0.010666666666666665,0.010666666666666665,0.010666666666666665,0.010666666666666665,0.010666666666666665,0.010666666666666665,0.010666666666666665,0.904,0.010666666666666665,0.010666666666666665
923,sheep_000923.jpeg,data/demo/images/sheep_000923.jpeg,sheep,elephant,0.565,train,animals10,ann_2,True,True,,0.43500000000000005,0.7124452874699114,0.04838709677419355,300,225,4791.857009437805,114.33491851851852,42.19232956391953,0.7,False,1.0,,9ad769009c76656b,0.0,,,,0.5166666666666666,0.4193440860215054,0.4193440860215054,suspected_label_error,model_disagreement;suspected_label_error;high_entropy,recheck_label,96.94892361111111,0.04833333333333334,0.04833333333333334,0.04833333333333334,0.04833333333333334,0.04833333333333334,0.565,0.04833333333333334,0.04833333333333334,0.04833333333333334,0.04833333333333334
924,sheep_000924.jpeg,data/demo/images/sheep_000924.jpeg,sheep,sheep,0.97,train,animals10,ann_3,True,True,,0.030000000000000027,0.08714505106038822,0.04838709677419355,300,200,695.4034445233334,174.22005,46.073629058976536,0.7,False,1.0,,b1cd0ee2083b1f37,0.0,,,,0.0,0.1686774193548387,0.1686774193548387,ok,,keep,96.94892361111111,0.003333333333333336,0.003333333333333336,0.003333333333333336,0.003333333333333336,0.003333333333333336,0.003333333333333336,0.003333333333333336,0.97,0.003333333333333336,0.003333333333333336
925,sheep_000925.jpeg,data/demo/images/sheep_000925.jpeg,sheep,sheep,0.975,train,animals10,ann_4,True,True,,0.025000000000000022,0.07462805787016473,0.04838709677419355,300,261,1711.21135975674,121.93103448275862,57.38224764377419,1.0,False,1.0,,956a4a851bb57b61,0.0,,,,0.0,0.1671774193548387,0.1671774193548387,ok,,keep,96.94892361111111,0.00277777777777778,0.00277777777777778,0.00277777777777778,0.00277777777777778,0.00277777777777778,0.00277777777777778,0.00277777777777778,0.975,0.00277777777777778,0.00277777777777778
926,sheep_000926.jpeg,data/demo/images/sheep_000926.jpeg,sheep,sheep,0.838,train,animals10,ann_4,True,True,,0.16200000000000003,0.3469673622181481,0.04838709677419355,300,200,835.8320305108333,174.1157,58.042180181111966,0.7,False,1.0,,b7ca48fd26728f04,0.0,,,,0.0,0.20827741935483873,0.20827741935483873,ok,,keep,96.94892361111111,0.018000000000000002,0.018000000000000002,0.018000000000000002,0.018000000000000002,0.018000000000000002,0.018000000000000002,0.018000000000000002,0.838,0.018000000000000002,0.018000000000000002
927,sheep_000927.jpeg,data/demo/images/sheep_000927.jpeg,sheep,sheep,0.868,train,animals10,ann_3,True,True,,0.132,0.29540912653067897,0.04838709677419355,300,142,430.1892859529634,141.57915492957747,39.83355719864926,0.7,False,1.0,,979c1f2e2b636161,0.0,,,,0.0,0.19927741935483873,0.19927741935483873,ok,,keep,96.94892361111111,0.014666666666666668,0.014666666666666668,0.014666666666666668,0.014666666666666668,0.014666666666666668,0.014666666666666668,0.014666666666666668,0.868,0.014666666666666668,0.014666666666666668
928,sheep_000928.jpeg,data/demo/images/sheep_000928.jpeg,sheep,sheep,0.945,train,animals10,ann_3,True,True,,0.05500000000000005,0.14498032671278155,0.04838709677419355,300,100,5596.734681062221,153.11913333333334,53.920809284686705,0.3,False,0.75,low_resolution,a59a7825c2668ddb,0.0,,,,0.0,0.1386774193548387,0.1386774193548387,ok,low_resolution,keep,96.94892361111111,0.006111111111111117,0.006111111111111117,0.006111111111111117,0.006111111111111117,0.006111111111111117,0.006111111111111117,0.006111111111111117,0.945,0.006111111111111117,0.006111111111111117
929,sheep_000929.jpeg,data/demo/images/sheep_000929.jpeg,sheep,sheep,0.841,train,animals10,ann_2,True,True,,0.15900000000000003,0.3419489794249121,0.04838709677419355,300,236,1192.0150455789765,156.29031073446328,52.14039594373043,0.7,False,1.0,,b311904ccdce6d6d,0.0,,,,0.0,0.20737741935483872,0.20737741935483872,ok,,keep,96.94892361111111,0.01766666666666667,0.01766666666666667,0.01766666666666667,0.01766666666666667,0.01766666666666667,0.01766666666666667,0.01766666666666667,0.841,0.01766666666666667,0.01766666666666667
930,sheep_000930.jpeg,data/demo/images/sheep_000930.jpeg,butterfly,dog,0.58,train,animals10,ann_3,True,True,,0.42000000000000004,0.69622891138795,0.024193548387096774,300,200,7169.737362886389,118.75855,76.49822580882186,0.7,False,1.0,,988727a876338fe2,0.0,,,,0.5333333333333333,0.4141720430107526,0.4141720430107526,suspected_label_error,model_disagreement;suspected_label_error;high_entropy,recheck_label,96.94892361111111,0.04666666666666667,0.04666666666666667,0.04666666666666667,0.04666666666666667,0.58,0.04666666666666667,0.04666666666666667,0.04666666666666667,0.04666666666666667,0.04666666666666667
931,sheep_000931.jpeg,data/demo/images/sheep_000931.jpeg,sheep,squirrel,0.501,train,animals10,ann_1,True,True,,0.499,0.7771961349417166,0.04838709677419355,300,220,1238.3151834322773,104.3859393939394,65.24576142645236,0.7,False,1.0,,e5da0e1735a1c2bc,0.0,,,,0.44555555555555554,0.4207663082437276,0.4207663082437276,hard_example,model_disagreement;high_entropy;low_confidence,send_to_review,96.94892361111111,0.05544444444444444,0.05544444444444444,0.05544444444444444,0.05544444444444444,0.05544444444444444,0.05544444444444444,0.05544444444444444,0.05544444444444444,0.05544444444444444,0.501
932,sheep_000932.jpeg,data/demo/images/sheep_000932.jpeg,sheep,sheep,0.938,train,animals10,ann_3,True,True,,0.062000000000000055,0.16010848409383951,0.04838709677419355,300,149,4167.054977103133,143.588322147651,49.62523585485651,0.7,False,1.0,,9011a9afaf3e0ee1,0.0,,,,0.0,0.1782774193548387,0.1782774193548387,ok,,keep,96.94892361111111,0.006888888888888895,0.006888888888888895,0.006888888888888895,0.006888888888888895,0.006888888888888895,0.006888888888888895,0.006888888888888895,0.938,0.006888888888888895,0.006888888888888895
933,sheep_000933.jpg,data/demo/images/sheep_000933.jpg,sheep,sheep,0.853,train,animals10,ann_4,True,True,,0.14700000000000002,0.321578472750757,0.04838709677419355,640,426,7496.698682603379,97.63247505868544,39.772527409855996,1.0,False,1.0,,be42d929cfe801c7,0.0,,,,0.0,0.20377741935483873,0.20377741935483873,ok,,keep,96.94892361111111,0.016333333333333335,0.016333333333333335,0.016333333333333335,0.016333333333333335,0.016333333333333335,0.016333333333333335,0.016333333333333335,0.853,0.016333333333333335,0.016333333333333335
934,sheep_000934.jpg,data/demo/images/sheep_000934.jpg,sheep,sheep,0.877,train,animals10,ann_4,True,True,,0.123,0.27930285222902873,0.04838709677419355,640,371,868.5759201217269,108.25039167789757,40.43070438091266,1.0,False,1.0,,9cc0c737393b113b,0.0,,,,0.0,0.1965774193548387,0.1965774193548387,ok,,keep,96.94892361111111,0.013666666666666667,0.013666666666666667,0.013666666666666667,0.013666666666666667,0.013666666666666667,0.013666666666666667,0.013666666666666667,0.877,0.013666666666666667,0.013666666666666667
935,sheep_000935.jpg,data/demo/images/sheep_000935.jpg,sheep,sheep,0.92,train,animals10,ann_4,True,True,,0.07999999999999996,0.19740739629493498,0.04838709677419355,640,383,1727.7561234377126,104.54808257180157,40.335186544448106,1.0,False,1.0,,8c9c96c7cc2f3313,0.0,,,,0.0,0.1836774193548387,0.1836774193548387,ok,,keep,96.94892361111111,0.008888888888888884,0.008888888888888884,0.008888888888888884,0.008888888888888884,0.008888888888888884,0.008888888888888884,0.008888888888888884,0.92,0.008888888888888884,0.008888888888888884
936,sheep_000936.jpeg,data/demo/images/sheep_000936.jpeg,sheep,sheep,0.889,train,animals10,ann_1,True,True,,0.11099999999999999,0.2573163980569815,0.04838709677419355,300,188,1236.1922447361803,78.2975354609929,46.11738031345333,0.7,False,1.0,,c4c31b3b3b733834,0.0,,,,0.0,0.1929774193548387,0.1929774193548387,ok,,keep,96.94892361111111,0.012333333333333332,0.012333333333333332,0.012333333333333332,0.012333333333333332,0.012333333333333332,0.012333333333333332,0.012333333333333332,0.889,0.012333333333333332,0.012333333333333332
937,sheep_000937.jpeg,data/demo/images/sheep_000937.jpeg,sheep,sheep,0.971,val,animals10,ann_3,True,True,,0.029000000000000026,0.08467361425105384,0.04838709677419355,300,225,1163.0293724409328,119.53419259259259,37.872369305240696,0.7,False,1.0,,e5ed9a92244dc9b2,0.0,,,,0.0,0.16837741935483871,0.16837741935483871,ok,,keep,96.94892361111111,0.0032222222222222253,0.0032222222222222253,0.0032222222222222253,0.0032222222222222253,0.0032222222222222253,0.0032222222222222253,0.0032222222222222253,0.971,0.0032222222222222253,0.0032222222222222253
938,sheep_000938.jpeg,data/demo/images/sheep_000938.jpeg,sheep,sheep,0.85,val,animals10,ann_3,True,True,,0.15000000000000002,0.3267165963574531,0.04838709677419355,300,225,1597.031413918025,128.42585185185186,64.94652317424311,0.7,False,1.0,,c96f3eb0c1cd1d90,0.0,,,,0.0,0.2046774193548387,0.2046774193548387,ok,,keep,96.94892361111111,0.01666666666666667,0.01666666666666667,0.01666666666666667,0.01666666666666667,0.01666666666666667,0.01666666666666667,0.01666666666666667,0.85,0.01666666666666667,0.01666666666666667
939,sheep_000939.jpeg,data/demo/images/sheep_000939.jpeg,sheep,sheep,0.832,val,animals10,ann_3,True,True,,0.16800000000000004,0.3569181704390346,0.04838709677419355,242,300,2937.739565090423,159.5313223140496,62.72351204943983,0.7,False,1.0,,add0d22fcc84f98a,0.0,,,,0.0,0.2100774193548387,0.2100774193548387,ok,,keep,96.94892361111111,0.01866666666666667,0.01866666666666667,0.01866666666666667,0.01866666666666667,0.01866666666666667,0.01866666666666667,0.01866666666666667,0.832,0.01866666666666667,0.01866666666666667
940,sheep_000940.jpg,data/demo/images/sheep_000940.jpg,cow,sheep,0.849,val,animals10,ann_4,True,True,,0.15100000000000002,0.32842246652400897,0.056451612903225805,640,426,1922.9705933825137,91.57004107981221,43.784699120937084,1.0,False,1.0,,93de6a3d94a4a263,0.0,,,,0.849,0.4188403225806452,0.4188403225806452,suspected_label_error,model_disagreement;suspected_label_error,recheck_label,96.94892361111111,0.01677777777777778,0.01677777777777778,0.01677777777777778,0.01677777777777778,0.01677777777777778,0.01677777777777778,0.01677777777777778,0.849,0.01677777777777778,0.01677777777777778
941,sheep_000941.jpeg,data/demo/images/sheep_000941.jpeg,sheep,sheep,0.842,val,animals10,ann_2,True,True,,0.15800000000000003,0.34026971136696504,0.04838709677419355,300,253,2498.3939366129066,114.82945981554677,62.380752805052495,0.7,False,1.0,,9264ed5b9765a056,0.0,,,,0.0,0.2070774193548387,0.2070774193548387,ok,,keep,96.94892361111111,0.01755555555555556,0.01755555555555556,0.01755555555555556,0.01755555555555556,0.01755555555555556,0.01755555555555556,0.01755555555555556,0.842,0.01755555555555556,0.01755555555555556
942,sheep_000942.jpeg,data/demo/images/sheep_000942.jpeg,sheep,sheep,0.849,val,animals10,ann_4,True,True,,0.15100000000000002,0.32842246652400897,0.04838709677419355,300,202,4798.57037142083,108.25344884488449,56.84169585300392,0.7,False,1.0,,acaa894cf8b28e9d,0.0,,,,0.0,0.2049774193548387,0.2049774193548387,ok,,keep,96.94892361111111,0.01677777777777778,0.01677777777777778,0.01677777777777778,0.01677777777777778,0.01677777777777778,0.01677777777777778,0.01677777777777778,0.849,0.01677777777777778,0.01677777777777778
943,sheep_000943.jpeg,data/demo/images/sheep_000943.jpeg,sheep,dog,0.503,val,animals10,ann_4,True,True,,0.497,0.7752807011648021,0.04838709677419355,300,246,3708.844717679622,92.94878048780488,65.4298132810454,0.7,False,1.0,,d029695f9f44f078,0.0,,,,0.4477777777777778,0.4207218637992831,0.4207218637992831,hard_example,model_disagreement;high_entropy;low_confidence,send_to_review,96.94892361111111,0.05522222222222222,0.05522222222222222,0.05522222222222222,0.05522222222222222,0.503,0.05522222222222222,0.05522222222222222,0.05522222222222222,0.05522222222222222,0.05522222222222222
944,sheep_000944.jpeg,data/demo/images/sheep_000944.jpeg,sheep,sheep,0.939,val,animals10,ann_4,True,True,,0.061000000000000054,0.1579706776593194,0.04838709677419355,300,225,210.50173320691357,95.56586666666666,42.293425836524875,0.7,False,1.0,,d2973648cd49497b,0.0,,,,0.0,0.1779774193548387,0.1779774193548387,ok,,keep,96.94892361111111,0.006777777777777784,0.006777777777777784,0.006777777777777784,0.006777777777777784,0.006777777777777784,0.006777777777777784,0.006777777777777784,0.939,0.006777777777777784,0.006777777777777784
945,sheep_000945.jpeg,data/demo/images/sheep_000945.jpeg,sheep,sheep,0.824,val,animals10,ann_3,True,True,,0.17600000000000005,0.3700124253446628,0.04838709677419355,300,219,2114.2422648902234,126.09299847792998,45.20385481119364,0.7,False,1.0,,aba66126c34f9c99,0.0,,,,0.0,0.21247741935483871,0.21247741935483871,ok,,keep,96.94892361111111,0.019555555555555562,0.019555555555555562,0.019555555555555562,0.019555555555555562,0.019555555555555562,0.019555555555555562,0.019555555555555562,0.824,0.019555555555555562,0.019555555555555562
946,sheep_000946.jpg,data/demo/images/sheep_000946.jpg,sheep,sheep,0.911,val,animals10,ann_3,True,True,,0.08899999999999997,0.21531062698335657,0.04838709677419355,640,426,991.6847601912445,143.8252420774648,38.34975740932342,1.0,False,1.0,,9aa5e45398a5e713,0.0,,,,0.0,0.1863774193548387,0.1863774193548387,ok,,keep,96.94892361111111,0.009888888888888885,0.009888888888888885,0.009888888888888885,0.009888888888888885,0.009888888888888885,0.009888888888888885,0.009888888888888885,0.911,0.009888888888888885,0.009888888888888885
947,sheep_000947.jpeg,data/demo/images/sheep_000947.jpeg,sheep,sheep,0.828,val,animals10,ann_1,True,True,,0.17200000000000004,0.3634896955546401,0.04838709677419355,300,225,1583.3637812402742,130.7606074074074,71.05228066348685,0.7,False,1.0,,cdd383842c7b63c6,0.0,,,,0.0,0.21127741935483874,0.21127741935483874,ok,,keep,96.94892361111111,0.019111111111111117,0.019111111111111117,0.019111111111111117,0.019111111111111117,0.019111111111111117,0.019111111111111117,0.019111111111111117,0.828,0.019111111111111117,0.019111111111111117
948,sheep_000948.jpeg,data/demo/images/sheep_000948.jpeg,sheep,sheep,0.89,val,animals10,ann_3,True,True,,0.10999999999999999,0.25545637041400393,0.04838709677419355,300,225,4559.131877728395,121.33942222222223,71.72797238305772,0.7,False,1.0,,eae395bcc296b142,0.0,,,,0.0,0.1926774193548387,0.1926774193548387,ok,,keep,96.94892361111111,0.012222222222222221,0.012222222222222221,0.012222222222222221,0.012222222222222221,0.012222222222222221,0.012222222222222221,0.012222222222222221,0.89,0.012222222222222221,0.012222222222222221
949,sheep_000949.jpeg,data/demo/images/sheep_000949.jpeg,sheep,dog,0.493,test,animals10,ann_1,True,True,,0.507,0.784788381357117,0.04838709677419355,300,190,1349.5786128750385,172.40766666666667,38.152819226191305,0.7,False,1.0,,b886c7b1f1c386b8,0.0,,,,0.43666666666666665,0.42094408602150535,0.42094408602150535,hard_example,model_disagreement;high_entropy;low_confidence,send_to_review,96.94892361111111,0.05633333333333333,0.05633333333333333,0.05633333333333333,0.05633333333333333,0.493,0.05633333333333333,0.05633333333333333,0.05633333333333333,0.05633333333333333,0.05633333333333333
950,sheep_000950.jpg,data/demo/images/sheep_000950.jpg,sheep,sheep,0.955,test,animals10,ann_1,True,True,,0.04500000000000004,0.12264312559945706,0.04838709677419355,640,426,832.3610173516726,88.79396640258216,58.335850763336964,1.0,False,1.0,,f09ec3ce8721ac3c,0.0,,,,0.0,0.1731774193548387,0.1731774193548387,ok,,keep,96.94892361111111,0.0050000000000000044,0.0050000000000000044,0.0050000000000000044,0.0050000000000000044,0.0050000000000000044,0.0050000000000000044,0.0050000000000000044,0.955,0.0050000000000000044,0.0050000000000000044
951,sheep_000951.jpeg,data/demo/images/sheep_000951.jpeg,sheep,sheep,0.906,test,animals10,ann_3,True,True,,0.09399999999999997,0.22506662621078755,0.04838709677419355,300,224,3061.217090751665,108.50447916666667,78.68960369665784,0.7,False,1.0,,9696a9296a76d60d,0.0,,,,0.0,0.1878774193548387,0.1878774193548387,ok,,keep,96.94892361111111,0.010444444444444442,0.010444444444444442,0.010444444444444442,0.010444444444444442,0.010444444444444442,0.010444444444444442,0.010444444444444442,0.906,0.010444444444444442,0.010444444444444442
952,sheep_000952.jpeg,data/demo/images/sheep_000952.jpeg,sheep,sheep,0.846,test,animals10,ann_3,True,True,,0.15400000000000003,0.33351982397088215,0.04838709677419355,300,257,1245.7227555966026,99.81466926070038,54.14007949421839,1.0,False,1.0,,bccb03a7943c394d,0.0,,,,0.0,0.20587741935483872,0.20587741935483872,ok,,keep,96.94892361111111,0.017111111111111115,0.017111111111111115,0.017111111111111115,0.017111111111111115,0.017111111111111115,0.017111111111111115,0.017111111111111115,0.846,0.017111111111111115,0.017111111111111115
953,sheep_000953.jpg,data/demo/images/sheep_000953.jpg,sheep,sheep,0.874,test,animals10,ann_4,True,True,,0.126,0.2847068710391291,0.04838709677419355,640,316,1469.3216521798956,150.9072438686709,41.117275746969376,1.0,False,1.0,,ceb2316cde1781e8,0.0,,,,0.0,0.1974774193548387,0.1974774193548387,ok,,keep,96.94892361111111,0.014,0.014,0.014,0.014,0.014,0.014,0.014,0.874,0.014,0.014
954,sheep_000954.jpeg,data/demo/images/sheep_000954.jpeg,sheep,sheep,0.937,test,animals10,ann_2,True,True,,0.06299999999999994,0.16223882247430896,0.04838709677419355,300,199,17030.26243667556,100.21941373534338,63.21661424478708,0.7,False,1.0,,e131bc8ba5e1919b,0.0,,,,0.0,0.17857741935483867,0.17857741935483867,ok,,keep,96.94892361111111,0.006999999999999994,0.006999999999999994,0.006999999999999994,0.006999999999999994,0.006999999999999994,0.006999999999999994,0.006999999999999994,0.937,0.006999999999999994,0.006999999999999994
955,sheep_000955.jpeg,data/demo/images/sheep_000955.jpeg,sheep,sheep,0.841,test,animals10,ann_2,True,True,,0.15900000000000003,0.3419489794249121,0.04838709677419355,300,250,1990.7796014632888,121.10485333333334,80.3409802805838,0.7,False,1.0,,bf3fd250904f98c8,0.0,,,,0.0,0.20737741935483872,0.20737741935483872,ok,,keep,96.94892361111111,0.01766666666666667,0.01766666666666667,0.01766666666666667,0.01766666666666667,0.01766666666666667,0.01766666666666667,0.01766666666666667,0.841,0.01766666666666667,0.01766666666666667
956,sheep_000956.jpg,data/demo/images/sheep_000956.jpg,sheep,sheep,0.857,test,animals10,ann_2,True,True,,0.14300000000000002,0.3146790567611941,0.04838709677419355,640,426,362.43713321332564,91.9342392899061,75.51040924439182,1.0,False,1.0,,8e87355d7a60233d,0.0,,,,0.0,0.2025774193548387,0.2025774193548387,ok,,keep,96.94892361111111,0.01588888888888889,0.01588888888888889,0.01588888888888889,0.01588888888888889,0.01588888888888889,0.01588888888888889,0.01588888888888889,0.857,0.01588888888888889,0.01588888888888889
957,sheep_000957.jpeg,data/demo/images/sheep_000957.jpeg,sheep,elephant,0.542,test,animals10,ann_1,True,True,,0.45799999999999996,0.7365390627506881,0.04838709677419355,300,194,1433.5169910342936,92.1268556701031,43.538999467710234,0.7,False,1.0,,9693696cb4a53e92,0.0,,,,0.49111111111111116,0.41985519713261654,0.41985519713261654,hard_example,model_disagreement;high_entropy;low_confidence,send_to_review,96.94892361111111,0.050888888888888886,0.050888888888888886,0.050888888888888886,0.050888888888888886,0.050888888888888886,0.542,0.050888888888888886,0.050888888888888886,0.050888888888888886,0.050888888888888886
958,sheep_000958.jpg,data/demo/images/sheep_000958.jpg,sheep,sheep,0.96,test,animals10,ann_2,True,True,,0.040000000000000036,0.11110691266352452,0.04838709677419355,640,426,515.1997634363497,90.95950337441315,43.10566748224898,1.0,False,1.0,,929ec23e1a9ee83c,0.0,,,,0.0,0.1716774193548387,0.1716774193548387,ok,,keep,96.94892361111111,0.004444444444444449,0.004444444444444449,0.004444444444444449,0.004444444444444449,0.004444444444444449,0.004444444444444449,0.004444444444444449,0.96,0.004444444444444449,0.004444444444444449
959,sheep_000959.jpeg,data/demo/images/sheep_000959.jpeg,sheep,cow,0.508,test,animals10,ann_4,True,True,,0.492,0.7704617138994309,0.04838709677419355,300,225,1870.5617562196983,140.80074074074074,52.94932951178512,0.7,False,1.0,,94d9cbf6d0a926c1,0.0,,,,0.45333333333333337,0.42061075268817205,0.42061075268817205,hard_example,model_disagreement;high_entropy;low_confidence,send_to_review,96.94892361111111,0.05466666666666667,0.05466666666666667,0.05466666666666667,0.508,0.05466666666666667,0.05466666666666667,0.05466666666666667,0.05466666666666667,0.05466666666666667,0.05466666666666667
960,sheep_000960.jpeg,data/demo/images/sheep_000960.jpeg,sheep,sheep,0.937,test,animals10,ann_1,True,True,,0.06299999999999994,0.16223882247430896,0.04838709677419355,300,200,991.2405834122221,113.64106666666666,71.82888532381817,0.7,False,1.0,,b3db64e3e0e49099,0.0,,,,0.0,0.17857741935483867,0.17857741935483867,ok,,keep,96.94892361111111,0.006999999999999994,0.006999999999999994,0.006999999999999994,0.006999999999999994,0.006999999999999994,0.006999999999999994,0.006999999999999994,0.937,0.006999999999999994,0.006999999999999994
961,spider_000961.jpeg,data/demo/images/spider_000961.jpeg,spider,spider,0.968,train,animals10,ann_4,True,True,,0.03200000000000003,0.09204361077835214,0.03225806451612903,193,300,6170.134248167439,89.37181347150259,61.613479224110705,0.7,False,1.0,,ff4c8603a05cde65,0.0,,,,0.0,0.16605161290322581,0.16605161290322581,ok,,keep,96.94892361111111,0.0035555555555555588,0.0035555555555555588,0.0035555555555555588,0.0035555555555555588,0.0035555555555555588,0.0035555555555555588,0.0035555555555555588,0.0035555555555555588,0.968,0.0035555555555555588
962,spider_000962.jpeg,data/demo/images/spider_000962.jpeg,spider,butterfly,0.506,train,animals10,ann_4,True,True,,0.494,0.7723945210308619,0.03225806451612903,300,249,640.1963555505378,115.03725568942437,34.61414992551188,0.7,False,1.0,,9368d936e095655d,0.0,,,,0.45111111111111113,0.4174293906810036,0.4174293906810036,hard_example,model_disagreement;high_entropy;low_confidence,send_to_review,96.94892361111111,0.506,0.05488888888888889,0.05488888888888889,0.05488888888888889,0.05488888888888889,0.05488888888888889,0.05488888888888889,0.05488888888888889,0.05488888888888889,0.05488888888888889
963,spider_000963.jpeg,data/demo/images/spider_000963.jpeg,spider,spider,0.977,train,animals10,ann_4,True,True,,0.02300000000000002,0.06950084439251457,0.03225806451612903,300,273,447.1811053825431,111.27175824175823,32.47653806592405,1.0,False,1.0,,c49b39639bd8c538,0.0,,,,0.0,0.1633516129032258,0.1633516129032258,ok,,keep,96.94892361111111,0.002555555555555558,0.002555555555555558,0.002555555555555558,0.002555555555555558,0.002555555555555558,0.002555555555555558,0.002555555555555558,0.002555555555555558,0.977,0.002555555555555558
964,spider_000964.jpg,data/demo/images/spider_000964.jpg,spider,spider,0.971,train,animals10,ann_1,True,True,,0.029000000000000026,0.08467361425105384,0.03225806451612903,640,479,767.6458502256294,96.65085464509394,27.547420419895193,1.0,False,1.0,,91e273a056996c7e,0.0,,,,0.0,0.1651516129032258,0.1651516129032258,ok,,keep,96.94892361111111,0.0032222222222222253,0.0032222222222222253,0.0032222222222222253,0.0032222222222222253,0.0032222222222222253,0.0032222222222222253,0.0032222222222222253,0.0032222222222222253,0.971,0.0032222222222222253
965,spider_000965.jpeg,data/demo/images/spider_000965.jpeg,spider,spider,0.87,train,animals10,ann_4,True,True,,0.13,0.2918571363060806,0.03225806451612903,300,199,1011.5361903821172,183.68485762144053,19.74643572413004,0.7,False,0.85,low_contrast,f3e9cc986326c998,0.0,,,,0.0,0.1729516129032258,0.1729516129032258,ok,low_contrast,keep,96.94892361111111,0.014444444444444446,0.014444444444444446,0.014444444444444446,0.014444444444444446,0.014444444444444446,0.014444444444444446,0.014444444444444446,0.014444444444444446,0.87,0.014444444444444446
966,spider_000966.jpg,data/demo/images/spider_000966.jpg,spider,spider,0.904,train,animals10,ann_2,True,True,,0.09599999999999997,0.2289329770417035,0.03225806451612903,640,422,583.3769808944264,209.7659841528436,30.563307172513763,1.0,False,1.0,,ed4b92b46d499493,0.0,,,,0.0,0.18525161290322578,0.18525161290322578,ok,,keep,96.94892361111111,0.010666666666666665,0.010666666666666665,0.010666666666666665,0.010666666666666665,0.010666666666666665,0.010666666666666665,0.010666666666666665,0.010666666666666665,0.904,0.010666666666666665
967,spider_000967.jpeg,data/demo/images/spider_000967.jpeg,spider,spider,0.911,train,animals10,ann_4,True,True,,0.08899999999999997,0.21531062698335657,0.03225806451612903,300,240,2165.7415913099926,180.90770833333335,53.55781763170047,0.7,False,1.0,,e4c99666214c7faa,0.0,,,,0.0,0.1831516129032258,0.1831516129032258,ok,,keep,96.94892361111111,0.009888888888888885,0.009888888888888885,0.009888888888888885,0.009888888888888885,0.009888888888888885,0.009888888888888885,0.009888888888888885,0.009888888888888885,0.911,0.009888888888888885
968,spider_000968.jpeg,data/demo/images/spider_000968.jpeg,spider,spider,0.933,train,animals10,ann_1,True,True,,0.06699999999999995,0.17068765839305028,0.03225806451612903,299,208,466.2070196719762,166.60236043220993,31.476194337424843,0.7,False,1.0,,e86c96139a1ae66e,0.0,,,,0.0,0.1765516129032258,0.1765516129032258,ok,,keep,96.94892361111111,0.007444444444444438,0.007444444444444438,0.007444444444444438,0.007444444444444438,0.007444444444444438,0.007444444444444438,0.007444444444444438,0.007444444444444438,0.933,0.007444444444444438
969,spider_000969.jpeg,data/demo/images/spider_000969.jpeg,spider,spider,0.901,train,animals10,ann_1,True,True,,0.09899999999999998,0.23469508315425525,0.03225806451612903,300,269,774.1449954017587,153.72620817843867,52.713297111009275,1.0,False,1.0,,b1ca8f1e71a546aa,0.0,,,,0.0,0.1861516129032258,0.1861516129032258,ok,,keep,96.94892361111111,0.010999999999999998,0.010999999999999998,0.010999999999999998,0.010999999999999998,0.010999999999999998,0.010999999999999998,0.010999999999999998,0.010999999999999998,0.901,0.010999999999999998
970,spider_000970.jpeg,data/demo/images/spider_000970.jpeg,spider,spider,0.87,train,animals10,ann_3,True,True,,0.13,0.2918571363060806,0.03225806451612903,300,200,2008.3502194266666,99.54113333333333,69.04049807696607,0.7,False,1.0,,886befc19d626287,0.0,,,,0.0,0.1954516129032258,0.1954516129032258,ok,,keep,96.94892361111111,0.014444444444444446,0.014444444444444446,0.014444444444444446,0.014444444444444446,0.014444444444444446,0.014444444444444446,0.014444444444444446,0.014444444444444446,0.87,0.014444444444444446
971,spider_000971.jpeg,data/demo/images/spider_000971.jpeg,dog,spider,0.948,train,animals10,ann_2,True,True,,0.052000000000000046,0.13837412848240416,0.008064516129032258,300,256,1410.9828740965102,175.28001302083334,26.1101546038573,1.0,False,1.0,,811225d91e7f3b39,0.0,,,,0.948,0.4042129032258064,0.4042129032258064,suspected_label_error,model_disagreement;suspected_label_error,recheck_label,96.94892361111111,0.005777777777777783,0.005777777777777783,0.005777777777777783,0.005777777777777783,0.005777777777777783,0.005777777777777783,0.005777777777777783,0.005777777777777783,0.948,0.005777777777777783
972,spider_000972.jpeg,data/demo/images/spider_000972.jpeg,spider,spider,0.96,train,animals10,ann_3,True,True,,0.040000000000000036,0.11110691266352452,0.03225806451612903,300,225,3123.3535394844444,122.42213333333333,58.53183948141831,0.7,False,1.0,,bc0fccbc425e81ae,0.0,,,,0.0,0.1684516129032258,0.1684516129032258,ok,,keep,96.94892361111111,0.004444444444444449,0.004444444444444449,0.004444444444444449,0.004444444444444449,0.004444444444444449,0.004444444444444449,0.004444444444444449,0.004444444444444449,0.96,0.004444444444444449
973,spider_000973.jpg,data/demo/images/spider_000973.jpg,spider,spider,0.856,train,animals10,ann_3,True,True,,0.14400000000000002,0.316409175590959,0.03225806451612903,640,426,2737.9505795185637,115.59862455985916,37.286771425966194,1.0,False,1.0,,8855d33e624f8d47,0.0,,,,0.0,0.1996516129032258,0.1996516129032258,ok,,keep,96.94892361111111,0.016,0.016,0.016,0.016,0.016,0.016,0.016,0.016,0.856,0.016
974,spider_000974.jpeg,data/demo/images/spider_000974.jpeg,spider,cat,0.486,train,animals10,ann_1,True,True,,0.514,0.7913403754838217,0.03225806451612903,300,300,893.5428980933333,185.50008888888888,41.96111533303302,1.0,False,1.0,,a793996cb2119cce,0.0,,,,0.4288888888888889,0.41787383512544807,0.41787383512544807,hard_example,model_disagreement;high_entropy;low_confidence,send_to_review,96.94892361111111,0.05711111111111111,0.486,0.05711111111111111,0.05711111111111111,0.05711111111111111,0.05711111111111111,0.05711111111111111,0.05711111111111111,0.05711111111111111,0.05711111111111111
975,spider_000975.jpeg,data/demo/images/spider_000975.jpeg,spider,spider,0.873,train,animals10,ann_3,True,True,,0.127,0.28650028703948066,0.03225806451612903,300,206,4005.2040716739457,89.72401294498381,56.104974247855985,0.7,False,1.0,,f4c50f731ece3148,0.0,,,,0.0,0.1945516129032258,0.1945516129032258,ok,,keep,96.94892361111111,0.01411111111111111,0.01411111111111111,0.01411111111111111,0.01411111111111111,0.01411111111111111,0.01411111111111111,0.01411111111111111,0.01411111111111111,0.873,0.01411111111111111
976,spider_000976.jpeg,data/demo/images/spider_000976.jpeg,spider,spider,0.86,train,animals10,ann_1,True,True,,0.14,0.3094673539141393,0.03225806451612903,300,263,2476.592315024071,105.97318124207858,34.20228189518755,1.0,False,1.0,,f6c9897692699692,0.0,,,,0.0,0.1984516129032258,0.1984516129032258,ok,,keep,96.94892361111111,0.015555555555555557,0.015555555555555557,0.015555555555555557,0.015555555555555557,0.015555555555555557,0.015555555555555557,0.015555555555555557,0.015555555555555557,0.86,0.015555555555555557
977,spider_000977.jpeg,data/demo/images/spider_000977.jpeg,spider,spider,0.892,train,animals10,ann_2,True,True,,0.10799999999999998,0.2517229709804101,0.03225806451612903,300,200,1743.2505644375,110.69688333333333,61.63066690876971,0.7,False,1.0,,bc3182b6f4aab585,0.0,,,,0.0,0.1888516129032258,0.1888516129032258,ok,,keep,96.94892361111111,0.011999999999999999,0.011999999999999999,0.011999999999999999,0.011999999999999999,0.011999999999999999,0.011999999999999999,0.011999999999999999,0.011999999999999999,0.892,0.011999999999999999
978,spider_000978.jpeg,data/demo/images/spider_000978.jpeg,spider,spider,0.915,train,animals10,ann_3,True,True,,0.08499999999999996,0.2074096992028829,0.03225806451612903,240,190,3456.493808852243,196.338399122807,48.422979439394986,0.7,False,1.0,,a3268d9d3e60e5d1,0.0,,,,0.0,0.18195161290322578,0.18195161290322578,ok,,keep,96.94892361111111,0.009444444444444441,0.009444444444444441,0.009444444444444441,0.009444444444444441,0.009444444444444441,0.009444444444444441,0.009444444444444441,0.009444444444444441,0.915,0.009444444444444441
979,spider_000979.jpeg,data/demo/images/spider_000979.jpeg,spider,spider,0.952,train,animals10,ann_2,True,True,,0.04800000000000004,0.12944168185409546,0.03225806451612903,300,287,627.0672657694845,140.43905923344948,43.49493398935848,1.0,False,1.0,,f946cdda067ad2a0,0.0,,,,0.0,0.1708516129032258,0.1708516129032258,ok,,keep,96.94892361111111,0.005333333333333338,0.005333333333333338,0.005333333333333338,0.005333333333333338,0.005333333333333338,0.005333333333333338,0.005333333333333338,0.005333333333333338,0.952,0.005333333333333338
980,spider_000980.jpeg,data/demo/images/spider_000980.jpeg,spider,spider,0.939,train,animals10,ann_4,True,True,,0.061000000000000054,0.1579706776593194,0.03225806451612903,300,225,2796.0709864691353,92.39634074074074,38.82776015252069,0.7,False,1.0,,d8e252b4cc7c61ab,0.0,,,,0.0,0.17475161290322583,0.17475161290322583,ok,,keep,96.94892361111111,0.006777777777777784,0.006777777777777784,0.006777777777777784,0.006777777777777784,0.006777777777777784,0.006777777777777784,0.006777777777777784,0.006777777777777784,0.939,0.006777777777777784
981,spider_000981.jpeg,data/demo/images/spider_000981.jpeg,spider,spider,0.9,train,animals10,ann_2,True,True,,0.09999999999999998,0.23660598810559538,0.03225806451612903,300,200,1570.0144299455553,128.77941666666666,42.839899155573676,0.7,False,1.0,,d879c3ee32c80c3b,0.0,,,,0.0,0.1864516129032258,0.1864516129032258,ok,,keep,96.94892361111111,0.011111111111111108,0.011111111111111108,0.011111111111111108,0.011111111111111108,0.011111111111111108,0.011111111111111108,0.011111111111111108,0.011111111111111108,0.9,0.011111111111111108
982,spider_000982.jpeg,data/demo/images/spider_000982.jpeg,spider,spider,0.892,train,animals10,ann_4,True,True,,0.10799999999999998,0.2517229709804101,0.03225806451612903,300,235,1109.2077708839597,225.21895035460992,55.91604221557775,0.7,False,0.8,too_bright,b4e2cbb83087cf61,0.0,,,,0.0,0.1588516129032258,0.1588516129032258,ok,too_bright,keep,96.94892361111111,0.011999999999999999,0.011999999999999999,0.011999999999999999,0.011999999999999999,0.011999999999999999,0.011999999999999999,0.011999999999999999,0.011999999999999999,0.892,0.011999999999999999
983,spider_000983.jpeg,data/demo/images/spider_000983.jpeg,squirrel,spider,0.866,train,animals10,ann_4,True,True,,0.134,0.2989459544540185,0.024193548387096774,300,225,3457.5002525857885,93.26540740740741,58.234577004629244,0.7,False,1.0,,cc832c72f29d274d,0.0,,,,0.866,0.41153870967741935,0.41153870967741935,suspected_label_error,model_disagreement;suspected_label_error,recheck_label,96.94892361111111,0.014888888888888889,0.014888888888888889,0.014888888888888889,0.014888888888888889,0.014888888888888889,0.014888888888888889,0.014888888888888889,0.014888888888888889,0.866,0.014888888888888889
984,spider_000984.jpeg,data/demo/images/spider_000984.jpeg,spider,spider,0.832,train,animals10,ann_2,True,True,,0.16800000000000004,0.3569181704390347,0.03225806451612903,229,300,186.1781531878153,128.39721979621544,28.72031807940097,0.7,False,1.0,,b083c87ef239873c,0.0,,,,0.0,0.20685161290322582,0.20685161290322582,ok,,keep,96.94892361111111,0.01866666666666667,0.01866666666666667,0.01866666666666667,0.01866666666666667,0.01866666666666667,0.01866666666666667,0.01866666666666667,0.01866666666666667,0.832,0.01866666666666667
985,spider_000985.jpeg,data/demo/images/spider_000985.jpeg,spider,spider,0.923,train,animals10,ann_4,True,True,,0.07699999999999996,0.1913357129986854,0.03225806451612903,290,300,853.8183903288414,231.55448275862068,41.50448635931846,1.0,False,0.8,too_bright,bc83c93c32c8569f,0.0,,,,0.0,0.14955161290322577,0.14955161290322577,ok,too_bright,keep,96.94892361111111,0.00855555555555555,0.00855555555555555,0.00855555555555555,0.00855555555555555,0.00855555555555555,0.00855555555555555,0.00855555555555555,0.00855555555555555,0.923,0.00855555555555555
986,spider_000986.jpeg,data/demo/images/spider_000986.jpeg,spider,spider,0.912,train,animals10,ann_3,True,True,,0.08799999999999997,0.2133435687829855,0.03225806451612903,300,236,1331.7931434930495,109.3941384180791,33.65236842586426,0.7,False,1.0,,f8e0b76ec6979014,0.0,,,,0.0,0.1828516129032258,0.1828516129032258,ok,,keep,96.94892361111111,0.009777777777777774,0.009777777777777774,0.009777777777777774,0.009777777777777774,0.009777777777777774,0.009777777777777774,0.009777777777777774,0.009777777777777774,0.912,0.009777777777777774
987,spider_000987.jpeg,data/demo/images/spider_000987.jpeg,spider,spider,0.872,train,animals10,ann_4,True,True,,0.128,0.2882897858891631,0.03225806451612903,300,225,1970.1073085495746,184.26605925925926,32.33685635829848,0.7,False,1.0,,b1a646ae398b0e9d,0.0,,,,0.0,0.1948516129032258,0.1948516129032258,ok,,keep,96.94892361111111,0.014222222222222223,0.014222222222222223,0.014222222222222223,0.014222222222222223,0.014222222222222223,0.014222222222222223,0.014222222222222223,0.014222222222222223,0.872,0.014222222222222223
988,spider_000988.jpeg,data/demo/images/spider_000988.jpeg,spider,spider,0.911,train,animals10,ann_4,True,True,,0.08899999999999997,0.21531062698335657,0.03225806451612903,300,292,1407.2395864342905,146.25038812785388,37.42322307632165,1.0,False,1.0,,ef08cabe34a722e8,0.0,,,,0.0,0.1831516129032258,0.1831516129032258,ok,,keep,96.94892361111111,0.009888888888888885,0.009888888888888885,0.009888888888888885,0.009888888888888885,0.009888888888888885,0.009888888888888885,0.009888888888888885,0.009888888888888885,0.911,0.009888888888888885
989,spider_000989.jpeg,data/demo/images/spider_000989.jpeg,spider,spider,0.859,train,animals10,ann_1,True,True,,0.14100000000000001,0.3112081668725544,0.03225806451612903,300,210,469.26153211766183,171.25407936507938,40.689067591356995,0.7,False,1.0,,f924cf9330eccc32,0.0,,,,0.0,0.1987516129032258,0.1987516129032258,ok,,keep,96.94892361111111,0.01566666666666667,0.01566666666666667,0.01566666666666667,0.01566666666666667,0.01566666666666667,0.01566666666666667,0.01566666666666667,0.01566666666666667,0.859,0.01566666666666667
990,spider_000990.jpeg,data/demo/images/spider_000990.jpeg,spider,spider,0.891,train,animals10,ann_2,True,True,,0.10899999999999999,0.2535919066135583,0.03225806451612903,300,154,2717.6717281835054,122.59924242424242,64.06908050961991,0.7,False,1.0,,a381c553cdb711d6,0.0,,,,0.0,0.1891516129032258,0.1891516129032258,ok,,keep,96.94892361111111,0.012111111111111109,0.012111111111111109,0.012111111111111109,0.012111111111111109,0.012111111111111109,0.012111111111111109,0.012111111111111109,0.012111111111111109,0.891,0.012111111111111109
991,spider_000991.jpeg,data/demo/images/spider_000991.jpeg,spider,spider,0.464,train,animals10,ann_2,True,True,,0.536,0.8113773104637437,0.03225806451612903,300,169,1038.0885165178622,135.88122287968443,24.268560974211123,0.7,False,1.0,,86116397fd2c6c71,0.0,,,,0.0,0.3172516129032258,0.3172516129032258,hard_example,high_entropy;low_confidence,send_to_review,96.94892361111111,0.059555555555555556,0.059555555555555556,0.059555555555555556,0.059555555555555556,0.059555555555555556,0.059555555555555556,0.059555555555555556,0.059555555555555556,0.464,0.059555555555555556
992,spider_000992.jpeg,data/demo/images/spider_000992.jpeg,spider,spider,0.841,train,animals10,ann_1,True,True,,0.15900000000000003,0.3419489794249121,0.03225806451612903,300,300,2028.7084672587653,121.56348888888888,38.9374483020151,1.0,False,1.0,,f70595a93702a5d5,0.0,,,,0.0,0.2041516129032258,0.2041516129032258,ok,,keep,96.94892361111111,0.01766666666666667,0.01766666666666667,0.01766666666666667,0.01766666666666667,0.01766666666666667,0.01766666666666667,0.01766666666666667,0.01766666666666667,0.841,0.01766666666666667
993,spider_000993.jpeg,data/demo/images/spider_000993.jpeg,spider,spider,0.871,train,animals10,ann_4,True,True,,0.129,0.2900753937344504,0.03225806451612903,300,159,1371.7716194612553,146.64366876310274,32.62993713511635,0.7,False,1.0,,ae4499aa2ead9f03,0.0,,,,0.0,0.1951516129032258,0.1951516129032258,ok,,keep,96.94892361111111,0.014333333333333333,0.014333333333333333,0.014333333333333333,0.014333333333333333,0.014333333333333333,0.014333333333333333,0.014333333333333333,0.014333333333333333,0.871,0.014333333333333333
994,spider_000994.jpeg,data/demo/images/spider_000994.jpeg,spider,spider,0.864,train,animals10,ann_4,True,True,,0.136,0.3024678119006901,0.03225806451612903,300,268,978.5064553598611,96.67699004975124,45.665106842971475,1.0,False,1.0,,9966b191c713df81,0.0,,,,0.0,0.1972516129032258,0.1972516129032258,ok,,keep,96.94892361111111,0.015111111111111112,0.015111111111111112,0.015111111111111112,0.015111111111111112,0.015111111111111112,0.015111111111111112,0.015111111111111112,0.015111111111111112,0.864,0.015111111111111112
995,spider_000995.jpeg,data/demo/images/spider_000995.jpeg,spider,spider,0.884,train,animals10,ann_3,True,True,,0.11599999999999999,0.26655119773013786,0.03225806451612903,215,300,453.1129598663542,171.6146511627907,61.19838184447517,0.7,False,1.0,,b1234b036e36d9d9,0.0,,,,0.0,0.1912516129032258,0.1912516129032258,ok,,keep,96.94892361111111,0.012888888888888887,0.012888888888888887,0.012888888888888887,0.012888888888888887,0.012888888888888887,0.012888888888888887,0.012888888888888887,0.012888888888888887,0.884,0.012888888888888887
996,spider_000996.jpeg,data/demo/images/spider_000996.jpeg,spider,spider,0.899,train,animals10,ann_1,True,True,,0.10099999999999998,0.23851206749020762,0.03225806451612903,300,300,928.6705535791357,129.96354444444444,50.70278179847315,1.0,False,1.0,,b5bfc0e67034c1e2,0.0,,,,0.0,0.18675161290322578,0.18675161290322578,ok,,keep,96.94892361111111,0.01122222222222222,0.01122222222222222,0.01122222222222222,0.01122222222222222,0.01122222222222222,0.01122222222222222,0.01122222222222222,0.01122222222222222,0.899,0.01122222222222222
997,spider_000997.jpeg,data/demo/images/spider_000997.jpeg,spider,spider,0.895,train,animals10,ann_3,True,True,,0.10499999999999998,0.24608896613809964,0.03225806451612903,300,225,2763.797303286694,63.12447407407407,73.844662403346,0.7,False,1.0,,9a9824772431db6f,0.0,,,,0.0,0.1879516129032258,0.1879516129032258,ok,,keep,96.94892361111111,0.011666666666666665,0.011666666666666665,0.011666666666666665,0.011666666666666665,0.011666666666666665,0.011666666666666665,0.011666666666666665,0.011666666666666665,0.895,0.011666666666666665
998,spider_000998.jpeg,data/demo/images/spider_000998.jpeg,butterfly,spider,0.891,train,animals10,ann_4,True,True,,0.10899999999999999,0.2535919066135583,0.024193548387096774,284,219,720.6865358736122,106.01680172358351,52.69271680268985,0.7,False,1.0,,c880a7cf97c599d1,0.0,,,,0.891,0.41028870967741937,0.41028870967741937,suspected_label_error,model_disagreement;suspected_label_error,recheck_label,96.94892361111111,0.012111111111111109,0.012111111111111109,0.012111111111111109,0.012111111111111109,0.012111111111111109,0.012111111111111109,0.012111111111111109,0.012111111111111109,0.891,0.012111111111111109
999,spider_000999.jpeg,data/demo/images/spider_000999.jpeg,spider,spider,0.867,train,animals10,ann_1,True,True,,0.133,0.2971794236519888,0.03225806451612903,262,300,135.36602936098646,181.48078880407124,33.61552126037607,1.0,False,1.0,,f3338ccc19d9c163,0.0,,,,0.0,0.1963516129032258,0.1963516129032258,ok,,keep,96.94892361111111,0.014777777777777779,0.014777777777777779,0.014777777777777779,0.014777777777777779,0.014777777777777779,0.014777777777777779,0.014777777777777779,0.014777777777777779,0.867,0.014777777777777779
1000,spider_001000.jpeg,data/demo/images/spider_001000.jpeg,spider,spider,0.876,train,animals10,ann_3,True,True,,0.124,0.2811081808641757,0.03225806451612903,300,200,11916.343837233055,93.06513333333334,51.397369170502195,0.7,False,1.0,,ae0b4569daf42c63,0.0,,,,0.0,0.1936516129032258,0.1936516129032258,ok,,keep,96.94892361111111,0.013777777777777778,0.013777777777777778,0.013777777777777778,0.013777777777777778,0.013777777777777778,0.013777777777777778,0.013777777777777778,0.013777777777777778,0.876,0.013777777777777778
1001,spider_001001.jpeg,data/demo/images/spider_001001.jpeg,spider,spider,0.861,train,animals10,ann_3,True,True,,0.139,0.30772293383220556,0.03225806451612903,300,200,1215.8656089733333,54.686233333333334,41.5674494103125,0.7,False,1.0,,c41f7bc88c197387,0.0,,,,0.0,0.1981516129032258,0.1981516129032258,ok,,keep,96.94892361111111,0.015444444444444446,0.015444444444444446,0.015444444444444446,0.015444444444444446,0.015444444444444446,0.015444444444444446,0.015444444444444446,0.015444444444444446,0.861,0.015444444444444446
1002,spider_001002.jpeg,data/demo/images/spider_001002.jpeg,spider,spider,0.914,train,animals10,ann_4,True,True,,0.08599999999999997,0.2093931617611685,0.03225806451612903,300,190,1205.9937354604492,108.27873684210526,83.65483526770936,0.7,False,1.0,,802a6ad517bee3ca,0.0,,,,0.0,0.18225161290322578,0.18225161290322578,ok,,keep,96.94892361111111,0.009555555555555552,0.009555555555555552,0.009555555555555552,0.009555555555555552,0.009555555555555552,0.009555555555555552,0.009555555555555552,0.009555555555555552,0.914,0.009555555555555552
1003,spider_001003.jpeg,data/demo/images/spider_001003.jpeg,spider,cow,0.496,train,animals10,ann_4,True,True,,0.504,0.7819543185067921,0.03225806451612903,300,207,235.67762321407733,163.03420289855072,22.280069642387144,0.7,False,1.0,,80ff67493d075338,0.0,,,,0.44,0.41765161290322583,0.41765161290322583,hard_example,model_disagreement;high_entropy;low_confidence,send_to_review,96.94892361111111,0.056,0.056,0.056,0.496,0.056,0.056,0.056,0.056,0.056,0.056
1004,spider_001004.jpeg,data/demo/images/spider_001004.jpeg,spider,spider,0.823,train,animals10,ann_2,True,True,,0.17700000000000005,0.37163558730207796,0.03225806451612903,300,225,289.1279853028258,115.0299111111111,28.130165332285706,0.7,False,1.0,,f078cf633398c067,0.0,,,,0.0,0.20955161290322583,0.20955161290322583,ok,,keep,96.94892361111111,0.019666666666666673,0.019666666666666673,0.019666666666666673,0.019666666666666673,0.019666666666666673,0.019666666666666673,0.019666666666666673,0.019666666666666673,0.823,0.019666666666666673
1005,spider_001005.jpeg,data/demo/images/spider_001005.jpeg,spider,spider,0.959,train,animals10,ann_1,True,True,,0.041000000000000036,0.11343575614189247,0.03225806451612903,300,200,1652.5212675530556,72.60563333333333,34.51346560786899,0.7,False,1.0,,994e57adcc4e6889,0.0,,,,0.0,0.16875161290322582,0.16875161290322582,ok,,keep,96.94892361111111,0.004555555555555559,0.004555555555555559,0.004555555555555559,0.004555555555555559,0.004555555555555559,0.004555555555555559,0.004555555555555559,0.004555555555555559,0.959,0.004555555555555559
1006,spider_001006.jpeg,data/demo/images/spider_001006.jpeg,spider,spider,0.885,train,animals10,ann_1,True,True,,0.11499999999999999,0.2647128380343369,0.03225806451612903,300,188,3838.1389039079395,215.42898936170212,68.77813075059532,0.7,False,1.0,,bcf1c396389e90cc,0.0,,,,0.0,0.1909516129032258,0.1909516129032258,ok,,keep,96.94892361111111,0.012777777777777777,0.012777777777777777,0.012777777777777777,0.012777777777777777,0.012777777777777777,0.012777777777777777,0.012777777777777777,0.012777777777777777,0.885,0.012777777777777777
1007,spider_001007.jpeg,data/demo/images/spider_001007.jpeg,spider,spider,0.97,train,animals10,ann_2,True,True,,0.030000000000000027,0.08714505106038822,0.03225806451612903,300,200,1313.9410079930553,77.58286666666666,34.6897165326492,0.7,False,1.0,,bedc847a815cb728,0.0,,,,0.0,0.1654516129032258,0.1654516129032258,ok,,keep,96.94892361111111,0.003333333333333336,0.003333333333333336,0.003333333333333336,0.003333333333333336,0.003333333333333336,0.003333333333333336,0.003333333333333336,0.003333333333333336,0.97,0.003333333333333336
1008,spider_001008.jpg,data/demo/images/spider_001008.jpg,spider,spider,0.886,train,animals10,ann_2,True,True,,0.11399999999999999,0.2628702110888535,0.03225806451612903,640,423,2912.3962610906747,105.06552526595745,51.232593359768714,1.0,False,1.0,,b37193e44a4f4a69,0.0,,,,0.0,0.1906516129032258,0.1906516129032258,ok,,keep,96.94892361111111,0.012666666666666666,0.012666666666666666,0.012666666666666666,0.012666666666666666,0.012666666666666666,0.012666666666666666,0.012666666666666666,0.012666666666666666,0.886,0.012666666666666666
1009,spider_001009.jpeg,data/demo/images/spider_001009.jpeg,elephant,spider,0.906,train,animals10,ann_2,True,True,,0.09399999999999997,0.22506662621078755,0.0,300,238,3441.869173089628,117.53082633053221,51.07946329735415,0.7,False,1.0,,e4cadb4b30e01e6b,0.0,,,,0.906,0.40469999999999995,0.40469999999999995,suspected_label_error,model_disagreement;suspected_label_error,recheck_label,96.94892361111111,0.010444444444444442,0.010444444444444442,0.010444444444444442,0.010444444444444442,0.010444444444444442,0.010444444444444442,0.010444444444444442,0.010444444444444442,0.906,0.010444444444444442
1010,spider_001010.jpeg,data/demo/images/spider_001010.jpeg,dog,spider,0.854,train,animals10,ann_1,True,True,,0.14600000000000002,0.3198588635222586,0.008064516129032258,300,225,11108.927102743484,152.91217777777777,74.72509017774485,0.7,False,1.0,,f1688f9e71278cb0,0.0,,,,0.854,0.4089129032258064,0.4089129032258064,suspected_label_error,model_disagreement;suspected_label_error,recheck_label,96.94892361111111,0.016222222222222225,0.016222222222222225,0.016222222222222225,0.016222222222222225,0.016222222222222225,0.016222222222222225,0.016222222222222225,0.016222222222222225,0.854,0.016222222222222225
1011,spider_001011.jpeg,data/demo/images/spider_001011.jpeg,spider,spider,0.831,train,animals10,ann_4,True,True,,0.16900000000000004,0.3585656759079942,0.03225806451612903,283,300,561.4440080194117,146.83366313309776,56.60270078407408,1.0,False,1.0,,9e92c9f0636b8b94,0.0,,,,0.0,0.2071516129032258,0.2071516129032258,ok,,keep,96.94892361111111,0.018777777777777782,0.018777777777777782,0.018777777777777782,0.018777777777777782,0.018777777777777782,0.018777777777777782,0.018777777777777782,0.018777777777777782,0.831,0.018777777777777782
1012,spider_001012.jpeg,data/demo/images/spider_001012.jpeg,spider,spider,0.967,train,animals10,ann_4,True,True,,0.03300000000000003,0.09447163801432061,0.03225806451612903,300,225,583.4975871111111,104.50371851851853,29.97495202891212,0.7,False,1.0,,969e3973603996c6,0.0,,,,0.0,0.1663516129032258,0.1663516129032258,ok,,keep,96.94892361111111,0.00366666666666667,0.00366666666666667,0.00366666666666667,0.00366666666666667,0.00366666666666667,0.00366666666666667,0.00366666666666667,0.00366666666666667,0.967,0.00366666666666667
1013,spider_001013.jpeg,data/demo/images/spider_001013.jpeg,spider,spider,0.978,train,animals10,ann_3,True,True,,0.02200000000000002,0.06690863190435845,0.03225806451612903,226,300,1413.1170787053716,100.5314749262537,39.29988456386541,0.7,False,1.0,,c5f367e16c848656,0.0,,,,0.0,0.1630516129032258,0.1630516129032258,ok,,keep,96.94892361111111,0.0024444444444444466,0.0024444444444444466,0.0024444444444444466,0.0024444444444444466,0.0024444444444444466,0.0024444444444444466,0.0024444444444444466,0.0024444444444444466,0.978,0.0024444444444444466
1014,spider_001014.jpeg,data/demo/images/spider_001014.jpeg,spider,spider,0.918,train,animals10,ann_1,True,True,,0.08199999999999996,0.20142556419287463,0.03225806451612903,300,200,1043.2096410488887,60.80403333333334,38.91607975801548,0.7,False,1.0,,be9462b391c6e646,0.0,,,,0.0,0.1810516129032258,0.1810516129032258,ok,,keep,96.94892361111111,0.009111111111111106,0.009111111111111106,0.009111111111111106,0.009111111111111106,0.009111111111111106,0.009111111111111106,0.009111111111111106,0.009111111111111106,0.918,0.009111111111111106
1015,spider_001015.jpeg,data/demo/images/spider_001015.jpeg,spider,spider,0.894,train,animals10,ann_3,True,True,,0.10599999999999998,0.24797153813600767,0.03225806451612903,300,169,715.7275083956756,158.16471400394477,41.26393458342035,0.7,False,1.0,,80d1d9c64cd973e6,0.0,,,,0.0,0.18825161290322578,0.18825161290322578,ok,,keep,96.94892361111111,0.011777777777777776,0.011777777777777776,0.011777777777777776,0.011777777777777776,0.011777777777777776,0.011777777777777776,0.011777777777777776,0.011777777777777776,0.894,0.011777777777777776
1016,spider_001016.jpeg,data/demo/images/spider_001016.jpeg,spider,spider,0.931,train,animals10,ann_3,True,True,,0.06899999999999995,0.17486998855386815,0.03225806451612903,300,271,5387.049571081851,116.65833948339484,56.2032514167411,1.0,False,1.0,,86dbd2f4c983c689,0.0,,,,0.0,0.17715161290322579,0.17715161290322579,ok,,keep,96.94892361111111,0.007666666666666661,0.007666666666666661,0.007666666666666661,0.007666666666666661,0.007666666666666661,0.007666666666666661,0.007666666666666661,0.007666666666666661,0.931,0.007666666666666661
1017,spider_001017.jpeg,data/demo/images/spider_001017.jpeg,spider,spider,0.822,train,animals10,ann_3,True,True,,0.17800000000000005,0.3732557679083505,0.03225806451612903,201,300,937.7651643438419,199.26421227197346,42.455924774122145,0.7,False,1.0,,e116986966ce99b3,0.0,,,,0.0,0.20985161290322582,0.20985161290322582,ok,,keep,96.94892361111111,0.019777777777777783,0.019777777777777783,0.019777777777777783,0.019777777777777783,0.019777777777777783,0.019777777777777783,0.019777777777777783,0.019777777777777783,0.822,0.019777777777777783
1018,spider_001018.jpeg,data/demo/images/spider_001018.jpeg,spider,spider,0.856,train,animals10,ann_3,True,True,,0.14400000000000002,0.316409175590959,0.03225806451612903,300,265,5551.375941130652,112.03042767295598,55.971238503051936,1.0,False,1.0,,fa1689e0d6d6073c,0.0,,,,0.0,0.1996516129032258,0.1996516129032258,ok,,keep,96.94892361111111,0.016,0.016,0.016,0.016,0.016,0.016,0.016,0.016,0.856,0.016
1019,spider_001019.jpeg,data/demo/images/spider_001019.jpeg,spider,spider,0.914,train,animals10,ann_1,True,True,,0.08599999999999997,0.2093931617611685,0.03225806451612903,300,188,2982.142839844261,174.70936170212767,57.71132118752435,0.7,False,1.0,,b3308d8b2337a337,0.0,,,,0.0,0.18225161290322578,0.18225161290322578,ok,,keep,96.94892361111111,0.009555555555555552,0.009555555555555552,0.009555555555555552,0.009555555555555552,0.009555555555555552,0.009555555555555552,0.009555555555555552,0.009555555555555552,0.914,0.009555555555555552
1020,spider_001020.jpeg,data/demo/images/spider_001020.jpeg,spider,spider,0.82,train,animals10,ann_3,True,True,,0.18000000000000005,0.37648723748289104,0.03225806451612903,300,225,1506.546145688011,151.70226666666667,68.50895215395279,0.7,False,1.0,,f4c257a82afc913a,0.0,,,,0.0,0.2104516129032258,0.2104516129032258,ok,,keep,96.94892361111111,0.020000000000000004,0.020000000000000004,0.020000000000000004,0.020000000000000004,0.020000000000000004,0.020000000000000004,0.020000000000000004,0.020000000000000004,0.82,0.020000000000000004
1021,spider_001021.jpeg,data/demo/images/spider_001021.jpeg,spider,spider,0.949,train,animals10,ann_1,True,True,,0.051000000000000045,0.13615464906396568,0.03225806451612903,300,199,971.2367138705812,199.67507537688442,51.15316919602014,0.7,False,1.0,,f1068e986173d3c7,0.0,,,,0.0,0.17175161290322583,0.17175161290322583,ok,,keep,96.94892361111111,0.005666666666666671,0.005666666666666671,0.005666666666666671,0.005666666666666671,0.005666666666666671,0.005666666666666671,0.005666666666666671,0.005666666666666671,0.949,0.005666666666666671
1022,spider_001022.jpeg,data/demo/images/spider_001022.jpeg,spider,spider,0.877,train,animals10,ann_2,True,True,,0.123,0.27930285222902873,0.03225806451612903,300,295,815.2976739858917,168.42318644067797,56.938221533768655,1.0,False,1.0,,b181cf9c9ccc3327,0.0,,,,0.0,0.1933516129032258,0.1933516129032258,ok,,keep,96.94892361111111,0.013666666666666667,0.013666666666666667,0.013666666666666667,0.013666666666666667,0.013666666666666667,0.013666666666666667,0.013666666666666667,0.013666666666666667,0.877,0.013666666666666667
1023,spider_001023.jpeg,data/demo/images/spider_001023.jpeg,spider,spider,0.955,train,animals10,ann_1,True,True,,0.04500000000000004,0.12264312559945706,0.03225806451612903,300,225,40.80922952406035,136.33595555555556,7.9831828200765536,0.7,False,0.6,blurry;low_contrast,83ac0cb3638cbbb3,0.0,,,,0.0,0.10995161290322582,0.10995161290322582,bad_quality,bad_quality;blurry;low_contrast,exclude_bad_quality,96.94892361111111,0.0050000000000000044,0.0050000000000000044,0.0050000000000000044,0.0050000000000000044,0.0050000000000000044,0.0050000000000000044,0.0050000000000000044,0.0050000000000000044,0.955,0.0050000000000000044
1024,spider_001024.jpeg,data/demo/images/spider_001024.jpeg,spider,spider,0.845,train,animals10,ann_2,True,True,,0.15500000000000003,0.33521225234126545,0.03225806451612903,300,168,637.043985165895,64.36678571428571,11.804705141505702,0.7,False,0.85,low_contrast,830fd913f226ec39,0.0,,,,0.0,0.1804516129032258,0.1804516129032258,ok,low_contrast,keep,96.94892361111111,0.017222222222222226,0.017222222222222226,0.017222222222222226,0.017222222222222226,0.017222222222222226,0.017222222222222226,0.017222222222222226,0.017222222222222226,0.845,0.017222222222222226
1025,spider_001025.jpeg,data/demo/images/spider_001025.jpeg,spider,spider,0.926,train,animals10,ann_4,True,True,,0.07399999999999995,0.18520902042800194,0.03225806451612903,300,237,106.82386885035437,137.9089029535865,17.94196103396866,0.7,False,0.85,low_contrast,bb079c39336e0c33,0.0,,,,0.0,0.1561516129032258,0.1561516129032258,ok,low_contrast,keep,96.94892361111111,0.008222222222222218,0.008222222222222218,0.008222222222222218,0.008222222222222218,0.008222222222222218,0.008222222222222218,0.008222222222222218,0.008222222222222218,0.926,0.008222222222222218
1026,spider_001026.jpg,data/demo/images/spider_001026.jpg,spider,spider,0.878,train,animals10,ann_3,True,True,,0.122,0.27749349750077557,0.03225806451612903,640,426,538.4350152334705,69.51394879694836,32.90086079145024,1.0,False,1.0,,da616063f31c4bf1,0.0,,,,0.0,0.1930516129032258,0.1930516129032258,ok,,keep,96.94892361111111,0.013555555555555555,0.013555555555555555,0.013555555555555555,0.013555555555555555,0.013555555555555555,0.013555555555555555,0.013555555555555555,0.013555555555555555,0.878,0.013555555555555555
1027,spider_001027.jpeg,data/demo/images/spider_001027.jpeg,spider,dog,0.465,train,animals10,ann_4,True,True,,0.5349999999999999,0.810484841731908,0.03225806451612903,300,254,515.4794847679473,124.59560367454068,25.653657658821224,0.7,False,1.0,,a4533a166db5d952,0.0,,,,0.40555555555555556,0.4183405017921147,0.4183405017921147,hard_example,model_disagreement;high_entropy;low_confidence,send_to_review,96.94892361111111,0.05944444444444444,0.05944444444444444,0.05944444444444444,0.05944444444444444,0.465,0.05944444444444444,0.05944444444444444,0.05944444444444444,0.05944444444444444,0.05944444444444444
1028,spider_001028.jpeg,data/demo/images/spider_001028.jpeg,spider,spider,0.93,train,animals10,ann_2,True,True,,0.06999999999999995,0.17695096636165045,0.03225806451612903,300,282,1908.9994917402992,94.25202127659574,45.33265822066684,1.0,False,1.0,,acad8da1b4c4d758,0.0,,,,0.0,0.17745161290322578,0.17745161290322578,ok,,keep,96.94892361111111,0.007777777777777772,0.007777777777777772,0.007777777777777772,0.007777777777777772,0.007777777777777772,0.007777777777777772,0.007777777777777772,0.007777777777777772,0.93,0.007777777777777772
1029,spider_001029.jpeg,data/demo/images/spider_001029.jpeg,spider,spider,0.941,train,animals10,ann_2,True,True,,0.05900000000000005,0.1536721993820405,0.03225806451612903,300,200,832.4118377066667,111.6994,36.32916009176834,0.7,False,1.0,,d36d8c8d6372361c,0.0,,,,0.0,0.1741516129032258,0.1741516129032258,ok,,keep,96.94892361111111,0.006555555555555561,0.006555555555555561,0.006555555555555561,0.006555555555555561,0.006555555555555561,0.006555555555555561,0.006555555555555561,0.006555555555555561,0.941,0.006555555555555561
1030,spider_001030.jpeg,data/demo/images/spider_001030.jpeg,spider,spider,0.923,train,animals10,ann_4,True,True,,0.07699999999999996,0.1913357129986854,0.03225806451612903,300,259,1070.8051377263641,188.87513513513514,34.12413944230691,1.0,False,1.0,,a386986966dbc9b4,0.0,,,,0.0,0.1795516129032258,0.1795516129032258,ok,,keep,96.94892361111111,0.00855555555555555,0.00855555555555555,0.00855555555555555,0.00855555555555555,0.00855555555555555,0.00855555555555555,0.00855555555555555,0.00855555555555555,0.923,0.00855555555555555
1031,spider_001031.jpeg,data/demo/images/spider_001031.jpeg,spider,spider,0.864,train,animals10,ann_4,True,True,,0.136,0.3024678119006901,0.03225806451612903,243,256,1152.5206246709627,208.60683513374485,54.2543962474943,0.7,False,1.0,,a66d99c367596384,0.0,,,,0.0,0.1972516129032258,0.1972516129032258,ok,,keep,96.94892361111111,0.015111111111111112,0.015111111111111112,0.015111111111111112,0.015111111111111112,0.015111111111111112,0.015111111111111112,0.015111111111111112,0.015111111111111112,0.864,0.015111111111111112
1032,spider_001032.jpg,data/demo/images/spider_001032.jpg,spider,spider,0.855,train,animals10,ann_4,True,True,,0.14500000000000002,0.31813577110909846,0.03225806451612903,640,494,494.79994933792904,110.93606401821863,38.01782779508891,1.0,False,1.0,,ff1f84601787689c,0.0,,,,0.0,0.1999516129032258,0.1999516129032258,ok,,keep,96.94892361111111,0.016111111111111114,0.016111111111111114,0.016111111111111114,0.016111111111111114,0.016111111111111114,0.016111111111111114,0.016111111111111114,0.016111111111111114,0.855,0.016111111111111114
1033,spider_001033.jpeg,data/demo/images/spider_001033.jpeg,elephant,spider,0.88,train,animals10,ann_3,True,True,,0.12,0.27386259577191097,0.0,300,225,2394.2123109739373,154.3574962962963,51.266022284185254,0.7,False,1.0,,a28edd39c3798952,0.0,,,,0.88,0.406,0.406,suspected_label_error,model_disagreement;suspected_label_error,recheck_label,96.94892361111111,0.013333333333333332,0.013333333333333332,0.013333333333333332,0.013333333333333332,0.013333333333333332,0.013333333333333332,0.013333333333333332,0.013333333333333332,0.88,0.013333333333333332
1034,spider_001034.jpeg,data/demo/images/spider_001034.jpeg,spider,spider,0.897,train,animals10,ann_2,True,True,,0.10299999999999998,0.24230991857412246,0.03225806451612903,300,225,2223.250768788148,123.55282962962963,77.94591939140223,0.7,False,1.0,,952d943ec334ca37,0.0,,,,0.0,0.1873516129032258,0.1873516129032258,ok,,keep,96.94892361111111,0.011444444444444443,0.011444444444444443,0.011444444444444443,0.011444444444444443,0.011444444444444443,0.011444444444444443,0.011444444444444443,0.011444444444444443,0.897,0.011444444444444443
1035,spider_001035.jpeg,data/demo/images/spider_001035.jpeg,spider,spider,0.851,train,animals10,ann_1,True,True,,0.14900000000000002,0.32500731993810167,0.03225806451612903,279,300,860.1496881397836,101.4968578255675,57.94263572130833,1.0,False,1.0,,8cd97372d8998b8c,0.0,,,,0.0,0.2011516129032258,0.2011516129032258,ok,,keep,96.94892361111111,0.01655555555555556,0.01655555555555556,0.01655555555555556,0.01655555555555556,0.01655555555555556,0.01655555555555556,0.01655555555555556,0.01655555555555556,0.851,0.01655555555555556
1036,spider_001036.jpeg,data/demo/images/spider_001036.jpeg,spider,spider,0.914,train,animals10,ann_1,True,True,,0.08599999999999997,0.2093931617611685,0.03225806451612903,300,203,1119.7907229809562,134.22474548440064,75.47026784467974,0.7,False,1.0,,b2000fc773f14eda,0.0,,,,0.0,0.18225161290322578,0.18225161290322578,ok,,keep,96.94892361111111,0.009555555555555552,0.009555555555555552,0.009555555555555552,0.009555555555555552,0.009555555555555552,0.009555555555555552,0.009555555555555552,0.009555555555555552,0.914,0.009555555555555552
1037,spider_001037.jpeg,data/demo/images/spider_001037.jpeg,spider,spider,0.905,train,animals10,ann_1,True,True,,0.09499999999999997,0.2270023273706416,0.03225806451612903,300,259,479.83417750613273,205.21414414414414,38.61577118871474,1.0,False,1.0,,b23984c6673d9ec2,0.0,,,,0.0,0.1849516129032258,0.1849516129032258,ok,,keep,96.94892361111111,0.010555555555555552,0.010555555555555552,0.010555555555555552,0.010555555555555552,0.010555555555555552,0.010555555555555552,0.010555555555555552,0.010555555555555552,0.905,0.010555555555555552
1038,spider_001038.jpeg,data/demo/images/spider_001038.jpeg,spider,spider,0.867,train,animals10,ann_2,True,True,,0.133,0.2971794236519888,0.03225806451612903,300,200,2576.2572522566666,136.51285,46.64450808913628,0.7,False,1.0,,e817926f42bdd126,0.0,,,,0.0,0.1963516129032258,0.1963516129032258,ok,,keep,96.94892361111111,0.014777777777777779,0.014777777777777779,0.014777777777777779,0.014777777777777779,0.014777777777777779,0.014777777777777779,0.014777777777777779,0.014777777777777779,0.867,0.014777777777777779
1039,spider_001039.jpeg,data/demo/images/spider_001039.jpeg,spider,spider,0.951,train,animals10,ann_3,True,True,,0.049000000000000044,0.13168859909070477,0.03225806451612903,208,300,1275.768194229742,208.82916666666668,66.04855329903373,0.7,False,1.0,,b2cccb1932678774,0.0,,,,0.0,0.1711516129032258,0.1711516129032258,ok,,keep,96.94892361111111,0.00544444444444445,0.00544444444444445,0.00544444444444445,0.00544444444444445,0.00544444444444445,0.00544444444444445,0.00544444444444445,0.00544444444444445,0.951,0.00544444444444445
1040,spider_001040.jpeg,data/demo/images/spider_001040.jpeg,spider,spider,0.954,train,animals10,ann_4,True,True,,0.04600000000000004,0.12491914136620547,0.03225806451612903,242,300,2438.695898966943,129.2350826446281,66.24859734930804,0.7,False,1.0,,94ed0ac7711e791c,0.0,,,,0.0,0.17025161290322582,0.17025161290322582,ok,,keep,96.94892361111111,0.005111111111111116,0.005111111111111116,0.005111111111111116,0.005111111111111116,0.005111111111111116,0.005111111111111116,0.005111111111111116,0.005111111111111116,0.954,0.005111111111111116
1041,spider_001041.jpeg,data/demo/images/spider_001041.jpeg,spider,spider,0.894,train,animals10,ann_2,True,True,,0.10599999999999998,0.24797153813600767,0.03225806451612903,300,221,1807.9692340749689,122.8661689291101,32.473950929057054,0.7,False,1.0,,f4c3699d805acbe8,0.0,,,,0.0,0.18825161290322578,0.18825161290322578,ok,,keep,96.94892361111111,0.011777777777777776,0.011777777777777776,0.011777777777777776,0.011777777777777776,0.011777777777777776,0.011777777777777776,0.011777777777777776,0.011777777777777776,0.894,0.011777777777777776
1042,spider_001042.jpeg,data/demo/images/spider_001042.jpeg,spider,spider,0.892,train,animals10,ann_1,True,True,,0.10799999999999998,0.2517229709804101,0.03225806451612903,300,200,868.4591328888889,144.86826666666667,40.23029223104842,0.7,False,1.0,,bf32d04f06c47e13,0.0,,,,0.0,0.1888516129032258,0.1888516129032258,ok,,keep,96.94892361111111,0.011999999999999999,0.011999999999999999,0.011999999999999999,0.011999999999999999,0.011999999999999999,0.011999999999999999,0.011999999999999999,0.011999999999999999,0.892,0.011999999999999999
1043,spider_001043.jpeg,data/demo/images/spider_001043.jpeg,spider,spider,0.856,train,animals10,ann_1,True,True,,0.14400000000000002,0.316409175590959,0.03225806451612903,300,300,204.6327337006173,220.98744444444444,27.422372417876087,1.0,False,0.8,too_bright,b333cccc263399cc,0.0,,,,0.0,0.1696516129032258,0.1696516129032258,ok,too_bright,keep,96.94892361111111,0.016,0.016,0.016,0.016,0.016,0.016,0.016,0.016,0.856,0.016
1044,spider_001044.jpg,data/demo/images/spider_001044.jpg,horse,spider,0.864,train,animals10,ann_4,True,True,,0.136,0.3024678119006901,0.016129032258064516,640,431,1597.7615066662754,109.56640081206497,32.18111560715415,1.0,False,1.0,,e4c44c1c8af933eb,0.0,,,,0.864,0.4100258064516129,0.4100258064516129,suspected_label_error,model_disagreement;suspected_label_error,recheck_label,96.94892361111111,0.015111111111111112,0.015111111111111112,0.015111111111111112,0.015111111111111112,0.015111111111111112,0.015111111111111112,0.015111111111111112,0.015111111111111112,0.864,0.015111111111111112
1045,spider_001045.jpeg,data/demo/images/spider_001045.jpeg,squirrel,spider,0.895,train,animals10,ann_4,True,True,,0.10499999999999998,0.24608896613809964,0.024193548387096774,249,179,427.2891730532786,148.00857059523008,31.940048788475362,0.7,False,1.0,,bbd59621545ce03d,0.0,,,,0.895,0.4100887096774193,0.4100887096774193,suspected_label_error,model_disagreement;suspected_label_error,recheck_label,96.94892361111111,0.011666666666666665,0.011666666666666665,0.011666666666666665,0.011666666666666665,0.011666666666666665,0.011666666666666665,0.011666666666666665,0.011666666666666665,0.895,0.011666666666666665
1046,spider_001046.jpeg,data/demo/images/spider_001046.jpeg,spider,spider,0.831,train,animals10,ann_4,True,True,,0.16900000000000004,0.3585656759079942,0.03225806451612903,300,200,429.03543505305555,110.43868333333333,30.297162797854888,0.7,False,1.0,,a6360e6dd832cd39,0.0,,,,0.0,0.2071516129032258,0.2071516129032258,ok,,keep,96.94892361111111,0.018777777777777782,0.018777777777777782,0.018777777777777782,0.018777777777777782,0.018777777777777782,0.018777777777777782,0.018777777777777782,0.018777777777777782,0.831,0.018777777777777782
1047,spider_001047.jpeg,data/demo/images/spider_001047.jpeg,spider,spider,0.852,train,animals10,ann_1,True,True,,0.14800000000000002,0.32329461843439317,0.03225806451612903,300,209,5680.317175311666,135.36148325358852,51.33891236828854,0.7,False,1.0,,8575e142e24cfe1e,0.0,,,,0.0,0.2008516129032258,0.2008516129032258,ok,,keep,96.94892361111111,0.016444444444444446,0.016444444444444446,0.016444444444444446,0.016444444444444446,0.016444444444444446,0.016444444444444446,0.016444444444444446,0.016444444444444446,0.852,0.016444444444444446
1048,spider_001048.jpeg,data/demo/images/spider_001048.jpeg,spider,spider,0.907,train,animals10,ann_1,True,True,,0.09299999999999997,0.2231258254558901,0.03225806451612903,300,220,3637.1927106519743,138.2930303030303,53.622831918302076,0.7,False,1.0,,b3335d1b33e4c81a,0.0,,,,0.0,0.1843516129032258,0.1843516129032258,ok,,keep,96.94892361111111,0.01033333333333333,0.01033333333333333,0.01033333333333333,0.01033333333333333,0.01033333333333333,0.01033333333333333,0.01033333333333333,0.01033333333333333,0.907,0.01033333333333333
1049,spider_001049.jpeg,data/demo/images/spider_001049.jpeg,spider,spider,0.894,train,animals10,ann_1,True,True,,0.10599999999999998,0.24797153813600767,0.03225806451612903,300,200,2851.660317545556,94.12898333333334,50.784103943061965,0.7,False,1.0,,ec628bf19c0d307d,0.0,,,,0.0,0.18825161290322578,0.18825161290322578,ok,,keep,96.94892361111111,0.011777777777777776,0.011777777777777776,0.011777777777777776,0.011777777777777776,0.011777777777777776,0.011777777777777776,0.011777777777777776,0.011777777777777776,0.894,0.011777777777777776
1050,spider_001050.jpeg,data/demo/images/spider_001050.jpeg,spider,sheep,0.589,train,animals10,ann_3,True,True,,0.41100000000000003,0.6863067696159504,0.03225806451612903,300,200,1380.3806475975,184.50035,49.61063125188828,0.7,False,1.0,,b333999d99b32324,0.0,,,,0.5433333333333333,0.41558494623655917,0.41558494623655917,suspected_label_error,model_disagreement;suspected_label_error;high_entropy,recheck_label,96.94892361111111,0.04566666666666667,0.04566666666666667,0.04566666666666667,0.04566666666666667,0.04566666666666667,0.04566666666666667,0.04566666666666667,0.589,0.04566666666666667,0.04566666666666667
1051,spider_001051.jpeg,data/demo/images/spider_001051.jpeg,spider,spider,0.942,train,animals10,ann_4,True,True,,0.05800000000000005,0.15151128714699558,0.03225806451612903,300,288,605.7808732590663,142.99373842592593,33.72526727725548,1.0,False,1.0,,c93692c956386bb6,0.0,,,,0.0,0.17385161290322582,0.17385161290322582,ok,,keep,96.94892361111111,0.0064444444444444506,0.0064444444444444506,0.0064444444444444506,0.0064444444444444506,0.0064444444444444506,0.0064444444444444506,0.0064444444444444506,0.0064444444444444506,0.942,0.0064444444444444506
1052,spider_001052.jpeg,data/demo/images/spider_001052.jpeg,spider,spider,0.854,train,animals10,ann_3,True,True,,0.14600000000000002,0.3198588635222586,0.03225806451612903,300,297,1134.0524022460545,90.05031425364758,45.13806497351566,1.0,False,1.0,,dc8963d81dcc33b1,0.0,,,,0.0,0.2002516129032258,0.2002516129032258,ok,,keep,96.94892361111111,0.016222222222222225,0.016222222222222225,0.016222222222222225,0.016222222222222225,0.016222222222222225,0.016222222222222225,0.016222222222222225,0.016222222222222225,0.854,0.016222222222222225
1053,spider_001053.jpeg,data/demo/images/spider_001053.jpeg,spider,spider,0.853,train,animals10,ann_1,True,True,,0.14700000000000002,0.321578472750757,0.03225806451612903,300,293,849.7909650644996,121.80050056882821,38.50608650941403,1.0,False,1.0,,d3b3ac9668c532a3,0.0,,,,0.0,0.20055161290322582,0.20055161290322582,ok,,keep,96.94892361111111,0.016333333333333335,0.016333333333333335,0.016333333333333335,0.016333333333333335,0.016333333333333335,0.016333333333333335,0.016333333333333335,0.016333333333333335,0.853,0.016333333333333335
1054,spider_001054.jpeg,data/demo/images/spider_001054.jpeg,spider,spider,0.93,train,animals10,ann_4,True,True,,0.06999999999999995,0.17695096636165045,0.03225806451612903,300,192,3133.310415096632,155.6848611111111,42.31607128349226,0.7,False,1.0,,b38ccc32e2c1ef1c,0.0,,,,0.0,0.17745161290322578,0.17745161290322578,ok,,keep,96.94892361111111,0.007777777777777772,0.007777777777777772,0.007777777777777772,0.007777777777777772,0.007777777777777772,0.007777777777777772,0.007777777777777772,0.007777777777777772,0.93,0.007777777777777772
1055,spider_001055.jpeg,data/demo/images/spider_001055.jpeg,spider,spider,0.884,train,animals10,ann_1,True,True,,0.11599999999999999,0.26655119773013786,0.03225806451612903,300,200,1189.54839751,124.97356666666667,43.015939696181874,0.7,False,1.0,,ed62d097cf169243,0.0,,,,0.0,0.1912516129032258,0.1912516129032258,ok,,keep,96.94892361111111,0.012888888888888887,0.012888888888888887,0.012888888888888887,0.012888888888888887,0.012888888888888887,0.012888888888888887,0.012888888888888887,0.012888888888888887,0.884,0.012888888888888887
1056,spider_001056.jpeg,data/demo/images/spider_001056.jpeg,spider,spider,0.946,train,animals10,ann_1,True,True,,0.05400000000000005,0.14278681310024288,0.03225806451612903,300,200,376.35125332888884,99.3592,34.69668296384157,0.7,False,1.0,,8ea57cf8b7249311,0.0,,,,0.0,0.1726516129032258,0.1726516129032258,ok,,keep,96.94892361111111,0.006000000000000005,0.006000000000000005,0.006000000000000005,0.006000000000000005,0.006000000000000005,0.006000000000000005,0.006000000000000005,0.006000000000000005,0.946,0.006000000000000005
1057,spider_001057.jpeg,data/demo/images/spider_001057.jpeg,spider,spider,0.834,val,animals10,ann_1,True,True,,0.16600000000000004,0.35361382337745995,0.03225806451612903,300,226,4289.462533270464,132.81141592920355,61.375924286856495,0.7,False,1.0,,bbc3c94e8c34d0b9,0.0,,,,0.0,0.2062516129032258,0.2062516129032258,ok,,keep,96.94892361111111,0.018444444444444447,0.018444444444444447,0.018444444444444447,0.018444444444444447,0.018444444444444447,0.018444444444444447,0.018444444444444447,0.018444444444444447,0.834,0.018444444444444447
1058,spider_001058.jpeg,data/demo/images/spider_001058.jpeg,spider,spider,0.946,val,animals10,ann_4,True,True,,0.05400000000000005,0.14278681310024288,0.03225806451612903,300,200,1585.3825178663888,138.70713333333333,49.071041994733406,0.7,False,1.0,,a8ddd5d8c49e3126,0.0,,,,0.0,0.1726516129032258,0.1726516129032258,ok,,keep,96.94892361111111,0.006000000000000005,0.006000000000000005,0.006000000000000005,0.006000000000000005,0.006000000000000005,0.006000000000000005,0.006000000000000005,0.006000000000000005,0.946,0.006000000000000005
1059,spider_001059.jpeg,data/demo/images/spider_001059.jpeg,spider,spider,0.836,val,animals10,ann_2,True,True,,0.16400000000000003,0.35029692818626446,0.03225806451612903,300,225,456.98572773574756,118.63925925925926,35.41333374392632,0.7,False,1.0,,869a3b69c5d2565c,0.0,,,,0.0,0.2056516129032258,0.2056516129032258,ok,,keep,96.94892361111111,0.018222222222222226,0.018222222222222226,0.018222222222222226,0.018222222222222226,0.018222222222222226,0.018222222222222226,0.018222222222222226,0.018222222222222226,0.836,0.018222222222222226
1060,spider_001060.jpeg,data/demo/images/spider_001060.jpeg,spider,sheep,0.452,val,animals10,ann_4,True,True,,0.548,0.8219505722456263,0.03225806451612903,300,225,1585.568770873196,90.56302222222222,53.99475322980608,0.7,False,1.0,,98b8898e4f48ecf6,0.0,,,,0.39111111111111113,0.4186293906810036,0.4186293906810036,hard_example,model_disagreement;high_entropy;low_confidence,send_to_review,96.94892361111111,0.060888888888888895,0.060888888888888895,0.060888888888888895,0.060888888888888895,0.060888888888888895,0.060888888888888895,0.060888888888888895,0.452,0.060888888888888895,0.060888888888888895
1061,spider_001061.jpeg,data/demo/images/spider_001061.jpeg,spider,spider,0.975,val,animals10,ann_1,True,True,,0.025000000000000022,0.07462805787016473,0.03225806451612903,300,210,426.3918570861678,162.99893650793652,43.88276461909637,0.7,False,1.0,,e59798696782d92c,0.0,,,,0.0,0.1639516129032258,0.1639516129032258,ok,,keep,96.94892361111111,0.00277777777777778,0.00277777777777778,0.00277777777777778,0.00277777777777778,0.00277777777777778,0.00277777777777778,0.00277777777777778,0.00277777777777778,0.975,0.00277777777777778
1062,spider_001062.jpeg,data/demo/images/spider_001062.jpeg,spider,squirrel,0.48,val,animals10,ann_4,True,True,,0.52,0.7968885679351266,0.03225806451612903,300,225,597.733326435336,112.5689925925926,73.91569609298864,0.7,False,1.0,,d3d32de4988e2593,0.0,,,,0.4222222222222222,0.4180071684587814,0.4180071684587814,hard_example,model_disagreement;high_entropy;low_confidence,send_to_review,96.94892361111111,0.05777777777777778,0.05777777777777778,0.05777777777777778,0.05777777777777778,0.05777777777777778,0.05777777777777778,0.05777777777777778,0.05777777777777778,0.05777777777777778,0.48
1063,spider_001063.jpeg,data/demo/images/spider_001063.jpeg,spider,spider,0.843,val,animals10,ann_2,True,True,,0.15700000000000003,0.3385871788021219,0.03225806451612903,300,200,4226.351730666666,104.28905,49.40887099935429,0.7,False,1.0,,f29f0fb3384b380a,0.0,,,,0.0,0.20355161290322582,0.20355161290322582,ok,,keep,96.94892361111111,0.017444444444444446,0.017444444444444446,0.017444444444444446,0.017444444444444446,0.017444444444444446,0.017444444444444446,0.017444444444444446,0.017444444444444446,0.843,0.017444444444444446
1064,spider_001064.jpeg,data/demo/images/spider_001064.jpeg,spider,spider,0.902,val,animals10,ann_4,True,True,,0.09799999999999998,0.2327793093014132,0.03225806451612903,300,225,3422.488781013114,140.84773333333334,50.017788984142655,0.7,False,1.0,,e5a2d9a2cef1c28c,0.0,,,,0.0,0.1858516129032258,0.1858516129032258,ok,,keep,96.94892361111111,0.010888888888888885,0.010888888888888885,0.010888888888888885,0.010888888888888885,0.010888888888888885,0.010888888888888885,0.010888888888888885,0.010888888888888885,0.902,0.010888888888888885
1065,spider_001065.jpeg,data/demo/images/spider_001065.jpeg,spider,spider,0.893,val,animals10,ann_1,True,True,,0.10699999999999998,0.24984952716727368,0.03225806451612903,300,300,6676.578196219136,150.5231,57.360512935012856,1.0,False,1.0,,b78ccc39985b9916,0.0,,,,0.0,0.1885516129032258,0.1885516129032258,ok,,keep,96.94892361111111,0.011888888888888886,0.011888888888888886,0.011888888888888886,0.011888888888888886,0.011888888888888886,0.011888888888888886,0.011888888888888886,0.011888888888888886,0.893,0.011888888888888886
1066,spider_001066.jpeg,data/demo/images/spider_001066.jpeg,spider,spider,0.887,val,animals10,ann_3,True,True,,0.11299999999999999,0.26102328431933125,0.03225806451612903,300,187,531.2580392156863,215.3451515151515,72.35762291658878,0.7,False,1.0,,e06d8f929a3b9136,0.0,,,,0.0,0.1903516129032258,0.1903516129032258,ok,,keep,96.94892361111111,0.012555555555555554,0.012555555555555554,0.012555555555555554,0.012555555555555554,0.012555555555555554,0.012555555555555554,0.012555555555555554,0.012555555555555554,0.887,0.012555555555555554
1067,spider_001067.jpeg,data/demo/images/spider_001067.jpeg,spider,spider,0.958,val,animals10,ann_2,True,True,,0.04200000000000004,0.11575355315954997,0.03225806451612903,203,300,1631.73447766022,98.96013136288998,26.51189750550401,0.7,False,1.0,,da1de3252665a574,0.0,,,,0.0,0.16905161290322582,0.16905161290322582,ok,,keep,96.94892361111111,0.0046666666666666705,0.0046666666666666705,0.0046666666666666705,0.0046666666666666705,0.0046666666666666705,0.0046666666666666705,0.0046666666666666705,0.0046666666666666705,0.958,0.0046666666666666705
1068,spider_001068.jpeg,data/demo/images/spider_001068.jpeg,spider,spider,0.877,val,animals10,ann_4,True,True,,0.123,0.27930285222902873,0.03225806451612903,300,242,2079.306232814812,120.72469696969696,47.99507615332295,0.7,False,1.0,,b9c0897333ec6be0,0.0,,,,0.0,0.1933516129032258,0.1933516129032258,ok,,keep,96.94892361111111,0.013666666666666667,0.013666666666666667,0.013666666666666667,0.013666666666666667,0.013666666666666667,0.013666666666666667,0.013666666666666667,0.013666666666666667,0.877,0.013666666666666667
1069,spider_001069.jpeg,data/demo/images/spider_001069.jpeg,spider,sheep,0.552,test,animals10,ann_1,True,True,,0.44799999999999995,0.7261777187081864,0.03225806451612903,300,200,724.0347086863889,118.54748333333333,42.90225182900919,0.7,False,1.0,,95d9ccf2890473dc,0.0,,,,0.5022222222222222,0.41640716845878134,0.41640716845878134,suspected_label_error,model_disagreement;suspected_label_error;high_entropy,recheck_label,96.94892361111111,0.049777777777777775,0.049777777777777775,0.049777777777777775,0.049777777777777775,0.049777777777777775,0.049777777777777775,0.049777777777777775,0.552,0.049777777777777775,0.049777777777777775
1070,spider_001070.jpeg,data/demo/images/spider_001070.jpeg,spider,spider,0.954,test,animals10,ann_2,True,True,,0.04600000000000004,0.12491914136620547,0.03225806451612903,300,200,1391.395872888889,125.59291666666667,51.667734933512634,0.7,False,1.0,,84fe12ba5ac77286,0.0,,,,0.0,0.17025161290322582,0.17025161290322582,ok,,keep,96.94892361111111,0.005111111111111116,0.005111111111111116,0.005111111111111116,0.005111111111111116,0.005111111111111116,0.005111111111111116,0.005111111111111116,0.005111111111111116,0.954,0.005111111111111116
1071,spider_001071.jpeg,data/demo/images/spider_001071.jpeg,spider,elephant,0.528,test,animals10,ann_1,True,True,,0.472,0.7507511256592743,0.03225806451612903,300,169,1286.1657002112438,105.44305719921104,37.58610852910447,0.7,False,1.0,,d6a588d37606e98b,0.0,,,,0.47555555555555556,0.4169405017921147,0.4169405017921147,hard_example,model_disagreement;high_entropy;low_confidence,send_to_review,96.94892361111111,0.05244444444444444,0.05244444444444444,0.05244444444444444,0.05244444444444444,0.05244444444444444,0.528,0.05244444444444444,0.05244444444444444,0.05244444444444444,0.05244444444444444
1072,spider_001072.jpeg,data/demo/images/spider_001072.jpeg,spider,spider,0.943,test,animals10,ann_4,True,True,,0.05700000000000005,0.14934242567046443,0.03225806451612903,300,231,1568.2192798327535,81.66962481962481,47.76037908552601,0.7,False,1.0,,dc8d141f9e4a524f,0.0,,,,0.0,0.17355161290322582,0.17355161290322582,ok,,keep,96.94892361111111,0.006333333333333339,0.006333333333333339,0.006333333333333339,0.006333333333333339,0.006333333333333339,0.006333333333333339,0.006333333333333339,0.006333333333333339,0.943,0.006333333333333339
1073,spider_001073.jpeg,data/demo/images/spider_001073.jpeg,spider,spider,0.825,test,animals10,ann_2,True,True,,0.17500000000000004,0.36838626873514746,0.03225806451612903,300,225,406.92519865657067,230.92595555555556,20.139560451956857,0.7,False,0.8,too_bright,b1b4cec67338d8a4,0.0,,,,0.0,0.1789516129032258,0.1789516129032258,ok,too_bright,keep,96.94892361111111,0.019444444444444448,0.019444444444444448,0.019444444444444448,0.019444444444444448,0.019444444444444448,0.019444444444444448,0.019444444444444448,0.019444444444444448,0.825,0.019444444444444448
1074,spider_001074.jpeg,data/demo/images/spider_001074.jpeg,spider,spider,0.904,test,animals10,ann_2,True,True,,0.09599999999999997,0.2289329770417035,0.03225806451612903,300,279,917.3885991100091,144.5131780167264,43.13828123397311,1.0,False,1.0,,b699c826676599c6,0.0,,,,0.0,0.18525161290322578,0.18525161290322578,ok,,keep,96.94892361111111,0.010666666666666665,0.010666666666666665,0.010666666666666665,0.010666666666666665,0.010666666666666665,0.010666666666666665,0.010666666666666665,0.010666666666666665,0.904,0.010666666666666665
1075,spider_001075.jpeg,data/demo/images/spider_001075.jpeg,spider,spider,0.934,test,animals10,ann_3,True,True,,0.06599999999999995,0.16858611913538024,0.03225806451612903,300,207,7336.63283654461,45.94806763285024,45.118864576919506,0.7,False,1.0,,9c6b639448736ab5,0.0,,,,0.0,0.17625161290322577,0.17625161290322577,ok,,keep,96.94892361111111,0.007333333333333327,0.007333333333333327,0.007333333333333327,0.007333333333333327,0.007333333333333327,0.007333333333333327,0.007333333333333327,0.007333333333333327,0.934,0.007333333333333327
1076,spider_001076.jpeg,data/demo/images/spider_001076.jpeg,spider,spider,0.87,test,animals10,ann_2,True,True,,0.13,0.2918571363060806,0.03225806451612903,266,177,742.9621468080256,188.02130325814537,66.81656795828391,0.7,False,1.0,,ec1892e71f4e6199,0.0,,,,0.0,0.1954516129032258,0.1954516129032258,ok,,keep,96.94892361111111,0.014444444444444446,0.014444444444444446,0.014444444444444446,0.014444444444444446,0.014444444444444446,0.014444444444444446,0.014444444444444446,0.014444444444444446,0.87,0.014444444444444446
1077,spider_001077.jpeg,data/demo/images/spider_001077.jpeg,spider,cat,0.522,test,animals10,ann_3,True,True,,0.478,0.7567373780212787,0.03225806451612903,300,190,153.92581283471839,135.60398245614036,13.753139160628821,0.7,False,0.85,low_contrast,8d8c9a9aa9e1e5e4,0.0,,,,0.4688888888888889,0.394573835125448,0.394573835125448,hard_example,low_contrast;model_disagreement;high_entropy;low_confidence,send_to_review,96.94892361111111,0.05311111111111111,0.522,0.05311111111111111,0.05311111111111111,0.05311111111111111,0.05311111111111111,0.05311111111111111,0.05311111111111111,0.05311111111111111,0.05311111111111111
1078,spider_001078.jpeg,data/demo/images/spider_001078.jpeg,spider,spider,0.972,test,animals10,ann_1,True,True,,0.028000000000000025,0.08218675153543593,0.03225806451612903,300,279,1777.0639954795315,130.83908004778974,66.38705012997745,1.0,False,1.0,,bec4d39ac919896c,0.0,,,,0.0,0.1648516129032258,0.1648516129032258,ok,,keep,96.94892361111111,0.003111111111111114,0.003111111111111114,0.003111111111111114,0.003111111111111114,0.003111111111111114,0.003111111111111114,0.003111111111111114,0.003111111111111114,0.972,0.003111111111111114
1079,spider_001079.jpeg,data/demo/images/spider_001079.jpeg,spider,spider,0.97,test,animals10,ann_3,True,True,,0.030000000000000027,0.08714505106038822,0.03225806451612903,300,225,101.25712335253773,151.39165925925926,14.086183776843423,0.7,False,0.85,low_contrast,cf66accd2327c889,0.0,,,,0.0,0.1429516129032258,0.1429516129032258,ok,low_contrast,keep,96.94892361111111,0.003333333333333336,0.003333333333333336,0.003333333333333336,0.003333333333333336,0.003333333333333336,0.003333333333333336,0.003333333333333336,0.003333333333333336,0.97,0.003333333333333336
1080,spider_001080.jpeg,data/demo/images/spider_001080.jpeg,spider,spider,0.852,test,animals10,ann_4,True,True,,0.14800000000000002,0.32329461843439317,0.03225806451612903,241,300,306.773109234613,68.72276625172891,26.241918238684015,0.7,False,1.0,,db7f4c24099bd264,0.0,,,,0.0,0.2008516129032258,0.2008516129032258,ok,,keep,96.94892361111111,0.016444444444444446,0.016444444444444446,0.016444444444444446,0.016444444444444446,0.016444444444444446,0.016444444444444446,0.016444444444444446,0.016444444444444446,0.852,0.016444444444444446
1081,squirrel_001081.jpeg,data/demo/images/squirrel_001081.jpeg,squirrel,squirrel,0.975,train,animals10,ann_1,True,True,,0.025000000000000022,0.07462805787016473,0.024193548387096774,300,200,484.80305278222227,126.38571666666667,38.59466983042765,0.7,False,1.0,,c29fb1c516b4e15a,0.0,,,,0.0,0.16233870967741937,0.16233870967741937,ok,,keep,96.94892361111111,0.00277777777777778,0.00277777777777778,0.00277777777777778,0.00277777777777778,0.00277777777777778,0.00277777777777778,0.00277777777777778,0.00277777777777778,0.00277777777777778,0.975
1082,squirrel_001082.jpeg,data/demo/images/squirrel_001082.jpeg,squirrel,squirrel,0.867,train,animals10,ann_1,True,True,,0.133,0.2971794236519888,0.024193548387096774,300,188,2055.405242296665,75.32562056737589,42.34096882995083,0.7,False,1.0,,d5dd390392e16e32,0.0,,,,0.0,0.19473870967741935,0.19473870967741935,ok,,keep,96.94892361111111,0.014777777777777779,0.014777777777777779,0.014777777777777779,0.014777777777777779,0.014777777777777779,0.014777777777777779,0.014777777777777779,0.014777777777777779,0.014777777777777779,0.867
1083,squirrel_001083.jpeg,data/demo/images/squirrel_001083.jpeg,squirrel,squirrel,0.905,train,animals10,ann_1,True,True,,0.09499999999999997,0.2270023273706416,0.024193548387096774,300,199,1569.1229634703386,134.0675376884422,68.31592167206354,0.7,False,1.0,,93a3c9e4976856c5,0.0,,,,0.0,0.18333870967741933,0.18333870967741933,ok,,keep,96.94892361111111,0.010555555555555552,0.010555555555555552,0.010555555555555552,0.010555555555555552,0.010555555555555552,0.010555555555555552,0.010555555555555552,0.010555555555555552,0.010555555555555552,0.905
1084,squirrel_001084.jpeg,data/demo/images/squirrel_001084.jpeg,squirrel,spider,0.619,train,animals10,ann_1,True,True,,0.381,0.652177464277574,0.024193548387096774,300,212,2646.417048676872,104.89584905660378,48.08689365367901,0.7,False,1.0,,9d8462fbccc9d324,0.0,,,,0.5766666666666667,0.41330537634408604,0.41330537634408604,suspected_label_error,model_disagreement;suspected_label_error;high_entropy,recheck_label,96.94892361111111,0.042333333333333334,0.042333333333333334,0.042333333333333334,0.042333333333333334,0.042333333333333334,0.042333333333333334,0.042333333333333334,0.042333333333333334,0.619,0.042333333333333334
1085,squirrel_001085.jpeg,data/demo/images/squirrel_001085.jpeg,squirrel,squirrel,0.83,train,animals10,ann_1,True,True,,0.17000000000000004,0.36021008895529266,0.024193548387096774,201,300,360.76579948763646,69.49029850746268,21.164971266228537,0.7,False,1.0,,ba95602e31ba476d,0.0,,,,0.0,0.20583870967741935,0.20583870967741935,ok,,keep,96.94892361111111,0.018888888888888893,0.018888888888888893,0.018888888888888893,0.018888888888888893,0.018888888888888893,0.018888888888888893,0.018888888888888893,0.018888888888888893,0.018888888888888893,0.83
1086,squirrel_001086.jpeg,data/demo/images/squirrel_001086.jpeg,squirrel,horse,0.539,train,animals10,ann_3,True,True,,0.46099999999999997,0.7396133214683037,0.024193548387096774,300,200,1396.5681419197222,113.61095,36.17376982608854,0.7,False,1.0,,e7c83277a1c24d9a,0.0,,,,0.4877777777777778,0.4150831541218638,0.4150831541218638,hard_example,model_disagreement;high_entropy;low_confidence,send_to_review,96.94892361111111,0.05122222222222222,0.05122222222222222,0.05122222222222222,0.05122222222222222,0.05122222222222222,0.05122222222222222,0.539,0.05122222222222222,0.05122222222222222,0.05122222222222222
1087,squirrel_001087.jpeg,data/demo/images/squirrel_001087.jpeg,squirrel,squirrel,0.873,train,animals10,ann_1,True,True,,0.127,0.28650028703948066,0.024193548387096774,300,199,785.1881706848031,17.5207202680067,45.023544439771456,0.7,False,0.8,too_dark,949a6b6594cc5b53,0.0,,,,0.0,0.16293870967741936,0.16293870967741936,ok,too_dark,keep,96.94892361111111,0.01411111111111111,0.01411111111111111,0.01411111111111111,0.01411111111111111,0.01411111111111111,0.01411111111111111,0.01411111111111111,0.01411111111111111,0.01411111111111111,0.873
1088,squirrel_001088.jpeg,data/demo/images/squirrel_001088.jpeg,squirrel,squirrel,0.896,train,animals10,ann_4,True,True,,0.10399999999999998,0.2442017726944078,0.024193548387096774,300,180,5943.3028989286695,142.14116666666666,49.39689503034466,0.7,False,1.0,,ed92964dd830c769,0.0,,,,0.0,0.18603870967741934,0.18603870967741934,ok,,keep,96.94892361111111,0.011555555555555553,0.011555555555555553,0.011555555555555553,0.011555555555555553,0.011555555555555553,0.011555555555555553,0.011555555555555553,0.011555555555555553,0.011555555555555553,0.896
1089,squirrel_001089.jpeg,data/demo/images/squirrel_001089.jpeg,squirrel,squirrel,0.852,train,animals10,ann_1,True,True,,0.14800000000000002,0.32329461843439317,0.024193548387096774,225,300,1250.82175587797,89.46020740740741,46.458249854170546,0.7,False,1.0,,ce71f04a8f6390e3,0.0,,,,0.0,0.19923870967741936,0.19923870967741936,ok,,keep,96.94892361111111,0.016444444444444446,0.016444444444444446,0.016444444444444446,0.016444444444444446,0.016444444444444446,0.016444444444444446,0.016444444444444446,0.016444444444444446,0.016444444444444446,0.852
1090,squirrel_001090.jpeg,data/demo/images/squirrel_001090.jpeg,squirrel,squirrel,0.969,train,animals10,ann_4,True,True,,0.031000000000000028,0.08960156097862083,0.024193548387096774,300,200,6234.279681723334,134.4574,45.2559883909301,0.7,False,1.0,,f0984a4ba36b962f,0.0,,,,0.0,0.16413870967741936,0.16413870967741936,ok,,keep,96.94892361111111,0.0034444444444444475,0.0034444444444444475,0.0034444444444444475,0.0034444444444444475,0.0034444444444444475,0.0034444444444444475,0.0034444444444444475,0.0034444444444444475,0.0034444444444444475,0.969
1091,squirrel_001091.jpeg,data/demo/images/squirrel_001091.jpeg,squirrel,sheep,0.576,train,animals10,ann_1,True,True,,0.42400000000000004,0.7005923460122402,0.024193548387096774,252,300,3201.5799842107936,194.29634920634922,71.790172518734,0.7,False,1.0,,b93d8bc2966ce2c1,0.0,,,,0.5288888888888889,0.4142609318996415,0.4142609318996415,suspected_label_error,model_disagreement;suspected_label_error;high_entropy,recheck_label,96.94892361111111,0.04711111111111112,0.04711111111111112,0.04711111111111112,0.04711111111111112,0.04711111111111112,0.04711111111111112,0.04711111111111112,0.576,0.04711111111111112,0.04711111111111112
1092,squirrel_001092.jpeg,data/demo/images/squirrel_001092.jpeg,squirrel,squirrel,0.826,train,animals10,ann_4,True,True,,0.17400000000000004,0.3667571040116898,0.024193548387096774,300,223,1888.6238029611607,142.70774289985053,46.25698570265505,0.7,False,1.0,,fbc88cc730b912ce,0.0,,,,0.0,0.20703870967741936,0.20703870967741936,ok,,keep,96.94892361111111,0.019333333333333338,0.019333333333333338,0.019333333333333338,0.019333333333333338,0.019333333333333338,0.019333333333333338,0.019333333333333338,0.019333333333333338,0.019333333333333338,0.826
1093,squirrel_001093.jpeg,data/demo/images/squirrel_001093.jpeg,squirrel,squirrel,0.885,train,animals10,ann_2,True,True,,0.11499999999999999,0.2647128380343369,0.024193548387096774,300,219,505.647050267926,104.45251141552511,30.371922073948557,0.7,False,1.0,,eca4160b6b69c1d7,0.0,,,,0.0,0.18933870967741934,0.18933870967741934,ok,,keep,96.94892361111111,0.012777777777777777,0.012777777777777777,0.012777777777777777,0.012777777777777777,0.012777777777777777,0.012777777777777777,0.012777777777777777,0.012777777777777777,0.012777777777777777,0.885
1094,squirrel_001094.jpeg,data/demo/images/squirrel_001094.jpeg,squirrel,cat,0.475,train,animals10,ann_4,True,True,,0.525,0.8014642142527618,0.024193548387096774,300,200,2091.9253373333336,95.87853333333334,49.948659099608356,0.7,False,1.0,,acd5ad0a55343dca,0.0,,,,0.41666666666666663,0.416505376344086,0.416505376344086,hard_example,model_disagreement;high_entropy;low_confidence,send_to_review,96.94892361111111,0.058333333333333334,0.475,0.058333333333333334,0.058333333333333334,0.058333333333333334,0.058333333333333334,0.058333333333333334,0.058333333333333334,0.058333333333333334,0.058333333333333334
1095,squirrel_001095.jpeg,data/demo/images/squirrel_001095.jpeg,squirrel,squirrel,0.976,train,animals10,ann_1,True,True,,0.02400000000000002,0.07207372403983002,0.024193548387096774,300,225,5440.842542788258,114.15825185185186,33.011917388796405,0.7,False,1.0,,fc61633e311f2e0c,0.0,,,,0.0,0.16203870967741935,0.16203870967741935,ok,,keep,96.94892361111111,0.002666666666666669,0.002666666666666669,0.002666666666666669,0.002666666666666669,0.002666666666666669,0.002666666666666669,0.002666666666666669,0.002666666666666669,0.002666666666666669,0.976
1096,squirrel_001096.jpeg,data/demo/images/squirrel_001096.jpeg,squirrel,squirrel,0.952,train,animals10,ann_4,True,True,,0.04800000000000004,0.12944168185409546,0.024193548387096774,300,283,3102.981955821232,142.02416961130743,37.77336832454,1.0,False,1.0,,cd351ec96e962133,0.0,,,,0.0,0.16923870967741936,0.16923870967741936,ok,,keep,96.94892361111111,0.005333333333333338,0.005333333333333338,0.005333333333333338,0.005333333333333338,0.005333333333333338,0.005333333333333338,0.005333333333333338,0.005333333333333338,0.005333333333333338,0.952
1097,squirrel_001097.jpeg,data/demo/images/squirrel_001097.jpeg,squirrel,squirrel,0.934,train,animals10,ann_2,True,True,,0.06599999999999995,0.16858611913538024,0.024193548387096774,300,251,1352.965383175752,136.36357237715802,83.09252554740621,0.7,False,1.0,,ae99c037295eb9c8,0.0,,,,0.0,0.17463870967741935,0.17463870967741935,ok,,keep,96.94892361111111,0.007333333333333327,0.007333333333333327,0.007333333333333327,0.007333333333333327,0.007333333333333327,0.007333333333333327,0.007333333333333327,0.007333333333333327,0.007333333333333327,0.934
1098,squirrel_001098.jpeg,data/demo/images/squirrel_001098.jpeg,squirrel,squirrel,0.831,train,animals10,ann_1,True,True,,0.16900000000000004,0.3585656759079942,0.024193548387096774,223,300,4571.4524968440055,131.68715994020926,63.66352455136123,0.7,False,1.0,,add4364b9837d12c,0.0,,,,0.0,0.20553870967741936,0.20553870967741936,ok,,keep,96.94892361111111,0.018777777777777782,0.018777777777777782,0.018777777777777782,0.018777777777777782,0.018777777777777782,0.018777777777777782,0.018777777777777782,0.018777777777777782,0.018777777777777782,0.831
1099,squirrel_001099.jpeg,data/demo/images/squirrel_001099.jpeg,squirrel,squirrel,0.873,train,animals10,ann_2,True,True,,0.127,0.28650028703948066,0.024193548387096774,300,240,3827.0103173840657,104.31268055555556,61.9230514454401,0.7,False,1.0,,cf3a1ecd33c61838,0.0,,,,0.0,0.19293870967741936,0.19293870967741936,ok,,keep,96.94892361111111,0.01411111111111111,0.01411111111111111,0.01411111111111111,0.01411111111111111,0.01411111111111111,0.01411111111111111,0.01411111111111111,0.01411111111111111,0.01411111111111111,0.873
1100,squirrel_001100.jpeg,data/demo/images/squirrel_001100.jpeg,squirrel,squirrel,0.923,train,animals10,ann_1,True,True,,0.07699999999999996,0.1913357129986854,0.024193548387096774,300,220,5833.212496297291,123.19640909090909,58.22278437552352,0.7,False,1.0,,d04a67328c65ef56,0.0,,,,0.0,0.17793870967741934,0.17793870967741934,ok,,keep,96.94892361111111,0.00855555555555555,0.00855555555555555,0.00855555555555555,0.00855555555555555,0.00855555555555555,0.00855555555555555,0.00855555555555555,0.00855555555555555,0.00855555555555555,0.923
1101,squirrel_001101.jpeg,data/demo/images/squirrel_001101.jpeg,squirrel,squirrel,0.89,train,animals10,ann_2,True,True,,0.10999999999999999,0.25545637041400393,0.024193548387096774,300,200,5097.064147493055,176.02298333333334,56.17869692715429,0.7,False,1.0,,ce6d132d64da9938,0.0,,,,0.0,0.18783870967741934,0.18783870967741934,ok,,keep,96.94892361111111,0.012222222222222221,0.012222222222222221,0.012222222222222221,0.012222222222222221,0.012222222222222221,0.012222222222222221,0.012222222222222221,0.012222222222222221,0.012222222222222221,0.89
1102,squirrel_001102.jpeg,data/demo/images/squirrel_001102.jpeg,squirrel,squirrel,0.972,train,animals10,ann_2,True,True,,0.028000000000000025,0.08218675153543593,0.024193548387096774,282,214,3491.942407865053,176.54457479949625,61.40586971981924,0.7,False,1.0,,f8b9c6969e602565,0.0,,,,0.0,0.16323870967741935,0.16323870967741935,ok,,keep,96.94892361111111,0.003111111111111114,0.003111111111111114,0.003111111111111114,0.003111111111111114,0.003111111111111114,0.003111111111111114,0.003111111111111114,0.003111111111111114,0.003111111111111114,0.972
1103,squirrel_001103.jpeg,data/demo/images/squirrel_001103.jpeg,squirrel,squirrel,0.942,train,animals10,ann_2,True,True,,0.05800000000000005,0.1515112871469956,0.024193548387096774,300,225,4494.532820817778,92.10088888888889,52.1011396685853,0.7,False,1.0,,8a333c6cd1ee9334,0.0,,,,0.0,0.17223870967741936,0.17223870967741936,ok,,keep,96.94892361111111,0.0064444444444444506,0.0064444444444444506,0.0064444444444444506,0.0064444444444444506,0.0064444444444444506,0.0064444444444444506,0.0064444444444444506,0.0064444444444444506,0.0064444444444444506,0.942
1104,squirrel_001104.jpeg,data/demo/images/squirrel_001104.jpeg,squirrel,squirrel,0.926,train,animals10,ann_1,True,True,,0.07399999999999995,0.18520902042800194,0.024193548387096774,300,200,2190.588393953056,116.99765,45.08327714142832,0.7,False,1.0,,94c46b8bd30bfec0,0.0,,,,0.0,0.17703870967741933,0.17703870967741933,ok,,keep,96.94892361111111,0.008222222222222218,0.008222222222222218,0.008222222222222218,0.008222222222222218,0.008222222222222218,0.008222222222222218,0.008222222222222218,0.008222222222222218,0.008222222222222218,0.926
1105,squirrel_001105.jpeg,data/demo/images/squirrel_001105.jpeg,squirrel,squirrel,0.897,train,animals10,ann_1,True,True,,0.10299999999999998,0.24230991857412246,0.024193548387096774,209,300,1611.2744950130875,87.59317384370016,42.348191143383076,0.7,False,1.0,,8cc4233bbe5af864,0.0,,,,0.0,0.18573870967741934,0.18573870967741934,ok,,keep,96.94892361111111,0.011444444444444443,0.011444444444444443,0.011444444444444443,0.011444444444444443,0.011444444444444443,0.011444444444444443,0.011444444444444443,0.011444444444444443,0.011444444444444443,0.897
1106,squirrel_001106.jpeg,data/demo/images/squirrel_001106.jpeg,squirrel,squirrel,0.95,train,animals10,ann_4,True,True,,0.050000000000000044,0.1339261958878155,0.024193548387096774,300,225,4350.886629096077,126.65031111111111,52.03759238651123,0.7,False,1.0,,ecae98c1235be133,0.0,,,,0.0,0.16983870967741937,0.16983870967741937,ok,,keep,96.94892361111111,0.00555555555555556,0.00555555555555556,0.00555555555555556,0.00555555555555556,0.00555555555555556,0.00555555555555556,0.00555555555555556,0.00555555555555556,0.00555555555555556,0.95
1107,squirrel_001107.jpeg,data/demo/images/squirrel_001107.jpeg,squirrel,squirrel,0.959,train,animals10,ann_1,True,True,,0.041000000000000036,0.11343575614189247,0.024193548387096774,300,169,2238.880862433233,116.09546351084812,35.269270183298026,0.7,False,1.0,,949e4f9b26669c32,0.0,,,,0.0,0.16713870967741937,0.16713870967741937,ok,,keep,96.94892361111111,0.004555555555555559,0.004555555555555559,0.004555555555555559,0.004555555555555559,0.004555555555555559,0.004555555555555559,0.004555555555555559,0.004555555555555559,0.004555555555555559,0.959
1108,squirrel_001108.jpeg,data/demo/images/squirrel_001108.jpeg,squirrel,squirrel,0.821,train,animals10,ann_3,True,True,,0.17900000000000005,0.37487298030623273,0.024193548387096774,300,201,1038.313061221257,150.3313432835821,40.92729989428471,0.7,False,1.0,,bf07c0d9dde47003,0.0,,,,0.0,0.20853870967741936,0.20853870967741936,ok,,keep,96.94892361111111,0.019888888888888893,0.019888888888888893,0.019888888888888893,0.019888888888888893,0.019888888888888893,0.019888888888888893,0.019888888888888893,0.019888888888888893,0.019888888888888893,0.821
1109,squirrel_001109.jpeg,data/demo/images/squirrel_001109.jpeg,squirrel,squirrel,0.894,train,animals10,ann_4,True,True,,0.10599999999999998,0.24797153813600767,0.024193548387096774,300,200,467.5832446399999,63.91688333333333,38.48380579264983,0.7,False,1.0,,a8dd7557ac0ba509,0.0,,,,0.0,0.18663870967741936,0.18663870967741936,ok,,keep,96.94892361111111,0.011777777777777776,0.011777777777777776,0.011777777777777776,0.011777777777777776,0.011777777777777776,0.011777777777777776,0.011777777777777776,0.011777777777777776,0.011777777777777776,0.894
1110,squirrel_001110.jpeg,data/demo/images/squirrel_001110.jpeg,squirrel,squirrel,0.91,train,animals10,ann_2,True,True,,0.08999999999999997,0.21727232864486018,0.024193548387096774,300,216,742.2193993805728,110.65024691358025,39.36640307796812,0.7,False,1.0,,f81b74c63997c628,0.0,,,,0.0,0.18183870967741933,0.18183870967741933,ok,,keep,96.94892361111111,0.009999999999999997,0.009999999999999997,0.009999999999999997,0.009999999999999997,0.009999999999999997,0.009999999999999997,0.009999999999999997,0.009999999999999997,0.009999999999999997,0.91
1111,squirrel_001111.jpeg,data/demo/images/squirrel_001111.jpeg,squirrel,elephant,0.637,train,animals10,ann_1,True,True,,0.363,0.6309071032978032,0.024193548387096774,300,132,1184.437148023161,131.50646464646465,77.01152254483087,0.7,False,1.0,,96d6fd3dc60310c6,0.0,,,,0.5966666666666667,0.412905376344086,0.412905376344086,suspected_label_error,model_disagreement;suspected_label_error,recheck_label,96.94892361111111,0.04033333333333333,0.04033333333333333,0.04033333333333333,0.04033333333333333,0.04033333333333333,0.637,0.04033333333333333,0.04033333333333333,0.04033333333333333,0.04033333333333333
1112,squirrel_001112.jpeg,data/demo/images/squirrel_001112.jpeg,squirrel,squirrel,0.903,train,animals10,ann_3,True,True,,0.09699999999999998,0.23085862231574839,0.024193548387096774,300,225,419.37879225327845,102.09177777777778,39.009747013082404,0.7,False,1.0,,9f659269966b8d50,0.0,,,,0.0,0.18393870967741935,0.18393870967741935,ok,,keep,96.94892361111111,0.010777777777777775,0.010777777777777775,0.010777777777777775,0.010777777777777775,0.010777777777777775,0.010777777777777775,0.010777777777777775,0.010777777777777775,0.010777777777777775,0.903
1113,squirrel_001113.jpeg,data/demo/images/squirrel_001113.jpeg,squirrel,squirrel,0.821,train,animals10,ann_4,True,True,,0.17900000000000005,0.37487298030623273,0.024193548387096774,200,300,5550.0632547099995,119.48283333333333,41.008870243386234,0.7,False,1.0,,bb59a6ccc8467295,0.0,,,,0.0,0.20853870967741936,0.20853870967741936,ok,,keep,96.94892361111111,0.019888888888888893,0.019888888888888893,0.019888888888888893,0.019888888888888893,0.019888888888888893,0.019888888888888893,0.019888888888888893,0.019888888888888893,0.019888888888888893,0.821
1114,squirrel_001114.jpeg,data/demo/images/squirrel_001114.jpeg,squirrel,squirrel,0.821,train,animals10,ann_4,True,True,,0.17900000000000005,0.37487298030623273,0.024193548387096774,228,300,1358.3659043389418,166.8794298245614,60.86266928537063,0.7,False,1.0,,bf5bce2c101e68b2,0.0,,,,0.0,0.20853870967741936,0.20853870967741936,ok,,keep,96.94892361111111,0.019888888888888893,0.019888888888888893,0.019888888888888893,0.019888888888888893,0.019888888888888893,0.019888888888888893,0.019888888888888893,0.019888888888888893,0.019888888888888893,0.821
1115,squirrel_001115.jpeg,data/demo/images/squirrel_001115.jpeg,squirrel,squirrel,0.821,train,animals10,ann_4,True,True,,0.17900000000000005,0.37487298030623273,0.024193548387096774,300,208,1919.4019997370153,93.79669871794871,33.35066190284605,0.7,False,1.0,,8edb0d05e4f23378,0.0,,,,0.0,0.20853870967741936,0.20853870967741936,ok,,keep,96.94892361111111,0.019888888888888893,0.019888888888888893,0.019888888888888893,0.019888888888888893,0.019888888888888893,0.019888888888888893,0.019888888888888893,0.019888888888888893,0.019888888888888893,0.821
1116,squirrel_001116.jpeg,data/demo/images/squirrel_001116.jpeg,squirrel,squirrel,0.958,train,animals10,ann_2,True,True,,0.04200000000000004,0.11575355315954997,0.024193548387096774,250,250,469.200077069056,74.972784,45.276969634565255,0.7,False,1.0,,a9aa653d9ae81dc1,0.0,,,,0.0,0.16743870967741936,0.16743870967741936,ok,,keep,96.94892361111111,0.0046666666666666705,0.0046666666666666705,0.0046666666666666705,0.0046666666666666705,0.0046666666666666705,0.0046666666666666705,0.0046666666666666705,0.0046666666666666705,0.0046666666666666705,0.958
1117,squirrel_001117.jpeg,data/demo/images/squirrel_001117.jpeg,squirrel,squirrel,0.895,train,animals10,ann_1,True,True,,0.10499999999999998,0.24608896613809964,0.024193548387096774,300,169,348.3913937747278,149.695483234714,57.92470212002394,0.7,False,1.0,,e925b3d49a9298da,0.0,,,,0.0,0.18633870967741933,0.18633870967741933,ok,,keep,96.94892361111111,0.011666666666666665,0.011666666666666665,0.011666666666666665,0.011666666666666665,0.011666666666666665,0.011666666666666665,0.011666666666666665,0.011666666666666665,0.011666666666666665,0.895
1118,squirrel_001118.jpeg,data/demo/images/squirrel_001118.jpeg,squirrel,squirrel,0.867,train,animals10,ann_3,True,True,,0.133,0.2971794236519888,0.024193548387096774,300,225,3094.9287823372288,97.00257777777777,47.23028211762679,0.7,False,1.0,,c06f93509d3773c2,0.0,,,,0.0,0.19473870967741935,0.19473870967741935,ok,,keep,96.94892361111111,0.014777777777777779,0.014777777777777779,0.014777777777777779,0.014777777777777779,0.014777777777777779,0.014777777777777779,0.014777777777777779,0.014777777777777779,0.014777777777777779,0.867
1119,squirrel_001119.jpeg,data/demo/images/squirrel_001119.jpeg,squirrel,squirrel,0.924,train,animals10,ann_4,True,True,,0.07599999999999996,0.1892996919537253,0.024193548387096774,300,199,411.10315875160285,171.8318257956449,56.802962731343776,0.7,False,1.0,,a30f9462c99726ed,0.0,,,,0.0,0.17763870967741935,0.17763870967741935,ok,,keep,96.94892361111111,0.00844444444444444,0.00844444444444444,0.00844444444444444,0.00844444444444444,0.00844444444444444,0.00844444444444444,0.00844444444444444,0.00844444444444444,0.00844444444444444,0.924
1120,squirrel_001120.jpeg,data/demo/images/squirrel_001120.jpeg,squirrel,squirrel,0.83,train,animals10,ann_4,True,True,,0.17000000000000004,0.36021008895529266,0.024193548387096774,300,169,5913.201099998832,94.45930966469427,42.2439405586394,0.7,False,1.0,,a4187949b1f72a7a,0.0,,,,0.0,0.20583870967741935,0.20583870967741935,ok,,keep,96.94892361111111,0.018888888888888893,0.018888888888888893,0.018888888888888893,0.018888888888888893,0.018888888888888893,0.018888888888888893,0.018888888888888893,0.018888888888888893,0.018888888888888893,0.83
1121,squirrel_001121.jpeg,data/demo/images/squirrel_001121.jpeg,squirrel,squirrel,0.828,train,animals10,ann_2,True,True,,0.17200000000000004,0.3634896955546401,0.024193548387096774,300,199,6669.942686366226,90.69385259631491,85.94673231938654,0.7,False,1.0,,8c3624bbd3664cdc,0.0,,,,0.0,0.20643870967741937,0.20643870967741937,ok,,keep,96.94892361111111,0.019111111111111117,0.019111111111111117,0.019111111111111117,0.019111111111111117,0.019111111111111117,0.019111111111111117,0.019111111111111117,0.019111111111111117,0.019111111111111117,0.828
1122,squirrel_001122.jpeg,data/demo/images/squirrel_001122.jpeg,squirrel,squirrel,0.851,train,animals10,ann_3,True,True,,0.14900000000000002,0.32500731993810167,0.024193548387096774,300,225,1255.8261301587931,108.17995555555555,70.81660561487567,0.7,False,1.0,,db0e3e0d01f6ed90,0.0,,,,0.0,0.19953870967741935,0.19953870967741935,ok,,keep,96.94892361111111,0.01655555555555556,0.01655555555555556,0.01655555555555556,0.01655555555555556,0.01655555555555556,0.01655555555555556,0.01655555555555556,0.01655555555555556,0.01655555555555556,0.851
1123,squirrel_001123.jpeg,data/demo/images/squirrel_001123.jpeg,squirrel,squirrel,0.974,train,animals10,ann_3,True,True,,0.026000000000000023,0.07716456985546558,0.024193548387096774,300,203,4875.196235315101,139.61210180623974,57.3948602083935,0.7,False,1.0,,a6468e33c706d36e,0.0,,,,0.0,0.16263870967741936,0.16263870967741936,ok,,keep,96.94892361111111,0.0028888888888888914,0.0028888888888888914,0.0028888888888888914,0.0028888888888888914,0.0028888888888888914,0.0028888888888888914,0.0028888888888888914,0.0028888888888888914,0.0028888888888888914,0.974
1124,squirrel_001124.jpeg,data/demo/images/squirrel_001124.jpeg,squirrel,squirrel,0.951,train,animals10,ann_4,True,True,,0.049000000000000044,0.13168859909070477,0.024193548387096774,300,203,1023.5124841391174,129.75339901477832,49.12550371960066,0.7,False,1.0,,d705ec71d656134a,0.0,,,,0.0,0.16953870967741935,0.16953870967741935,ok,,keep,96.94892361111111,0.00544444444444445,0.00544444444444445,0.00544444444444445,0.00544444444444445,0.00544444444444445,0.00544444444444445,0.00544444444444445,0.00544444444444445,0.00544444444444445,0.951
1125,squirrel_001125.jpeg,data/demo/images/squirrel_001125.jpeg,squirrel,squirrel,0.642,train,animals10,ann_4,True,True,,0.358,0.6248912024776226,0.024193548387096774,300,185,3162.1363307666584,124.13313513513513,60.195844228843406,0.7,False,1.0,,9d84d5d24d0b3e72,0.0,,,,0.0,0.26223870967741936,0.26223870967741936,ok,,keep,96.94892361111111,0.03977777777777777,0.03977777777777777,0.03977777777777777,0.03977777777777777,0.03977777777777777,0.03977777777777777,0.03977777777777777,0.03977777777777777,0.03977777777777777,0.642
1126,squirrel_001126.jpeg,data/demo/images/squirrel_001126.jpeg,squirrel,squirrel,0.913,train,animals10,ann_4,True,True,,0.08699999999999997,0.21137109911164184,0.024193548387096774,300,153,2257.667122884361,99.06551198257081,33.46888126590181,0.7,False,1.0,,a5619e9ecc1be11c,0.0,,,,0.0,0.18093870967741935,0.18093870967741935,ok,,keep,96.94892361111111,0.009666666666666664,0.009666666666666664,0.009666666666666664,0.009666666666666664,0.009666666666666664,0.009666666666666664,0.009666666666666664,0.009666666666666664,0.009666666666666664,0.913
1127,squirrel_001127.jpeg,data/demo/images/squirrel_001127.jpeg,squirrel,squirrel,0.918,train,animals10,ann_3,True,True,,0.08199999999999996,0.20142556419287463,0.024193548387096774,300,188,1470.1952735664706,130.95127659574467,50.75824603868317,0.7,False,1.0,,cb14e5b806dbc51b,0.0,,,,0.0,0.17943870967741934,0.17943870967741934,ok,,keep,96.94892361111111,0.009111111111111106,0.009111111111111106,0.009111111111111106,0.009111111111111106,0.009111111111111106,0.009111111111111106,0.009111111111111106,0.009111111111111106,0.009111111111111106,0.918
1128,squirrel_001128.jpeg,data/demo/images/squirrel_001128.jpeg,squirrel,squirrel,0.893,train,animals10,ann_3,True,True,,0.10699999999999998,0.24984952716727366,0.024193548387096774,300,254,976.079582314809,144.26938320209973,67.53358349652436,0.7,False,1.0,,95563a5866a54bae,0.0,,,,0.0,0.18693870967741935,0.18693870967741935,ok,,keep,96.94892361111111,0.011888888888888886,0.011888888888888886,0.011888888888888886,0.011888888888888886,0.011888888888888886,0.011888888888888886,0.011888888888888886,0.011888888888888886,0.011888888888888886,0.893
1129,squirrel_001129.jpeg,data/demo/images/squirrel_001129.jpeg,horse,squirrel,0.858,train,animals10,ann_3,True,True,,0.14200000000000002,0.3129453941208562,0.016129032258064516,225,300,1354.7643886202468,117.49617777777777,29.22826891742198,0.7,False,1.0,,dcc913e61d288cb7,0.0,,,,0.858,0.4103258064516129,0.4103258064516129,suspected_label_error,model_disagreement;suspected_label_error,recheck_label,96.94892361111111,0.01577777777777778,0.01577777777777778,0.01577777777777778,0.01577777777777778,0.01577777777777778,0.01577777777777778,0.01577777777777778,0.01577777777777778,0.01577777777777778,0.858
1130,squirrel_001130.jpeg,data/demo/images/squirrel_001130.jpeg,squirrel,squirrel,0.614,train,animals10,ann_2,True,True,,0.386,0.6579795248166602,0.024193548387096774,300,196,1314.1048864405454,115.52663265306123,45.25784712153176,0.7,False,1.0,,f342cc397c65213e,0.0,,,,0.0,0.2706387096774193,0.2706387096774193,hard_example,high_entropy,send_to_review,96.94892361111111,0.04288888888888889,0.04288888888888889,0.04288888888888889,0.04288888888888889,0.04288888888888889,0.04288888888888889,0.04288888888888889,0.04288888888888889,0.04288888888888889,0.614
1131,squirrel_001131.jpeg,data/demo/images/squirrel_001131.jpeg,squirrel,squirrel,0.865,train,animals10,ann_2,True,True,,0.135,0.30070874272747405,0.024193548387096774,300,200,593.2568338663889,120.4288,76.19596772288325,0.7,False,1.0,,f787b943040a5af9,0.0,,,,0.0,0.19533870967741934,0.19533870967741934,ok,,keep,96.94892361111111,0.015000000000000001,0.015000000000000001,0.015000000000000001,0.015000000000000001,0.015000000000000001,0.015000000000000001,0.015000000000000001,0.015000000000000001,0.015000000000000001,0.865
1132,squirrel_001132.jpeg,data/demo/images/squirrel_001132.jpeg,squirrel,squirrel,0.934,train,animals10,ann_2,True,True,,0.06599999999999995,0.16858611913538024,0.024193548387096774,300,225,2088.108152485926,133.7527851851852,52.62480188774324,0.7,False,1.0,,a10b1d7cd631c937,0.0,,,,0.0,0.17463870967741935,0.17463870967741935,ok,,keep,96.94892361111111,0.007333333333333327,0.007333333333333327,0.007333333333333327,0.007333333333333327,0.007333333333333327,0.007333333333333327,0.007333333333333327,0.007333333333333327,0.007333333333333327,0.934
1133,squirrel_001133.jpeg,data/demo/images/squirrel_001133.jpeg,squirrel,squirrel,0.973,train,animals10,ann_2,True,True,,0.027000000000000024,0.0796839281985186,0.024193548387096774,300,200,468.8382624108333,112.79586666666667,72.86312324888512,0.7,False,1.0,,9998991e66e2f193,0.0,,,,0.0,0.16293870967741936,0.16293870967741936,ok,,keep,96.94892361111111,0.0030000000000000027,0.0030000000000000027,0.0030000000000000027,0.0030000000000000027,0.0030000000000000027,0.0030000000000000027,0.0030000000000000027,0.0030000000000000027,0.0030000000000000027,0.973
1134,squirrel_001134.jpeg,data/demo/images/squirrel_001134.jpeg,squirrel,cat,0.625,train,animals10,ann_2,True,True,,0.375,0.6451542004588605,0.024193548387096774,300,209,3595.1485269138116,84.56642743221691,50.32553490023067,0.7,False,1.0,,8dc3619a5d33c65a,0.0,,,,0.5833333333333334,0.4131720430107526,0.4131720430107526,suspected_label_error,model_disagreement;suspected_label_error,recheck_label,96.94892361111111,0.041666666666666664,0.625,0.041666666666666664,0.041666666666666664,0.041666666666666664,0.041666666666666664,0.041666666666666664,0.041666666666666664,0.041666666666666664,0.041666666666666664
1135,squirrel_001135.jpeg,data/demo/images/squirrel_001135.jpeg,squirrel,squirrel,0.893,train,animals10,ann_3,True,True,,0.10699999999999998,0.24984952716727366,0.024193548387096774,300,200,1726.6670901197222,146.35406666666665,80.85492524760355,0.7,False,1.0,,b381f80e46a7c85f,0.0,,,,0.0,0.18693870967741935,0.18693870967741935,ok,,keep,96.94892361111111,0.011888888888888886,0.011888888888888886,0.011888888888888886,0.011888888888888886,0.011888888888888886,0.011888888888888886,0.011888888888888886,0.011888888888888886,0.011888888888888886,0.893
1136,squirrel_001136.jpeg,data/demo/images/squirrel_001136.jpeg,squirrel,squirrel,0.859,train,animals10,ann_1,True,True,,0.14100000000000001,0.31120816687255437,0.024193548387096774,300,149,1503.7300850812528,147.6289932885906,53.43237655286543,0.7,False,1.0,,bcced19827231fc8,0.0,,,,0.0,0.19713870967741937,0.19713870967741937,ok,,keep,96.94892361111111,0.01566666666666667,0.01566666666666667,0.01566666666666667,0.01566666666666667,0.01566666666666667,0.01566666666666667,0.01566666666666667,0.01566666666666667,0.01566666666666667,0.859
1137,squirrel_001137.jpeg,data/demo/images/squirrel_001137.jpeg,squirrel,squirrel,0.946,train,animals10,ann_1,True,True,,0.05400000000000005,0.1427868131002429,0.024193548387096774,300,243,2920.6308526244684,102.63451303155007,46.07903718136063,0.7,False,1.0,,db3764f8c0759330,0.0,,,,0.0,0.17103870967741935,0.17103870967741935,ok,,keep,96.94892361111111,0.006000000000000005,0.006000000000000005,0.006000000000000005,0.006000000000000005,0.006000000000000005,0.006000000000000005,0.006000000000000005,0.006000000000000005,0.006000000000000005,0.946
1138,squirrel_001138.jpeg,data/demo/images/squirrel_001138.jpeg,squirrel,squirrel,0.826,train,animals10,ann_1,True,True,,0.17400000000000004,0.3667571040116898,0.024193548387096774,300,200,2213.256226604167,112.31385,35.64745640543656,0.7,False,1.0,,bcdc4323a3c83dc3,0.0,,,,0.0,0.20703870967741936,0.20703870967741936,ok,,keep,96.94892361111111,0.019333333333333338,0.019333333333333338,0.019333333333333338,0.019333333333333338,0.019333333333333338,0.019333333333333338,0.019333333333333338,0.019333333333333338,0.019333333333333338,0.826
1139,squirrel_001139.jpeg,data/demo/images/squirrel_001139.jpeg,horse,squirrel,0.966,train,animals10,ann_4,True,True,,0.03400000000000003,0.09688605368118958,0.016129032258064516,300,180,3424.2873481203706,172.61364814814814,53.52217756692855,0.7,False,1.0,,bbcac0358563f23c,0.0,,,,0.966,0.4049258064516129,0.4049258064516129,suspected_label_error,model_disagreement;suspected_label_error,recheck_label,96.94892361111111,0.003777777777777781,0.003777777777777781,0.003777777777777781,0.003777777777777781,0.003777777777777781,0.003777777777777781,0.003777777777777781,0.003777777777777781,0.003777777777777781,0.966
1140,squirrel_001140.jpeg,data/demo/images/squirrel_001140.jpeg,spider,horse,0.53,train,animals10,ann_2,True,True,,0.47,0.7487417709753323,0.03225806451612903,225,300,1086.9203258844443,117.98407407407407,39.61710851520621,0.7,False,1.0,,f4adebe00df22823,0.0,,,,0.4777777777777778,0.4168960573476702,0.4168960573476702,hard_example,model_disagreement;high_entropy;low_confidence,send_to_review,96.94892361111111,0.05222222222222222,0.05222222222222222,0.05222222222222222,0.05222222222222222,0.05222222222222222,0.05222222222222222,0.53,0.05222222222222222,0.05222222222222222,0.05222222222222222
1141,squirrel_001141.jpeg,data/demo/images/squirrel_001141.jpeg,squirrel,squirrel,0.966,train,animals10,ann_4,True,True,,0.03400000000000003,0.09688605368118958,0.024193548387096774,300,211,1276.3527601893238,120.09783570300158,34.7955457154351,0.7,False,1.0,,b74c8b17380db0d7,0.0,,,,0.0,0.16503870967741935,0.16503870967741935,ok,,keep,96.94892361111111,0.003777777777777781,0.003777777777777781,0.003777777777777781,0.003777777777777781,0.003777777777777781,0.003777777777777781,0.003777777777777781,0.003777777777777781,0.003777777777777781,0.966
1142,squirrel_001142.jpeg,data/demo/images/squirrel_001142.jpeg,squirrel,squirrel,0.853,train,animals10,ann_3,True,True,,0.14700000000000002,0.321578472750757,0.024193548387096774,300,200,1502.9660522641668,84.71698333333333,36.768874312834974,0.7,False,1.0,,ce5c76859f856059,0.0,,,,0.0,0.19893870967741936,0.19893870967741936,ok,,keep,96.94892361111111,0.016333333333333335,0.016333333333333335,0.016333333333333335,0.016333333333333335,0.016333333333333335,0.016333333333333335,0.016333333333333335,0.016333333333333335,0.016333333333333335,0.853
1143,squirrel_001143.jpeg,data/demo/images/squirrel_001143.jpeg,squirrel,squirrel,0.853,train,animals10,ann_4,True,True,,0.14700000000000002,0.321578472750757,0.024193548387096774,300,158,404.19258882613184,62.228459915611815,47.89122322266535,0.7,False,1.0,,da236d0cd2c59367,0.0,,,,0.0,0.19893870967741936,0.19893870967741936,ok,,keep,96.94892361111111,0.016333333333333335,0.016333333333333335,0.016333333333333335,0.016333333333333335,0.016333333333333335,0.016333333333333335,0.016333333333333335,0.016333333333333335,0.016333333333333335,0.853
1144,squirrel_001144.jpeg,data/demo/images/squirrel_001144.jpeg,squirrel,squirrel,0.837,train,animals10,ann_4,True,True,,0.16300000000000003,0.3486337368374615,0.024193548387096774,300,169,773.6053369104723,129.34589743589743,57.36088788974879,0.7,False,1.0,,8172766d6ec89333,0.0,,,,0.0,0.20373870967741936,0.20373870967741936,ok,,keep,96.94892361111111,0.018111111111111116,0.018111111111111116,0.018111111111111116,0.018111111111111116,0.018111111111111116,0.018111111111111116,0.018111111111111116,0.018111111111111116,0.018111111111111116,0.837
1145,squirrel_001145.jpeg,data/demo/images/squirrel_001145.jpeg,squirrel,dog,0.538,train,animals10,ann_4,True,True,,0.46199999999999997,0.7406345780025756,0.024193548387096774,300,225,2131.286394973937,142.08687407407407,38.67795401736405,0.7,False,1.0,,e693cf661d3018c7,0.0,,,,0.4866666666666667,0.41510537634408595,0.41510537634408595,hard_example,model_disagreement;high_entropy;low_confidence,send_to_review,96.94892361111111,0.05133333333333333,0.05133333333333333,0.05133333333333333,0.05133333333333333,0.538,0.05133333333333333,0.05133333333333333,0.05133333333333333,0.05133333333333333,0.05133333333333333
1146,squirrel_001146.jpeg,data/demo/images/squirrel_001146.jpeg,squirrel,squirrel,0.865,train,animals10,ann_2,True,True,,0.135,0.30070874272747405,0.024193548387096774,300,253,3849.1418394802117,125.24674571805006,53.259478542575316,0.7,False,1.0,,bcc283f50b9c3d1c,0.0,,,,0.0,0.19533870967741934,0.19533870967741934,ok,,keep,96.94892361111111,0.015000000000000001,0.015000000000000001,0.015000000000000001,0.015000000000000001,0.015000000000000001,0.015000000000000001,0.015000000000000001,0.015000000000000001,0.015000000000000001,0.865
1147,squirrel_001147.jpeg,data/demo/images/squirrel_001147.jpeg,squirrel,cow,0.471,train,animals10,ann_4,True,True,,0.529,0.8050933853861346,0.024193548387096774,300,199,6576.053166144513,158.94278056951424,83.365904174717,0.7,False,1.0,,afecc03893837d16,0.0,,,,0.4122222222222222,0.41659426523297494,0.41659426523297494,hard_example,model_disagreement;high_entropy;low_confidence,send_to_review,96.94892361111111,0.05877777777777778,0.05877777777777778,0.05877777777777778,0.471,0.05877777777777778,0.05877777777777778,0.05877777777777778,0.05877777777777778,0.05877777777777778,0.05877777777777778
1148,squirrel_001148.jpeg,data/demo/images/squirrel_001148.jpeg,squirrel,squirrel,0.885,train,animals10,ann_3,True,True,,0.11499999999999999,0.2647128380343369,0.024193548387096774,300,169,2018.9456397414501,96.65856015779093,30.599790621710714,0.7,False,1.0,,8f0e34318fee65c4,0.0,,,,0.0,0.18933870967741934,0.18933870967741934,ok,,keep,96.94892361111111,0.012777777777777777,0.012777777777777777,0.012777777777777777,0.012777777777777777,0.012777777777777777,0.012777777777777777,0.012777777777777777,0.012777777777777777,0.012777777777777777,0.885
1149,squirrel_001149.jpeg,data/demo/images/squirrel_001149.jpeg,squirrel,squirrel,0.87,train,animals10,ann_3,True,True,,0.13,0.2918571363060806,0.024193548387096774,300,188,4349.677672853164,66.7915780141844,60.848662257881244,0.7,False,1.0,,c3c7636224b997b2,0.0,,,,0.0,0.19383870967741934,0.19383870967741934,ok,,keep,96.94892361111111,0.014444444444444446,0.014444444444444446,0.014444444444444446,0.014444444444444446,0.014444444444444446,0.014444444444444446,0.014444444444444446,0.014444444444444446,0.014444444444444446,0.87
1150,squirrel_001150.jpeg,data/demo/images/squirrel_001150.jpeg,squirrel,squirrel,0.964,train,animals10,ann_4,True,True,,0.03600000000000003,0.10167557528692024,0.024193548387096774,300,300,687.1033382795063,104.67816666666667,33.213362287137784,1.0,False,1.0,,8d965e8967663a13,0.0,,,,0.0,0.16563870967741937,0.16563870967741937,ok,,keep,96.94892361111111,0.0040000000000000036,0.0040000000000000036,0.0040000000000000036,0.0040000000000000036,0.0040000000000000036,0.0040000000000000036,0.0040000000000000036,0.0040000000000000036,0.0040000000000000036,0.964
1151,squirrel_001151.jpeg,data/demo/images/squirrel_001151.jpeg,squirrel,squirrel,0.826,train,animals10,ann_1,True,True,,0.17400000000000004,0.3667571040116898,0.024193548387096774,300,300,1189.6624053209875,218.04437777777778,62.153873281929684,1.0,False,1.0,,fbc784386b8319e4,0.0,,,,0.0,0.20703870967741936,0.20703870967741936,ok,,keep,96.94892361111111,0.019333333333333338,0.019333333333333338,0.019333333333333338,0.019333333333333338,0.019333333333333338,0.019333333333333338,0.019333333333333338,0.019333333333333338,0.019333333333333338,0.826
1152,squirrel_001152.jpeg,data/demo/images/squirrel_001152.jpeg,squirrel,squirrel,0.925,train,animals10,ann_1,True,True,,0.07499999999999996,0.187257486327022,0.024193548387096774,300,194,2379.1433240939527,149.90104810996564,70.3030080471826,0.7,False,1.0,,f2c6991966670c73,0.0,,,,0.0,0.17733870967741933,0.17733870967741933,ok,,keep,96.94892361111111,0.008333333333333328,0.008333333333333328,0.008333333333333328,0.008333333333333328,0.008333333333333328,0.008333333333333328,0.008333333333333328,0.008333333333333328,0.008333333333333328,0.925
1153,squirrel_001153.jpeg,data/demo/images/squirrel_001153.jpeg,squirrel,squirrel,0.834,train,animals10,ann_4,True,True,,0.16600000000000004,0.35361382337745995,0.024193548387096774,300,200,3378.901448986389,114.08015,31.918556660833417,0.7,False,1.0,,c1d12eceb85c3333,0.0,,,,0.0,0.20463870967741937,0.20463870967741937,ok,,keep,96.94892361111111,0.018444444444444447,0.018444444444444447,0.018444444444444447,0.018444444444444447,0.018444444444444447,0.018444444444444447,0.018444444444444447,0.018444444444444447,0.018444444444444447,0.834
1154,squirrel_001154.jpeg,data/demo/images/squirrel_001154.jpeg,squirrel,squirrel,0.914,train,animals10,ann_3,True,True,,0.08599999999999997,0.2093931617611685,0.024193548387096774,300,200,2367.173379253056,82.33215,58.41356999628454,0.7,False,1.0,,9c5aa54dc7214eb6,0.0,,,,0.0,0.18063870967741935,0.18063870967741935,ok,,keep,96.94892361111111,0.009555555555555552,0.009555555555555552,0.009555555555555552,0.009555555555555552,0.009555555555555552,0.009555555555555552,0.009555555555555552,0.009555555555555552,0.009555555555555552,0.914
1155,squirrel_001155.jpeg,data/demo/images/squirrel_001155.jpeg,squirrel,squirrel,0.899,train,animals10,ann_1,True,True,,0.10099999999999998,0.23851206749020762,0.024193548387096774,300,190,4497.690799039397,150.74122807017545,59.37877214079105,0.7,False,1.0,,cd6dc050b27a9f1c,0.0,,,,0.0,0.18513870967741936,0.18513870967741936,ok,,keep,96.94892361111111,0.01122222222222222,0.01122222222222222,0.01122222222222222,0.01122222222222222,0.01122222222222222,0.01122222222222222,0.01122222222222222,0.01122222222222222,0.01122222222222222,0.899
1156,squirrel_001156.jpeg,data/demo/images/squirrel_001156.jpeg,squirrel,squirrel,0.937,train,animals10,ann_2,True,True,,0.06299999999999994,0.16223882247430893,0.024193548387096774,200,300,631.5961639822223,62.787616666666665,27.832078195008283,0.7,False,1.0,,e9ac1ed2327a83c6,0.0,,,,0.0,0.17373870967741933,0.17373870967741933,ok,,keep,96.94892361111111,0.006999999999999994,0.006999999999999994,0.006999999999999994,0.006999999999999994,0.006999999999999994,0.006999999999999994,0.006999999999999994,0.006999999999999994,0.006999999999999994,0.937
1157,squirrel_001157.jpeg,data/demo/images/squirrel_001157.jpeg,squirrel,squirrel,0.887,train,animals10,ann_2,True,True,,0.11299999999999999,0.26102328431933125,0.024193548387096774,300,185,1562.964379507832,108.2549009009009,53.44341200552208,0.7,False,1.0,,9fc6c839706c9d19,0.0,,,,0.0,0.18873870967741935,0.18873870967741935,ok,,keep,96.94892361111111,0.012555555555555554,0.012555555555555554,0.012555555555555554,0.012555555555555554,0.012555555555555554,0.012555555555555554,0.012555555555555554,0.012555555555555554,0.012555555555555554,0.887
1158,squirrel_001158.jpeg,data/demo/images/squirrel_001158.jpeg,squirrel,squirrel,0.953,train,animals10,ann_2,True,True,,0.04700000000000004,0.1271852599694001,0.024193548387096774,225,300,6084.183615367023,122.70725925925926,38.516046765137595,0.7,False,1.0,,978c316cfef2e081,0.0,,,,0.0,0.16893870967741936,0.16893870967741936,ok,,keep,96.94892361111111,0.005222222222222227,0.005222222222222227,0.005222222222222227,0.005222222222222227,0.005222222222222227,0.005222222222222227,0.005222222222222227,0.005222222222222227,0.005222222222222227,0.953
1159,squirrel_001159.jpeg,data/demo/images/squirrel_001159.jpeg,squirrel,butterfly,0.463,train,animals10,ann_1,True,True,,0.5369999999999999,0.8122680329639987,0.024193548387096774,300,225,1073.8768904392864,143.12425185185185,71.87117640970091,0.7,False,1.0,,f4c681cb9f3018f5,0.0,,,,0.4033333333333334,0.41677204301075266,0.41677204301075266,hard_example,model_disagreement;high_entropy;low_confidence,send_to_review,96.94892361111111,0.463,0.05966666666666666,0.05966666666666666,0.05966666666666666,0.05966666666666666,0.05966666666666666,0.05966666666666666,0.05966666666666666,0.05966666666666666,0.05966666666666666
1160,squirrel_001160.jpeg,data/demo/images/squirrel_001160.jpeg,squirrel,squirrel,0.915,train,animals10,ann_2,True,True,,0.08499999999999996,0.2074096992028829,0.024193548387096774,300,216,743.2550189605244,81.87288580246914,48.858240386951934,0.7,False,1.0,,eedd542b6634a905,0.0,,,,0.0,0.18033870967741933,0.18033870967741933,ok,,keep,96.94892361111111,0.009444444444444441,0.009444444444444441,0.009444444444444441,0.009444444444444441,0.009444444444444441,0.009444444444444441,0.009444444444444441,0.009444444444444441,0.009444444444444441,0.915
1161,squirrel_001161.jpeg,data/demo/images/squirrel_001161.jpeg,squirrel,squirrel,0.838,train,animals10,ann_1,True,True,,0.16200000000000003,0.3469673622181481,0.024193548387096774,300,200,977.0012146108334,111.60618333333333,47.65129020743358,0.7,False,1.0,,df013f43a5f8911c,0.0,,,,0.0,0.20343870967741937,0.20343870967741937,ok,,keep,96.94892361111111,0.018000000000000002,0.018000000000000002,0.018000000000000002,0.018000000000000002,0.018000000000000002,0.018000000000000002,0.018000000000000002,0.018000000000000002,0.018000000000000002,0.838
1162,squirrel_001162.jpeg,data/demo/images/squirrel_001162.jpeg,squirrel,squirrel,0.952,train,animals10,ann_1,True,True,,0.04800000000000004,0.12944168185409546,0.024193548387096774,201,300,569.0789699363877,127.8497512437811,66.03991766709808,0.7,False,1.0,,ff4984d2e8261d5c,0.0,,,,0.0,0.16923870967741936,0.16923870967741936,ok,,keep,96.94892361111111,0.005333333333333338,0.005333333333333338,0.005333333333333338,0.005333333333333338,0.005333333333333338,0.005333333333333338,0.005333333333333338,0.005333333333333338,0.005333333333333338,0.952
1163,squirrel_001163.jpeg,data/demo/images/squirrel_001163.jpeg,squirrel,squirrel,0.972,train,animals10,ann_3,True,True,,0.028000000000000025,0.08218675153543593,0.024193548387096774,300,226,4026.34045103941,178.645604719764,78.87758098196512,0.7,False,1.0,,b0d366cd98658e99,0.0,,,,0.0,0.16323870967741935,0.16323870967741935,ok,,keep,96.94892361111111,0.003111111111111114,0.003111111111111114,0.003111111111111114,0.003111111111111114,0.003111111111111114,0.003111111111111114,0.003111111111111114,0.003111111111111114,0.003111111111111114,0.972
1164,squirrel_001164.jpeg,data/demo/images/squirrel_001164.jpeg,squirrel,squirrel,0.874,train,animals10,ann_2,True,True,,0.126,0.28470687103912906,0.024193548387096774,265,300,1475.6814813684587,125.35493081761007,67.16236254297272,1.0,False,1.0,,bc141bafc36b8638,0.0,,,,0.0,0.19263870967741936,0.19263870967741936,ok,,keep,96.94892361111111,0.014,0.014,0.014,0.014,0.014,0.014,0.014,0.014,0.014,0.874
1165,squirrel_001165.jpeg,data/demo/images/squirrel_001165.jpeg,squirrel,cow,0.461,train,animals10,ann_3,True,True,,0.5389999999999999,0.8140442372045712,0.024193548387096774,288,216,4309.003761549008,94.86474408436214,55.01742878148863,0.7,False,1.0,,897e3186d8c72df0,0.0,,,,0.40111111111111114,0.41681648745519706,0.41681648745519706,hard_example,model_disagreement;high_entropy;low_confidence,send_to_review,96.94892361111111,0.05988888888888888,0.05988888888888888,0.05988888888888888,0.461,0.05988888888888888,0.05988888888888888,0.05988888888888888,0.05988888888888888,0.05988888888888888,0.05988888888888888
1166,squirrel_001166.jpeg,data/demo/images/squirrel_001166.jpeg,squirrel,squirrel,0.887,train,animals10,ann_1,True,True,,0.11299999999999999,0.26102328431933125,0.024193548387096774,300,169,6270.221496319768,133.0651479289941,63.070675396715394,0.7,False,1.0,,a2923c6c5bf6131e,0.0,,,,0.0,0.18873870967741935,0.18873870967741935,ok,,keep,96.94892361111111,0.012555555555555554,0.012555555555555554,0.012555555555555554,0.012555555555555554,0.012555555555555554,0.012555555555555554,0.012555555555555554,0.012555555555555554,0.012555555555555554,0.887
1167,squirrel_001167.jpeg,data/demo/images/squirrel_001167.jpeg,squirrel,squirrel,0.847,train,animals10,ann_1,True,True,,0.15300000000000002,0.33182406213607063,0.024193548387096774,300,169,1661.7236813977102,94.13765285996055,27.567666193259896,0.7,False,1.0,,af2c9c85936c6c66,0.0,,,,0.0,0.20073870967741936,0.20073870967741936,ok,,keep,96.94892361111111,0.017,0.017,0.017,0.017,0.017,0.017,0.017,0.017,0.017,0.847
1168,squirrel_001168.jpeg,data/demo/images/squirrel_001168.jpeg,squirrel,squirrel,0.842,train,animals10,ann_2,True,True,,0.15800000000000003,0.340269711366965,0.024193548387096774,300,200,9662.893339699722,128.06833333333333,52.49514006606283,0.7,False,1.0,,cc55eb694a54e32a,0.0,,,,0.0,0.20223870967741936,0.20223870967741936,ok,,keep,96.94892361111111,0.01755555555555556,0.01755555555555556,0.01755555555555556,0.01755555555555556,0.01755555555555556,0.01755555555555556,0.01755555555555556,0.01755555555555556,0.01755555555555556,0.842
1169,squirrel_001169.jpeg,data/demo/images/squirrel_001169.jpeg,squirrel,squirrel,0.831,train,animals10,ann_3,True,True,,0.16900000000000004,0.3585656759079942,0.024193548387096774,300,225,1635.4245893396983,86.31583703703704,60.03951682266746,0.7,False,1.0,,d02066df99f0e297,0.0,,,,0.0,0.20553870967741936,0.20553870967741936,ok,,keep,96.94892361111111,0.018777777777777782,0.018777777777777782,0.018777777777777782,0.018777777777777782,0.018777777777777782,0.018777777777777782,0.018777777777777782,0.018777777777777782,0.018777777777777782,0.831
1170,squirrel_001170.jpeg,data/demo/images/squirrel_001170.jpeg,squirrel,squirrel,0.977,train,animals10,ann_4,True,True,,0.02300000000000002,0.06950084439251455,0.024193548387096774,300,246,1853.31432777943,88.664972899729,49.76025359805652,0.7,False,1.0,,fd0b02601f7ff206,0.0,,,,0.0,0.16173870967741935,0.16173870967741935,ok,,keep,96.94892361111111,0.002555555555555558,0.002555555555555558,0.002555555555555558,0.002555555555555558,0.002555555555555558,0.002555555555555558,0.002555555555555558,0.002555555555555558,0.002555555555555558,0.977
1171,squirrel_001171.jpeg,data/demo/images/squirrel_001171.jpeg,squirrel,squirrel,0.966,train,animals10,ann_2,True,True,,0.03400000000000003,0.09688605368118958,0.024193548387096774,300,200,2374.797593270833,76.94866666666667,40.419219416290346,0.7,False,1.0,,bc33678c69134e33,0.0,,,,0.0,0.16503870967741935,0.16503870967741935,ok,,keep,96.94892361111111,0.003777777777777781,0.003777777777777781,0.003777777777777781,0.003777777777777781,0.003777777777777781,0.003777777777777781,0.003777777777777781,0.003777777777777781,0.003777777777777781,0.966
1172,squirrel_001172.jpeg,data/demo/images/squirrel_001172.jpeg,squirrel,squirrel,0.98,train,animals10,ann_1,True,True,,0.020000000000000018,0.06166269175391802,0.024193548387096774,300,225,8725.068801108586,86.80656296296296,57.60193377574484,0.7,False,1.0,,eee1d1809bf9026d,0.0,,,,0.0,0.16083870967741937,0.16083870967741937,ok,,keep,96.94892361111111,0.0022222222222222244,0.0022222222222222244,0.0022222222222222244,0.0022222222222222244,0.0022222222222222244,0.0022222222222222244,0.0022222222222222244,0.0022222222222222244,0.0022222222222222244,0.98
1173,squirrel_001173.jpeg,data/demo/images/squirrel_001173.jpeg,squirrel,squirrel,0.972,train,animals10,ann_2,True,True,,0.028000000000000025,0.08218675153543593,0.024193548387096774,300,206,271.82754925063625,203.5234142394822,64.74468929247568,0.7,False,1.0,,fac995869634c939,0.0,,,,0.0,0.16323870967741935,0.16323870967741935,ok,,keep,96.94892361111111,0.003111111111111114,0.003111111111111114,0.003111111111111114,0.003111111111111114,0.003111111111111114,0.003111111111111114,0.003111111111111114,0.003111111111111114,0.003111111111111114,0.972
1174,squirrel_001174.jpeg,data/demo/images/squirrel_001174.jpeg,horse,squirrel,0.852,train,animals10,ann_4,True,True,,0.14800000000000002,0.32329461843439317,0.016129032258064516,300,200,718.3009227975,95.83513333333333,44.045618991172724,0.7,False,1.0,,951534d29ba96d72,0.0,,,,0.852,0.41062580645161295,0.41062580645161295,suspected_label_error,model_disagreement;suspected_label_error,recheck_label,96.94892361111111,0.016444444444444446,0.016444444444444446,0.016444444444444446,0.016444444444444446,0.016444444444444446,0.016444444444444446,0.016444444444444446,0.016444444444444446,0.016444444444444446,0.852
1175,squirrel_001175.jpeg,data/demo/images/squirrel_001175.jpeg,squirrel,squirrel,0.842,train,animals10,ann_1,True,True,,0.15800000000000003,0.340269711366965,0.024193548387096774,300,234,2673.3959161806724,110.47692307692307,49.07417326558478,0.7,False,1.0,,bfc7d8a9c6070654,0.0,,,,0.0,0.20223870967741936,0.20223870967741936,ok,,keep,96.94892361111111,0.01755555555555556,0.01755555555555556,0.01755555555555556,0.01755555555555556,0.01755555555555556,0.01755555555555556,0.01755555555555556,0.01755555555555556,0.01755555555555556,0.842
1176,squirrel_001176.jpeg,data/demo/images/squirrel_001176.jpeg,squirrel,squirrel,0.888,train,animals10,ann_2,True,True,,0.11199999999999999,0.2591720245638017,0.024193548387096774,300,225,4104.579751858217,103.45351111111111,52.705624004902674,0.7,False,1.0,,dfe0196dc0b36c92,0.0,,,,0.0,0.18843870967741935,0.18843870967741935,ok,,keep,96.94892361111111,0.012444444444444444,0.012444444444444444,0.012444444444444444,0.012444444444444444,0.012444444444444444,0.012444444444444444,0.012444444444444444,0.012444444444444444,0.012444444444444444,0.888
1177,squirrel_001177.jpeg,data/demo/images/squirrel_001177.jpeg,squirrel,squirrel,0.958,val,animals10,ann_1,True,True,,0.04200000000000004,0.11575355315954997,0.024193548387096774,300,169,542.3761878863563,140.0804339250493,35.45693389941394,0.7,False,1.0,,e78a98acd76a9039,0.0,,,,0.0,0.16743870967741936,0.16743870967741936,ok,,keep,96.94892361111111,0.0046666666666666705,0.0046666666666666705,0.0046666666666666705,0.0046666666666666705,0.0046666666666666705,0.0046666666666666705,0.0046666666666666705,0.0046666666666666705,0.0046666666666666705,0.958
1178,squirrel_001178.jpeg,data/demo/images/squirrel_001178.jpeg,squirrel,sheep,0.548,val,animals10,ann_1,True,True,,0.45199999999999996,0.730343291339451,0.024193548387096774,300,199,7198.734708597145,126.02311557788944,55.61186714342179,0.7,False,1.0,,f2f14bc78ccccc0c,0.0,,,,0.4977777777777778,0.4148831541218637,0.4148831541218637,hard_example,model_disagreement;high_entropy;low_confidence,send_to_review,96.94892361111111,0.05022222222222222,0.05022222222222222,0.05022222222222222,0.05022222222222222,0.05022222222222222,0.05022222222222222,0.05022222222222222,0.548,0.05022222222222222,0.05022222222222222
1179,squirrel_001179.jpeg,data/demo/images/squirrel_001179.jpeg,squirrel,squirrel,0.959,val,animals10,ann_2,True,True,,0.041000000000000036,0.11343575614189247,0.024193548387096774,225,154,1221.6555511170245,112.3376911976912,40.19552848401856,0.7,False,1.0,,dc67a733311cc8a6,0.0,,,,0.0,0.16713870967741937,0.16713870967741937,ok,,keep,96.94892361111111,0.004555555555555559,0.004555555555555559,0.004555555555555559,0.004555555555555559,0.004555555555555559,0.004555555555555559,0.004555555555555559,0.004555555555555559,0.004555555555555559,0.959
1180,squirrel_001180.jpeg,data/demo/images/squirrel_001180.jpeg,squirrel,squirrel,0.973,val,animals10,ann_4,True,True,,0.027000000000000024,0.0796839281985186,0.024193548387096774,245,206,11705.498179304357,114.86952645135725,58.75788592642979,0.7,False,1.0,,c2434f2f99b33998,0.0,,,,0.0,0.16293870967741936,0.16293870967741936,ok,,keep,96.94892361111111,0.0030000000000000027,0.0030000000000000027,0.0030000000000000027,0.0030000000000000027,0.0030000000000000027,0.0030000000000000027,0.0030000000000000027,0.0030000000000000027,0.0030000000000000027,0.973
1181,squirrel_001181.jpeg,data/demo/images/squirrel_001181.jpeg,squirrel,squirrel,0.904,val,animals10,ann_3,True,True,,0.09599999999999997,0.22893297704170346,0.024193548387096774,300,215,1549.817051147407,126.71043410852714,37.51541218745298,0.7,False,1.0,,91f06e5994d571a3,0.0,,,,0.0,0.18363870967741935,0.18363870967741935,ok,,keep,96.94892361111111,0.010666666666666665,0.010666666666666665,0.010666666666666665,0.010666666666666665,0.010666666666666665,0.010666666666666665,0.010666666666666665,0.010666666666666665,0.010666666666666665,0.904
1182,squirrel_001182.jpeg,data/demo/images/squirrel_001182.jpeg,horse,squirrel,0.945,val,animals10,ann_2,True,True,,0.05500000000000005,0.14498032671278155,0.016129032258064516,205,300,3535.330509493291,143.2978048780488,61.39666031324884,0.7,False,1.0,,99c1f6a588796e86,0.0,,,,0.945,0.4059758064516129,0.4059758064516129,suspected_label_error,model_disagreement;suspected_label_error,recheck_label,96.94892361111111,0.006111111111111117,0.006111111111111117,0.006111111111111117,0.006111111111111117,0.006111111111111117,0.006111111111111117,0.006111111111111117,0.006111111111111117,0.006111111111111117,0.945
1183,squirrel_001183.jpeg,data/demo/images/squirrel_001183.jpeg,squirrel,squirrel,0.915,val,animals10,ann_2,True,True,,0.08499999999999996,0.2074096992028829,0.024193548387096774,201,300,8749.96652978199,128.91014925373133,51.91510374154265,0.7,False,1.0,,cd929b6d3669960a,0.0,,,,0.0,0.18033870967741933,0.18033870967741933,ok,,keep,96.94892361111111,0.009444444444444441,0.009444444444444441,0.009444444444444441,0.009444444444444441,0.009444444444444441,0.009444444444444441,0.009444444444444441,0.009444444444444441,0.009444444444444441,0.915
1184,squirrel_001184.jpeg,data/demo/images/squirrel_001184.jpeg,squirrel,squirrel,0.902,val,animals10,ann_1,True,True,,0.09799999999999998,0.2327793093014132,0.024193548387096774,300,200,4269.276425328889,106.52236666666667,36.53318856052519,0.7,False,1.0,,afccda3c8c933544,0.0,,,,0.0,0.18423870967741934,0.18423870967741934,ok,,keep,96.94892361111111,0.010888888888888885,0.010888888888888885,0.010888888888888885,0.010888888888888885,0.010888888888888885,0.010888888888888885,0.010888888888888885,0.010888888888888885,0.010888888888888885,0.902
1185,squirrel_001185.jpeg,data/demo/images/squirrel_001185.jpeg,squirrel,squirrel,0.892,val,animals10,ann_4,True,True,,0.10799999999999998,0.2517229709804101,0.024193548387096774,300,223,651.4415938573737,162.39648729446935,70.5142890855419,0.7,False,1.0,,b637da5e44c9294a,0.0,,,,0.0,0.18723870967741935,0.18723870967741935,ok,,keep,96.94892361111111,0.011999999999999999,0.011999999999999999,0.011999999999999999,0.011999999999999999,0.011999999999999999,0.011999999999999999,0.011999999999999999,0.011999999999999999,0.011999999999999999,0.892
1186,squirrel_001186.jpeg,data/demo/images/squirrel_001186.jpeg,squirrel,squirrel,0.951,val,animals10,ann_2,True,True,,0.049000000000000044,0.13168859909070477,0.024193548387096774,300,200,1151.6541179155558,154.53241666666668,40.620281664373714,0.7,False,1.0,,b14c4e91d833fbc2,0.0,,,,0.0,0.16953870967741935,0.16953870967741935,ok,,keep,96.94892361111111,0.00544444444444445,0.00544444444444445,0.00544444444444445,0.00544444444444445,0.00544444444444445,0.00544444444444445,0.00544444444444445,0.00544444444444445,0.00544444444444445,0.951
1187,squirrel_001187.jpeg,data/demo/images/squirrel_001187.jpeg,squirrel,squirrel,0.916,val,animals10,ann_1,True,True,,0.08399999999999996,0.2054206525410096,0.024193548387096774,300,196,1517.4495347352376,149.2336224489796,33.04612930507795,0.7,False,1.0,,d964e79b249966a8,0.0,,,,0.0,0.18003870967741933,0.18003870967741933,ok,,keep,96.94892361111111,0.009333333333333329,0.009333333333333329,0.009333333333333329,0.009333333333333329,0.009333333333333329,0.009333333333333329,0.009333333333333329,0.009333333333333329,0.009333333333333329,0.916
1188,squirrel_001188.jpeg,data/demo/images/squirrel_001188.jpeg,squirrel,squirrel,0.859,val,animals10,ann_3,True,True,,0.14100000000000001,0.31120816687255437,0.024193548387096774,300,200,1938.3278943197224,136.02983333333333,71.99537955062735,0.7,False,1.0,,ad05d23abaa2ef82,0.0,,,,0.0,0.19713870967741937,0.19713870967741937,ok,,keep,96.94892361111111,0.01566666666666667,0.01566666666666667,0.01566666666666667,0.01566666666666667,0.01566666666666667,0.01566666666666667,0.01566666666666667,0.01566666666666667,0.01566666666666667,0.859
1189,squirrel_001189.jpeg,data/demo/images/squirrel_001189.jpeg,squirrel,squirrel,0.837,test,animals10,ann_3,True,True,,0.16300000000000003,0.3486337368374615,0.024193548387096774,300,200,1778.4310015308333,92.8285,30.60167132282157,0.7,False,1.0,,941d73e6ce9a1833,0.0,,,,0.0,0.20373870967741936,0.20373870967741936,ok,,keep,96.94892361111111,0.018111111111111116,0.018111111111111116,0.018111111111111116,0.018111111111111116,0.018111111111111116,0.018111111111111116,0.018111111111111116,0.018111111111111116,0.018111111111111116,0.837
1190,squirrel_001190.jpeg,data/demo/images/squirrel_001190.jpeg,squirrel,squirrel,0.896,test,animals10,ann_4,True,True,,0.10399999999999998,0.2442017726944078,0.024193548387096774,300,200,1244.1577659722225,113.73331666666667,54.5082592824218,0.7,False,1.0,,be8cc132e53a953a,0.0,,,,0.0,0.18603870967741934,0.18603870967741934,ok,,keep,96.94892361111111,0.011555555555555553,0.011555555555555553,0.011555555555555553,0.011555555555555553,0.011555555555555553,0.011555555555555553,0.011555555555555553,0.011555555555555553,0.011555555555555553,0.896
1191,squirrel_001191.jpeg,data/demo/images/squirrel_001191.jpeg,squirrel,squirrel,0.872,test,animals10,ann_4,True,True,,0.128,0.2882897858891631,0.024193548387096774,300,210,901.6960646520536,105.26058730158731,30.140195420277838,0.7,False,1.0,,c1ae5439ca1765cb,0.0,,,,0.0,0.19323870967741935,0.19323870967741935,ok,,keep,96.94892361111111,0.014222222222222223,0.014222222222222223,0.014222222222222223,0.014222222222222223,0.014222222222222223,0.014222222222222223,0.014222222222222223,0.014222222222222223,0.014222222222222223,0.872
1192,squirrel_001192.jpeg,data/demo/images/squirrel_001192.jpeg,squirrel,squirrel,0.824,test,animals10,ann_2,True,True,,0.17600000000000005,0.3700124253446628,0.024193548387096774,300,200,5255.141732638888,144.96008333333333,34.82780388319638,0.7,False,1.0,,937cccd3899a4e91,0.0,,,,0.0,0.20763870967741938,0.20763870967741938,ok,,keep,96.94892361111111,0.019555555555555562,0.019555555555555562,0.019555555555555562,0.019555555555555562,0.019555555555555562,0.019555555555555562,0.019555555555555562,0.019555555555555562,0.019555555555555562,0.824
1193,squirrel_001193.jpeg,data/demo/images/squirrel_001193.jpeg,squirrel,squirrel,0.879,test,animals10,ann_1,True,True,,0.121,0.27568008830107765,0.024193548387096774,246,205,1721.857658236332,84.74560777315091,40.852057098116425,0.7,False,1.0,,b0e6a3313e1e1f0e,0.0,,,,0.0,0.19113870967741936,0.19113870967741936,ok,,keep,96.94892361111111,0.013444444444444445,0.013444444444444445,0.013444444444444445,0.013444444444444445,0.013444444444444445,0.013444444444444445,0.013444444444444445,0.013444444444444445,0.013444444444444445,0.879
1194,squirrel_001194.jpeg,data/demo/images/squirrel_001194.jpeg,squirrel,squirrel,0.968,test,animals10,ann_3,True,True,,0.03200000000000003,0.09204361077835214,0.024193548387096774,300,225,13628.817626872098,100.42404444444445,53.18982325050767,0.7,False,1.0,,b39cce6792e90ca4,0.0,,,,0.0,0.16443870967741936,0.16443870967741936,ok,,keep,96.94892361111111,0.0035555555555555588,0.0035555555555555588,0.0035555555555555588,0.0035555555555555588,0.0035555555555555588,0.0035555555555555588,0.0035555555555555588,0.0035555555555555588,0.0035555555555555588,0.968
1195,squirrel_001195.jpeg,data/demo/images/squirrel_001195.jpeg,squirrel,squirrel,0.891,test,animals10,ann_4,True,True,,0.10899999999999999,0.25359190661355835,0.024193548387096774,300,225,1689.2257441097395,108.6590962962963,35.643930960184946,0.7,False,1.0,,d8d2218dcf6676c8,0.0,,,,0.0,0.18753870967741934,0.18753870967741934,ok,,keep,96.94892361111111,0.012111111111111109,0.012111111111111109,0.012111111111111109,0.012111111111111109,0.012111111111111109,0.012111111111111109,0.012111111111111109,0.012111111111111109,0.012111111111111109,0.891
1196,squirrel_001196.jpeg,data/demo/images/squirrel_001196.jpeg,squirrel,squirrel,0.908,test,animals10,ann_2,True,True,,0.09199999999999997,0.22117987595253683,0.024193548387096774,300,225,481.1283252541015,83.32991111111112,27.516689133705523,0.7,False,1.0,,9c636d349b4d3478,0.0,,,,0.0,0.18243870967741935,0.18243870967741935,ok,,keep,96.94892361111111,0.01022222222222222,0.01022222222222222,0.01022222222222222,0.01022222222222222,0.01022222222222222,0.01022222222222222,0.01022222222222222,0.01022222222222222,0.01022222222222222,0.908
1197,squirrel_001197.jpeg,data/demo/images/squirrel_001197.jpeg,squirrel,squirrel,0.973,test,animals10,ann_2,True,True,,0.027000000000000024,0.0796839281985186,0.024193548387096774,225,300,6096.31598048044,138.82065185185186,54.445794832865616,0.7,False,1.0,,a05cceae56e694d2,0.0,,,,0.0,0.16293870967741936,0.16293870967741936,ok,,keep,96.94892361111111,0.0030000000000000027,0.0030000000000000027,0.0030000000000000027,0.0030000000000000027,0.0030000000000000027,0.0030000000000000027,0.0030000000000000027,0.0030000000000000027,0.0030000000000000027,0.973
1198,squirrel_001198.jpeg,data/demo/images/squirrel_001198.jpeg,squirrel,squirrel,0.972,test,animals10,ann_3,True,True,,0.028000000000000025,0.08218675153543593,0.024193548387096774,300,300,13502.269945421727,89.66162222222222,52.75925374789774,1.0,False,1.0,,91895ccd64bac877,0.0,,,,0.0,0.16323870967741935,0.16323870967741935,ok,,keep,96.94892361111111,0.003111111111111114,0.003111111111111114,0.003111111111111114,0.003111111111111114,0.003111111111111114,0.003111111111111114,0.003111111111111114,0.003111111111111114,0.003111111111111114,0.972
1199,squirrel_001199.jpeg,data/demo/images/squirrel_001199.jpeg,squirrel,squirrel,0.876,test,animals10,ann_1,True,True,,0.124,0.2811081808641757,0.024193548387096774,270,300,1184.234457464411,94.79685185185186,51.59996102463145,1.0,False,1.0,,9b8deca4db158866,0.0,,,,0.0,0.19203870967741934,0.19203870967741934,ok,,keep,96.94892361111111,0.013777777777777778,0.013777777777777778,0.013777777777777778,0.013777777777777778,0.013777777777777778,0.013777777777777778,0.013777777777777778,0.013777777777777778,0.013777777777777778,0.876
1200,squirrel_001200.jpeg,data/demo/images/squirrel_001200.jpeg,squirrel,squirrel,0.891,test,animals10,ann_1,True,True,,0.10899999999999999,0.25359190661355835,0.024193548387096774,300,221,2310.63379564892,144.63517345399697,55.80146172684248,0.7,False,1.0,,c218b26699779e66,0.0,,,,0.0,0.18753870967741934,0.18753870967741934,ok,,keep,96.94892361111111,0.012111111111111109,0.012111111111111109,0.012111111111111109,0.012111111111111109,0.012111111111111109,0.012111111111111109,0.012111111111111109,0.012111111111111109,0.012111111111111109,0.891
