id,file_path,resolved_path,label,predicted_label,confidence,status,reasons,recommendation,object_utility_score,final_score,entropy,uncertainty_score,label_error_probability,quality_score,quality_reasons,blur_score,brightness,contrast,width,height,duplicate_score,duplicate_group_id,duplicate_neighbor_id,duplicate_distance,class_deficit_score,dataset_readiness_score,prob_butterfly,prob_cat,prob_chicken,prob_cow,prob_dog,prob_elephant,prob_horse,prob_sheep,prob_spider,prob_squirrel
328,chicken_000328.jpeg,data/demo/images/chicken_000328.jpeg,spider,chicken,0.978,suspected_label_error,model_disagreement;suspected_label_error;rare_class;class_deficit;valuable_for_training,recheck_label,0.5745,0.5745,0.15406281841560157,0.0,0.978,1.0,,2880.222284491922,125.27054761904762,54.97449230312025,280,300,0.0,,,,0.9,96.94892361111111,0.0024444444444444466,0.0024444444444444466,0.978,0.0024444444444444466,0.0024444444444444466,0.0024444444444444466,0.0024444444444444466,0.0024444444444444466,0.0024444444444444466,0.0024444444444444466
444,cow_000444.jpeg,data/demo/images/cow_000444.jpeg,horse,cow,0.975,suspected_label_error,model_disagreement;suspected_label_error;rare_class;class_deficit;valuable_for_training,recheck_label,0.5734166666666667,0.5734166666666667,0.1718374535709383,0.0,0.975,1.0,,288.21196530555557,112.45163333333333,40.22794875040928,300,200,0.0,,,,0.8983333333333333,96.94892361111111,0.00277777777777778,0.00277777777777778,0.00277777777777778,0.975,0.00277777777777778,0.00277777777777778,0.00277777777777778,0.00277777777777778,0.00277777777777778,0.00277777777777778
260,chicken_000260.jpeg,data/demo/images/chicken_000260.jpeg,elephant,chicken,0.975,suspected_label_error,model_disagreement;suspected_label_error;rare_class;class_deficit;valuable_for_training,recheck_label,0.5730833333333334,0.5730833333333334,0.1718374535709383,0.0,0.975,1.0,,5490.678034915556,128.32802962962964,37.28306472221139,300,225,0.0,,,,0.8966666666666667,96.94892361111111,0.00277777777777778,0.00277777777777778,0.975,0.00277777777777778,0.00277777777777778,0.00277777777777778,0.00277777777777778,0.00277777777777778,0.00277777777777778,0.00277777777777778
370,cow_000370.jpeg,data/demo/images/cow_000370.jpeg,sheep,cow,0.969,suspected_label_error,model_disagreement;suspected_label_error;rare_class;class_deficit;valuable_for_training,recheck_label,0.5725833333333333,0.5725833333333333,0.2063152186183693,0.0,0.969,1.0,,1976.719415948347,151.62480303030304,62.81673247431039,300,220,0.0,,,,0.9016666666666666,96.94892361111111,0.0034444444444444475,0.0034444444444444475,0.0034444444444444475,0.969,0.0034444444444444475,0.0034444444444444475,0.0034444444444444475,0.0034444444444444475,0.0034444444444444475,0.0034444444444444475
418,cow_000418.jpeg,data/demo/images/cow_000418.jpeg,cat,cow,0.967,suspected_label_error,model_disagreement;suspected_label_error;rare_class;class_deficit;valuable_for_training,recheck_label,0.5724166666666667,0.5724166666666667,0.2175289854025043,0.0,0.967,1.0,,1923.3929672317656,129.13505279034692,48.600394255909,300,221,0.0,,,,0.9033333333333333,96.94892361111111,0.00366666666666667,0.00366666666666667,0.00366666666666667,0.967,0.00366666666666667,0.00366666666666667,0.00366666666666667,0.00366666666666667,0.00366666666666667,0.00366666666666667
266,chicken_000266.jpeg,data/demo/images/chicken_000266.jpeg,elephant,chicken,0.97,suspected_label_error,model_disagreement;suspected_label_error;rare_class;class_deficit;valuable_for_training,recheck_label,0.5718333333333333,0.5718333333333333,0.20065889549985488,0.0,0.97,1.0,,1390.196805246275,120.58254180602006,52.62701912760375,299,300,0.0,,,,0.8966666666666667,96.94892361111111,0.003333333333333336,0.003333333333333336,0.97,0.003333333333333336,0.003333333333333336,0.003333333333333336,0.003333333333333336,0.003333333333333336,0.003333333333333336,0.003333333333333336
327,chicken_000327.jpeg,data/demo/images/chicken_000327.jpeg,sheep,chicken,0.964,suspected_label_error,model_disagreement;suspected_label_error;rare_class;class_deficit;valuable_for_training,recheck_label,0.5713333333333334,0.5713333333333334,0.2341166639772564,0.0,0.964,1.0,,5946.980561472716,103.74042307692308,77.1284243179499,300,260,0.0,,,,0.9016666666666666,96.94892361111111,0.0040000000000000036,0.0040000000000000036,0.964,0.0040000000000000036,0.0040000000000000036,0.0040000000000000036,0.0040000000000000036,0.0040000000000000036,0.0040000000000000036,0.0040000000000000036
1139,squirrel_001139.jpeg,data/demo/images/squirrel_001139.jpeg,horse,squirrel,0.966,suspected_label_error,model_disagreement;suspected_label_error;rare_class;class_deficit;valuable_for_training,recheck_label,0.5711666666666667,0.5711666666666667,0.223088382925328,0.0,0.966,1.0,,3424.2873481203706,172.61364814814814,53.52217756692855,300,180,0.0,,,,0.8983333333333333,96.94892361111111,0.003777777777777781,0.003777777777777781,0.003777777777777781,0.003777777777777781,0.003777777777777781,0.003777777777777781,0.003777777777777781,0.003777777777777781,0.003777777777777781,0.966
749,horse_000749.jpeg,data/demo/images/horse_000749.jpeg,butterfly,horse,0.965,suspected_label_error,model_disagreement;suspected_label_error;rare_class;class_deficit;valuable_for_training,recheck_label,0.5710833333333334,0.5710833333333334,0.22861732924465517,0.0,0.965,1.0,,1703.718288962622,125.98684603886397,68.86417910130184,300,223,0.0,,,,0.8991666666666667,96.94892361111111,0.0038888888888888922,0.0038888888888888922,0.0038888888888888922,0.0038888888888888922,0.0038888888888888922,0.0038888888888888922,0.965,0.0038888888888888922,0.0038888888888888922,0.0038888888888888922
440,cow_000440.jpeg,data/demo/images/cow_000440.jpeg,sheep,cow,0.962,suspected_label_error,model_disagreement;suspected_label_error;rare_class;class_deficit;valuable_for_training,recheck_label,0.5708333333333333,0.5708333333333333,0.24502962731090236,0.0,0.962,1.0,,6651.3472159122075,128.8396888888889,69.98642262753188,300,225,0.0,,,,0.9016666666666666,96.94892361111111,0.004222222222222226,0.004222222222222226,0.004222222222222226,0.962,0.004222222222222226,0.004222222222222226,0.004222222222222226,0.004222222222222226,0.004222222222222226,0.004222222222222226
315,chicken_000315.jpeg,data/demo/images/chicken_000315.jpeg,cow,chicken,0.958,suspected_label_error,model_disagreement;suspected_label_error;rare_class;class_deficit;valuable_for_training,recheck_label,0.57,0.57,0.2665324059662736,0.0,0.958,1.0,,11444.681200734618,132.41826666666665,78.26729057663665,300,275,0.0,,,,0.9025,96.94892361111111,0.0046666666666666705,0.0046666666666666705,0.958,0.0046666666666666705,0.0046666666666666705,0.0046666666666666705,0.0046666666666666705,0.0046666666666666705,0.0046666666666666705,0.0046666666666666705
174,cat_000174.jpeg,data/demo/images/cat_000174.jpeg,chicken,cat,0.954,suspected_label_error,model_disagreement;suspected_label_error;rare_class;class_deficit;valuable_for_training,recheck_label,0.5688333333333333,0.5688333333333333,0.28763695273944057,0.0,0.954,1.0,,1747.4243631694924,141.50127407407408,61.51916929680803,300,225,0.0,,,,0.9016666666666666,96.94892361111111,0.005111111111111116,0.954,0.005111111111111116,0.005111111111111116,0.005111111111111116,0.005111111111111116,0.005111111111111116,0.005111111111111116,0.005111111111111116,0.005111111111111116
466,cow_000466.jpeg,data/demo/images/cow_000466.jpeg,spider,cow,0.951,suspected_label_error,model_disagreement;suspected_label_error;rare_class;class_deficit;valuable_for_training,recheck_label,0.56775,0.56775,0.30322420518352605,0.0,0.951,1.0,,687.2051476099774,104.00528571428572,57.47648369907845,300,210,0.0,,,,0.9,96.94892361111111,0.00544444444444445,0.00544444444444445,0.00544444444444445,0.951,0.00544444444444445,0.00544444444444445,0.00544444444444445,0.00544444444444445,0.00544444444444445,0.00544444444444445
971,spider_000971.jpeg,data/demo/images/spider_000971.jpeg,dog,spider,0.948,suspected_label_error,model_disagreement;suspected_label_error;rare_class;class_deficit;valuable_for_training,recheck_label,0.5665,0.5665,0.31861820549962666,0.0,0.948,1.0,,1410.9828740965102,175.28001302083334,26.1101546038573,300,256,0.0,,,,0.8975,96.94892361111111,0.005777777777777783,0.005777777777777783,0.005777777777777783,0.005777777777777783,0.005777777777777783,0.005777777777777783,0.005777777777777783,0.005777777777777783,0.948,0.005777777777777783
1182,squirrel_001182.jpeg,data/demo/images/squirrel_001182.jpeg,horse,squirrel,0.945,suspected_label_error,model_disagreement;suspected_label_error;rare_class;class_deficit;valuable_for_training,recheck_label,0.5659166666666666,0.5659166666666666,0.3338295390662573,0.0,0.945,1.0,,3535.330509493291,143.2978048780488,61.39666031324884,205,300,0.0,,,,0.8983333333333333,96.94892361111111,0.006111111111111117,0.006111111111111117,0.006111111111111117,0.006111111111111117,0.006111111111111117,0.006111111111111117,0.006111111111111117,0.006111111111111117,0.006111111111111117,0.945
152,cat_000152.jpg,data/demo/images/cat_000152.jpg,elephant,cat,0.944,suspected_label_error,model_disagreement;suspected_label_error;rare_class;class_deficit;valuable_for_training,recheck_label,0.5653333333333334,0.5653333333333334,0.33886104979044535,0.0,0.944,1.0,,521.3898318921563,80.74990463615023,61.477285581341555,640,426,0.0,,,,0.8966666666666667,96.94892361111111,0.006222222222222228,0.944,0.006222222222222228,0.006222222222222228,0.006222222222222228,0.006222222222222228,0.006222222222222228,0.006222222222222228,0.006222222222222228,0.006222222222222228
379,cow_000379.jpeg,data/demo/images/cow_000379.jpeg,dog,cow,0.943,suspected_label_error,model_disagreement;suspected_label_error;rare_class;class_deficit;valuable_for_training,recheck_label,0.56525,0.56525,0.3438736431003827,0.0,0.943,1.0,,1054.3528905505145,121.72710144927537,53.78729408179856,300,230,0.0,,,,0.8975,96.94892361111111,0.006333333333333339,0.006333333333333339,0.006333333333333339,0.943,0.006333333333333339,0.006333333333333339,0.006333333333333339,0.006333333333333339,0.006333333333333339,0.006333333333333339
225,cat_000225.jpeg,data/demo/images/cat_000225.jpeg,butterfly,cat,0.94,suspected_label_error,model_disagreement;suspected_label_error;rare_class;class_deficit;valuable_for_training,recheck_label,0.5648333333333333,0.5648333333333333,0.35880098714077857,0.0,0.94,1.0,,805.7119154160594,147.55526315789473,67.60245594393477,300,209,0.0,,,,0.8991666666666667,96.94892361111111,0.006666666666666672,0.94,0.006666666666666672,0.006666666666666672,0.006666666666666672,0.006666666666666672,0.006666666666666672,0.006666666666666672,0.006666666666666672,0.006666666666666672
662,elephant_000662.jpeg,data/demo/images/elephant_000662.jpeg,horse,elephant,0.935,suspected_label_error,model_disagreement;suspected_label_error;rare_class;class_deficit;valuable_for_training,recheck_label,0.5634166666666667,0.5634166666666667,0.38332868908085305,0.0,0.935,1.0,,2347.4399914266664,103.98813333333334,45.677326532780164,300,200,0.0,,,,0.8983333333333333,96.94892361111111,0.007222222222222217,0.007222222222222217,0.007222222222222217,0.007222222222222217,0.007222222222222217,0.935,0.007222222222222217,0.007222222222222217,0.007222222222222217,0.007222222222222217
603,elephant_000603.jpg,data/demo/images/elephant_000603.jpg,dog,elephant,0.933,suspected_label_error,model_disagreement;suspected_label_error;rare_class;class_deficit;valuable_for_training,recheck_label,0.56275,0.56275,0.3930228577738976,0.0,0.933,1.0,,1694.9545200032362,157.01309461805556,62.92234692534503,640,360,0.0,,,,0.8975,96.94892361111111,0.007444444444444438,0.007444444444444438,0.007444444444444438,0.007444444444444438,0.007444444444444438,0.933,0.007444444444444438,0.007444444444444438,0.007444444444444438,0.007444444444444438
851,sheep_000851.jpeg,data/demo/images/sheep_000851.jpeg,elephant,sheep,0.931,suspected_label_error,model_disagreement;suspected_label_error;rare_class;class_deficit;valuable_for_training,recheck_label,0.5620833333333334,0.5620833333333334,0.40265302885617626,0.0,0.931,1.0,,528.6152686390533,97.06526627218935,53.87233009056405,169,300,0.0,,,,0.8966666666666667,96.94892361111111,0.007666666666666661,0.007666666666666661,0.007666666666666661,0.007666666666666661,0.007666666666666661,0.007666666666666661,0.007666666666666661,0.931,0.007666666666666661,0.007666666666666661
433,cow_000433.jpeg,data/demo/images/cow_000433.jpeg,dog,cow,0.928,suspected_label_error,model_disagreement;suspected_label_error;rare_class;class_deficit;valuable_for_training,recheck_label,0.5615,0.5615,0.41698202995559513,0.0,0.928,1.0,,1921.5426646246367,109.15340740740741,60.80881886167941,300,225,0.0,,,,0.8975,96.94892361111111,0.007999999999999995,0.007999999999999995,0.007999999999999995,0.928,0.007999999999999995,0.007999999999999995,0.007999999999999995,0.007999999999999995,0.007999999999999995,0.007999999999999995
5,butterfly_000005.jpeg,data/demo/images/butterfly_000005.jpeg,chicken,butterfly,0.923,suspected_label_error,model_disagreement;suspected_label_error;rare_class;class_deficit;valuable_for_training,recheck_label,0.5610833333333334,0.5610833333333334,0.44056676050816007,0.0,0.923,1.0,,4797.555814697136,148.76471631205675,62.001234514342535,300,188,0.0,,,,0.9016666666666666,96.94892361111111,0.923,0.00855555555555555,0.00855555555555555,0.00855555555555555,0.00855555555555555,0.00855555555555555,0.00855555555555555,0.00855555555555555,0.00855555555555555,0.00855555555555555
125,cat_000125.jpeg,data/demo/images/cat_000125.jpeg,dog,cat,0.924,suspected_label_error,model_disagreement;suspected_label_error;rare_class;class_deficit;valuable_for_training,recheck_label,0.5605,0.5605,0.43587864880101285,0.0,0.924,1.0,,1116.6041591502833,121.34901018922854,66.01654867105697,229,300,0.0,,,,0.8975,96.94892361111111,0.00844444444444444,0.924,0.00844444444444444,0.00844444444444444,0.00844444444444444,0.00844444444444444,0.00844444444444444,0.00844444444444444,0.00844444444444444,0.00844444444444444
660,elephant_000660.jpg,data/demo/images/elephant_000660.jpg,cat,elephant,0.908,suspected_label_error,model_disagreement;suspected_label_error;rare_class;class_deficit;valuable_for_training,recheck_label,0.5576666666666666,0.5576666666666666,0.5092854852385835,0.0,0.908,1.0,,1143.4687703705765,134.90887404580153,39.089925990003906,524,640,0.0,,,,0.9033333333333333,96.94892361111111,0.01022222222222222,0.01022222222222222,0.01022222222222222,0.01022222222222222,0.01022222222222222,0.908,0.01022222222222222,0.01022222222222222,0.01022222222222222,0.01022222222222222
48,butterfly_000048.jpeg,data/demo/images/butterfly_000048.jpeg,squirrel,butterfly,0.909,suspected_label_error,model_disagreement;suspected_label_error;rare_class;class_deficit;valuable_for_training,recheck_label,0.5570833333333334,0.5570833333333334,0.5047927998193716,0.0,0.909,1.0,,6315.236823990001,210.91736666666668,61.06960659370584,300,300,0.0,,,,0.8991666666666667,96.94892361111111,0.909,0.010111111111111107,0.010111111111111107,0.010111111111111107,0.010111111111111107,0.010111111111111107,0.010111111111111107,0.010111111111111107,0.010111111111111107,0.010111111111111107
534,dog_000534.jpeg,data/demo/images/dog_000534.jpeg,cat,dog,0.904,suspected_label_error,model_disagreement;suspected_label_error;rare_class;class_deficit;valuable_for_training,recheck_label,0.5566666666666666,0.5566666666666666,0.5271376602309746,0.0,0.904,1.0,,1829.0142796867974,123.49432918395574,72.40362953265254,300,241,0.0,,,,0.9033333333333333,96.94892361111111,0.010666666666666665,0.010666666666666665,0.010666666666666665,0.010666666666666665,0.904,0.010666666666666665,0.010666666666666665,0.010666666666666665,0.010666666666666665,0.010666666666666665
873,sheep_000873.jpeg,data/demo/images/sheep_000873.jpeg,elephant,sheep,0.909,suspected_label_error,model_disagreement;suspected_label_error;rare_class;class_deficit;valuable_for_training,recheck_label,0.5565833333333333,0.5565833333333333,0.5047927998193716,0.0,0.909,1.0,,1039.4011049110563,107.45148148148148,35.762237087588865,300,225,0.0,,,,0.8966666666666667,96.94892361111111,0.010111111111111107,0.010111111111111107,0.010111111111111107,0.010111111111111107,0.010111111111111107,0.010111111111111107,0.010111111111111107,0.909,0.010111111111111107,0.010111111111111107
254,chicken_000254.jpeg,data/demo/images/chicken_000254.jpeg,elephant,chicken,0.909,suspected_label_error,model_disagreement;suspected_label_error;rare_class;class_deficit;valuable_for_training,recheck_label,0.5565833333333333,0.5565833333333333,0.5047927998193716,0.0,0.909,1.0,,2701.986396578458,85.10400943396226,74.2382422956293,300,212,0.0,,,,0.8966666666666667,96.94892361111111,0.010111111111111107,0.010111111111111107,0.909,0.010111111111111107,0.010111111111111107,0.010111111111111107,0.010111111111111107,0.010111111111111107,0.010111111111111107,0.010111111111111107
1009,spider_001009.jpeg,data/demo/images/spider_001009.jpeg,elephant,spider,0.906,suspected_label_error,model_disagreement;suspected_label_error;rare_class;class_deficit;valuable_for_training,recheck_label,0.5558333333333334,0.5558333333333334,0.5182350584434224,0.0,0.906,1.0,,3441.869173089628,117.53082633053221,51.07946329735415,300,238,0.0,,,,0.8966666666666667,96.94892361111111,0.010444444444444442,0.010444444444444442,0.010444444444444442,0.010444444444444442,0.010444444444444442,0.010444444444444442,0.010444444444444442,0.010444444444444442,0.906,0.010444444444444442
308,chicken_000308.jpeg,data/demo/images/chicken_000308.jpeg,butterfly,chicken,0.9,suspected_label_error,model_disagreement;suspected_label_error;rare_class;class_deficit;valuable_for_training,recheck_label,0.5548333333333334,0.5548333333333334,0.5448054211250705,0.0,0.9,1.0,,5527.189815173443,129.66114074074073,50.116731038226845,300,225,0.0,,,,0.8991666666666667,96.94892361111111,0.011111111111111108,0.011111111111111108,0.9,0.011111111111111108,0.011111111111111108,0.011111111111111108,0.011111111111111108,0.011111111111111108,0.011111111111111108,0.011111111111111108
544,dog_000544.jpeg,data/demo/images/dog_000544.jpeg,spider,dog,0.899,suspected_label_error,model_disagreement;suspected_label_error;rare_class;class_deficit;valuable_for_training,recheck_label,0.5547500000000001,0.5547500000000001,0.5491943311021419,0.0,0.899,1.0,,959.4575400287515,90.9265925925926,73.32865048344274,300,225,0.0,,,,0.9,96.94892361111111,0.01122222222222222,0.01122222222222222,0.01122222222222222,0.01122222222222222,0.899,0.01122222222222222,0.01122222222222222,0.01122222222222222,0.01122222222222222,0.01122222222222222
77,butterfly_000077.jpeg,data/demo/images/butterfly_000077.jpeg,sheep,butterfly,0.896,suspected_label_error,model_disagreement;suspected_label_error;rare_class;class_deficit;valuable_for_training,recheck_label,0.5543333333333333,0.5543333333333333,0.5622953614888637,0.0,0.896,1.0,,474.2644401060829,79.20662775616083,62.022755249856594,300,257,0.0,,,,0.9016666666666666,96.94892361111111,0.896,0.011555555555555553,0.011555555555555553,0.011555555555555553,0.011555555555555553,0.011555555555555553,0.011555555555555553,0.011555555555555553,0.011555555555555553,0.011555555555555553
193,cat_000193.jpeg,data/demo/images/cat_000193.jpeg,cow,cat,0.895,suspected_label_error,model_disagreement;suspected_label_error;rare_class;class_deficit;valuable_for_training,recheck_label,0.55425,0.55425,0.5666407849799048,0.0,0.895,1.0,,748.3223160441667,82.56838333333333,73.30269088093826,300,200,0.0,,,,0.9025,96.94892361111111,0.011666666666666665,0.895,0.011666666666666665,0.011666666666666665,0.011666666666666665,0.011666666666666665,0.011666666666666665,0.011666666666666665,0.011666666666666665,0.011666666666666665
1045,spider_001045.jpeg,data/demo/images/spider_001045.jpeg,squirrel,spider,0.895,suspected_label_error,model_disagreement;suspected_label_error;rare_class;class_deficit;valuable_for_training,recheck_label,0.5535833333333333,0.5535833333333333,0.5666407849799048,0.0,0.895,1.0,,427.2891730532786,148.00857059523008,31.940048788475362,249,179,0.0,,,,0.8991666666666667,96.94892361111111,0.011666666666666665,0.011666666666666665,0.011666666666666665,0.011666666666666665,0.011666666666666665,0.011666666666666665,0.011666666666666665,0.011666666666666665,0.895,0.011666666666666665
902,sheep_000902.jpeg,data/demo/images/sheep_000902.jpeg,horse,sheep,0.894,suspected_label_error,model_disagreement;suspected_label_error;rare_class;class_deficit;valuable_for_training,recheck_label,0.5531666666666667,0.5531666666666667,0.5709755671987758,0.0,0.894,1.0,,1921.4517768208339,114.69083333333333,45.90442817312182,300,188,0.0,,,,0.8983333333333333,96.94892361111111,0.011777777777777776,0.011777777777777776,0.011777777777777776,0.011777777777777776,0.011777777777777776,0.011777777777777776,0.011777777777777776,0.894,0.011777777777777776,0.011777777777777776
73,butterfly_000073.jpeg,data/demo/images/butterfly_000073.jpeg,chicken,butterfly,0.891,suspected_label_error,model_disagreement;suspected_label_error;rare_class;class_deficit;valuable_for_training,recheck_label,0.5530833333333334,0.5530833333333334,0.5839169438723175,0.0,0.891,1.0,,1387.5686919831223,172.31351617440225,90.68074633255044,300,237,0.0,,,,0.9016666666666666,96.94892361111111,0.891,0.012111111111111109,0.012111111111111109,0.012111111111111109,0.012111111111111109,0.012111111111111109,0.012111111111111109,0.012111111111111109,0.012111111111111109,0.012111111111111109
998,spider_000998.jpeg,data/demo/images/spider_000998.jpeg,butterfly,spider,0.891,suspected_label_error,model_disagreement;suspected_label_error;rare_class;class_deficit;valuable_for_training,recheck_label,0.5525833333333333,0.5525833333333333,0.5839169438723175,0.0,0.891,1.0,,720.6865358736122,106.01680172358351,52.69271680268985,284,219,0.0,,,,0.8991666666666667,96.94892361111111,0.012111111111111109,0.012111111111111109,0.012111111111111109,0.012111111111111109,0.012111111111111109,0.012111111111111109,0.012111111111111109,0.012111111111111109,0.891,0.012111111111111109
742,horse_000742.jpeg,data/demo/images/horse_000742.jpeg,spider,horse,0.888,suspected_label_error,model_disagreement;suspected_label_error;rare_class;class_deficit;valuable_for_training,recheck_label,0.552,0.552,0.5967656402816963,0.0,0.888,1.0,,1798.7550987343748,162.6216388888889,45.97225109397381,300,240,0.0,,,,0.9,96.94892361111111,0.012444444444444444,0.012444444444444444,0.012444444444444444,0.012444444444444444,0.012444444444444444,0.012444444444444444,0.888,0.012444444444444444,0.012444444444444444,0.012444444444444444
775,horse_000775.jpeg,data/demo/images/horse_000775.jpeg,dog,horse,0.888,suspected_label_error,model_disagreement;suspected_label_error;rare_class;class_deficit;valuable_for_training,recheck_label,0.5515,0.5515,0.5967656402816963,0.0,0.888,1.0,,2436.307974932222,142.5557,52.55446252073494,300,200,0.0,,,,0.8975,96.94892361111111,0.012444444444444444,0.012444444444444444,0.012444444444444444,0.012444444444444444,0.012444444444444444,0.012444444444444444,0.888,0.012444444444444444,0.012444444444444444,0.012444444444444444
166,cat_000166.jpeg,data/demo/images/cat_000166.jpeg,chicken,cat,0.881,suspected_label_error,model_disagreement;suspected_label_error;rare_class;class_deficit;valuable_for_training,recheck_label,0.5505833333333333,0.5505833333333333,0.6263975295551015,0.0,0.881,1.0,,812.3750905769658,92.94915422885572,33.60713274871589,201,300,0.0,,,,0.9016666666666666,96.94892361111111,0.013222222222222222,0.881,0.013222222222222222,0.013222222222222222,0.013222222222222222,0.013222222222222222,0.013222222222222222,0.013222222222222222,0.013222222222222222,0.013222222222222222
822,horse_000822.jpeg,data/demo/images/horse_000822.jpeg,squirrel,horse,0.882,suspected_label_error,model_disagreement;suspected_label_error;rare_class;class_deficit;valuable_for_training,recheck_label,0.5503333333333333,0.5503333333333333,0.6221935900228729,0.0,0.882,1.0,,992.7108545818328,90.70317927170868,55.74523311550787,238,300,0.0,,,,0.8991666666666667,96.94892361111111,0.01311111111111111,0.01311111111111111,0.01311111111111111,0.01311111111111111,0.01311111111111111,0.01311111111111111,0.882,0.01311111111111111,0.01311111111111111,0.01311111111111111
734,horse_000734.jpeg,data/demo/images/horse_000734.jpeg,cow,horse,0.879,suspected_label_error,model_disagreement;suspected_label_error;rare_class;class_deficit;valuable_for_training,recheck_label,0.55025,0.55025,0.6347768617573437,0.0,0.879,1.0,,6228.053952722087,85.76893805309734,60.26168379393766,300,226,0.0,,,,0.9025,96.94892361111111,0.013444444444444445,0.013444444444444445,0.013444444444444445,0.013444444444444445,0.013444444444444445,0.013444444444444445,0.879,0.013444444444444445,0.013444444444444445,0.013444444444444445
155,cat_000155.jpeg,data/demo/images/cat_000155.jpeg,squirrel,cat,0.88,suspected_label_error,model_disagreement;suspected_label_error;rare_class;class_deficit;valuable_for_training,recheck_label,0.5498333333333334,0.5498333333333334,0.6305919305530563,0.0,0.88,1.0,,477.04363916000005,60.95786666666667,44.65721395380096,300,200,0.0,,,,0.8991666666666667,96.94892361111111,0.013333333333333332,0.88,0.013333333333333332,0.013333333333333332,0.013333333333333332,0.013333333333333332,0.013333333333333332,0.013333333333333332,0.013333333333333332,0.013333333333333332
1033,spider_001033.jpeg,data/demo/images/spider_001033.jpeg,elephant,spider,0.88,suspected_label_error,model_disagreement;suspected_label_error;rare_class;class_deficit;valuable_for_training,recheck_label,0.5493333333333333,0.5493333333333333,0.6305919305530564,0.0,0.88,1.0,,2394.2123109739373,154.3574962962963,51.266022284185254,300,225,0.0,,,,0.8966666666666667,96.94892361111111,0.013333333333333332,0.013333333333333332,0.013333333333333332,0.013333333333333332,0.013333333333333332,0.013333333333333332,0.013333333333333332,0.013333333333333332,0.88,0.013333333333333332
728,horse_000728.jpeg,data/demo/images/horse_000728.jpeg,cow,horse,0.874,suspected_label_error,model_disagreement;suspected_label_error;high_entropy;rare_class;class_deficit;valuable_for_training,recheck_label,0.549,0.549,0.6555617971276769,0.0,0.874,1.0,,938.7914644798441,108.64734627831716,60.56018727350316,300,206,0.0,,,,0.9025,96.94892361111111,0.014,0.014,0.014,0.014,0.014,0.014,0.874,0.014,0.014,0.014
507,dog_000507.jpeg,data/demo/images/dog_000507.jpeg,spider,dog,0.875,suspected_label_error,model_disagreement;suspected_label_error;high_entropy;rare_class;class_deficit;valuable_for_training,recheck_label,0.5487500000000001,0.5487500000000001,0.6514232234234646,0.0,0.875,1.0,,150.35394260105642,163.005658436214,39.01101442581931,288,216,0.0,,,,0.9,96.94892361111111,0.013888888888888888,0.013888888888888888,0.013888888888888888,0.013888888888888888,0.875,0.013888888888888888,0.013888888888888888,0.013888888888888888,0.013888888888888888,0.013888888888888888
907,sheep_000907.jpeg,data/demo/images/sheep_000907.jpeg,horse,sheep,0.87,suspected_label_error,model_disagreement;suspected_label_error;high_entropy;rare_class;class_deficit;valuable_for_training,recheck_label,0.5471666666666667,0.5471666666666667,0.6720258913423126,0.0,0.87,1.0,,1421.6750084764883,122.16746666666667,71.9707501241586,300,225,0.0,,,,0.8983333333333333,96.94892361111111,0.014444444444444446,0.014444444444444446,0.014444444444444446,0.014444444444444446,0.014444444444444446,0.014444444444444446,0.014444444444444446,0.87,0.014444444444444446,0.014444444444444446
441,cow_000441.jpeg,data/demo/images/cow_000441.jpeg,cat,cow,0.865,suspected_label_error,model_disagreement;suspected_label_error;high_entropy;rare_class;class_deficit;valuable_for_training,recheck_label,0.5469166666666667,0.5469166666666667,0.6924074683372635,0.0,0.865,1.0,,1011.5902934997223,186.39381666666668,59.31482494649255,300,200,0.0,,,,0.9033333333333333,96.94892361111111,0.015000000000000001,0.015000000000000001,0.015000000000000001,0.865,0.015000000000000001,0.015000000000000001,0.015000000000000001,0.015000000000000001,0.015000000000000001,0.015000000000000001
256,chicken_000256.jpeg,data/demo/images/chicken_000256.jpeg,elephant,chicken,0.869,suspected_label_error,model_disagreement;suspected_label_error;high_entropy;rare_class;class_deficit;valuable_for_training,recheck_label,0.5465833333333333,0.5465833333333333,0.6761196634182056,0.0,0.869,1.0,,3358.6117934536273,106.17322727272727,60.416313331371086,300,220,0.0,,,,0.8966666666666667,96.94892361111111,0.014555555555555556,0.014555555555555556,0.869,0.014555555555555556,0.014555555555555556,0.014555555555555556,0.014555555555555556,0.014555555555555556,0.014555555555555556,0.014555555555555556
983,spider_000983.jpeg,data/demo/images/spider_000983.jpeg,squirrel,spider,0.866,suspected_label_error,model_disagreement;suspected_label_error;high_entropy;rare_class;class_deficit;valuable_for_training,recheck_label,0.5463333333333333,0.5463333333333333,0.6883484983367,0.0,0.866,1.0,,3457.5002525857885,93.26540740740741,58.234577004629244,300,225,0.0,,,,0.8991666666666667,96.94892361111111,0.014888888888888889,0.014888888888888889,0.014888888888888889,0.014888888888888889,0.014888888888888889,0.014888888888888889,0.014888888888888889,0.014888888888888889,0.866,0.014888888888888889
655,elephant_000655.jpeg,data/demo/images/elephant_000655.jpeg,cow,elephant,0.861,suspected_label_error,model_disagreement;suspected_label_error;high_entropy;rare_class;class_deficit;valuable_for_training,recheck_label,0.54575,0.54575,0.7085582402144297,0.0,0.861,1.0,,306.5379019513664,124.88529810298103,54.57922463881295,300,246,0.0,,,,0.9025,96.94892361111111,0.015444444444444446,0.015444444444444446,0.015444444444444446,0.015444444444444446,0.015444444444444446,0.861,0.015444444444444446,0.015444444444444446,0.015444444444444446,0.015444444444444446
1044,spider_001044.jpg,data/demo/images/spider_001044.jpg,horse,spider,0.864,suspected_label_error,model_disagreement;suspected_label_error;high_entropy;rare_class;class_deficit;valuable_for_training,recheck_label,0.5456666666666666,0.5456666666666666,0.6964578747930561,0.0,0.864,1.0,,1597.7615066662754,109.56640081206497,32.18111560715415,640,431,0.0,,,,0.8983333333333333,96.94892361111111,0.015111111111111112,0.015111111111111112,0.015111111111111112,0.015111111111111112,0.015111111111111112,0.015111111111111112,0.015111111111111112,0.015111111111111112,0.864,0.015111111111111112
697,elephant_000697.jpeg,data/demo/images/elephant_000697.jpeg,chicken,elephant,0.859,suspected_label_error,model_disagreement;suspected_label_error;high_entropy;rare_class;class_deficit;valuable_for_training,recheck_label,0.5450833333333334,0.5450833333333334,0.7165832858587471,0.0,0.859,1.0,,779.4596743698104,118.79149001536098,83.2454907545122,300,217,0.0,,,,0.9016666666666666,96.94892361111111,0.01566666666666667,0.01566666666666667,0.01566666666666667,0.01566666666666667,0.01566666666666667,0.859,0.01566666666666667,0.01566666666666667,0.01566666666666667,0.01566666666666667
1129,squirrel_001129.jpeg,data/demo/images/squirrel_001129.jpeg,horse,squirrel,0.858,suspected_label_error,model_disagreement;suspected_label_error;high_entropy;rare_class;class_deficit;valuable_for_training,recheck_label,0.5441666666666667,0.5441666666666667,0.72058339942383,0.0,0.858,1.0,,1354.7643886202468,117.49617777777777,29.22826891742198,225,300,0.0,,,,0.8983333333333333,96.94892361111111,0.01577777777777778,0.01577777777777778,0.01577777777777778,0.01577777777777778,0.01577777777777778,0.01577777777777778,0.01577777777777778,0.01577777777777778,0.01577777777777778,0.858
1010,spider_001010.jpeg,data/demo/images/spider_001010.jpeg,dog,spider,0.854,suspected_label_error,model_disagreement;suspected_label_error;high_entropy;rare_class;class_deficit;valuable_for_training,recheck_label,0.543,0.543,0.7365022510083697,0.0,0.854,1.0,,11108.927102743484,152.91217777777777,74.72509017774485,300,225,0.0,,,,0.8975,96.94892361111111,0.016222222222222225,0.016222222222222225,0.016222222222222225,0.016222222222222225,0.016222222222222225,0.016222222222222225,0.016222222222222225,0.016222222222222225,0.854,0.016222222222222225
940,sheep_000940.jpg,data/demo/images/sheep_000940.jpg,cow,sheep,0.849,suspected_label_error,model_disagreement;suspected_label_error;high_entropy;rare_class;class_deficit;valuable_for_training,recheck_label,0.54275,0.54275,0.7562206756225192,0.0,0.849,1.0,,1922.9705933825137,91.57004107981221,43.784699120937084,640,426,0.0,,,,0.9025,96.94892361111111,0.01677777777777778,0.01677777777777778,0.01677777777777778,0.01677777777777778,0.01677777777777778,0.01677777777777778,0.01677777777777778,0.849,0.01677777777777778,0.01677777777777778
1174,squirrel_001174.jpeg,data/demo/images/squirrel_001174.jpeg,horse,squirrel,0.852,suspected_label_error,model_disagreement;suspected_label_error;high_entropy;rare_class;class_deficit;valuable_for_training,recheck_label,0.5426666666666666,0.5426666666666666,0.7444133690522318,0.0,0.852,1.0,,718.3009227975,95.83513333333333,44.045618991172724,300,200,0.0,,,,0.8983333333333333,96.94892361111111,0.016444444444444446,0.016444444444444446,0.016444444444444446,0.016444444444444446,0.016444444444444446,0.016444444444444446,0.016444444444444446,0.016444444444444446,0.016444444444444446,0.852
78,butterfly_000078.jpeg,data/demo/images/butterfly_000078.jpeg,squirrel,butterfly,0.845,suspected_label_error,model_disagreement;suspected_label_error;high_entropy;rare_class;class_deficit;valuable_for_training,recheck_label,0.5410833333333334,0.5410833333333334,0.7718547352299565,0.0,0.845,1.0,,1369.4025793845253,104.84015957446809,38.96178115480192,300,188,0.0,,,,0.8991666666666667,96.94892361111111,0.845,0.017222222222222226,0.017222222222222226,0.017222222222222226,0.017222222222222226,0.017222222222222226,0.017222222222222226,0.017222222222222226,0.017222222222222226,0.017222222222222226
821,horse_000821.jpeg,data/demo/images/horse_000821.jpeg,spider,horse,0.844,suspected_label_error,model_disagreement;suspected_label_error;high_entropy;rare_class;class_deficit;valuable_for_training,recheck_label,0.541,0.541,0.7757440604766719,0.0,0.844,1.0,,2200.9556990339393,131.06544326241135,70.81063868171745,300,188,0.0,,,,0.9,96.94892361111111,0.017333333333333336,0.017333333333333336,0.017333333333333336,0.017333333333333336,0.017333333333333336,0.017333333333333336,0.844,0.017333333333333336,0.017333333333333336,0.017333333333333336
162,cat_000162.jpg,data/demo/images/cat_000162.jpg,dog,cat,0.841,suspected_label_error,model_disagreement;suspected_label_error;high_entropy;rare_class;class_deficit;valuable_for_training,recheck_label,0.53975,0.53975,0.7873666225883305,0.0,0.841,1.0,,342.74156586418684,88.25238970588235,49.295549086408215,640,425,0.0,,,,0.8975,96.94892361111111,0.01766666666666667,0.841,0.01766666666666667,0.01766666666666667,0.01766666666666667,0.01766666666666667,0.01766666666666667,0.01766666666666667,0.01766666666666667,0.01766666666666667
586,dog_000586.jpeg,data/demo/images/dog_000586.jpeg,spider,dog,0.829,suspected_label_error,model_disagreement;suspected_label_error;high_entropy;rare_class;class_deficit;valuable_for_training,recheck_label,0.53725,0.53725,0.8331936949375167,0.0,0.829,1.0,,4113.383741957535,129.48294820717132,54.1615260536064,300,251,0.0,,,,0.9,96.94892361111111,0.019000000000000003,0.019000000000000003,0.019000000000000003,0.019000000000000003,0.829,0.019000000000000003,0.019000000000000003,0.019000000000000003,0.019000000000000003,0.019000000000000003
484,dog_000484.jpeg,data/demo/images/dog_000484.jpeg,cow,dog,0.821,suspected_label_error,model_disagreement;suspected_label_error;high_entropy;rare_class;class_deficit;valuable_for_training,recheck_label,0.53575,0.53575,0.8631769362193822,0.0,0.821,1.0,,616.4635197846914,73.4866074074074,62.559667860856536,300,225,0.0,,,,0.9025,96.94892361111111,0.019888888888888893,0.019888888888888893,0.019888888888888893,0.019888888888888893,0.821,0.019888888888888893,0.019888888888888893,0.019888888888888893,0.019888888888888893,0.019888888888888893
632,elephant_000632.jpeg,data/demo/images/elephant_000632.jpeg,horse,elephant,0.824,suspected_label_error,model_disagreement;suspected_label_error;high_entropy;rare_class;class_deficit;valuable_for_training,recheck_label,0.5356666666666666,0.5356666666666666,0.8519850948211928,0.0,0.824,1.0,,3641.5621302034733,99.27843410852714,52.74328064068239,300,215,0.0,,,,0.8983333333333333,96.94892361111111,0.019555555555555562,0.019555555555555562,0.019555555555555562,0.019555555555555562,0.019555555555555562,0.824,0.019555555555555562,0.019555555555555562,0.019555555555555562,0.019555555555555562
425,cow_000425.jpeg,data/demo/images/cow_000425.jpeg,chicken,cow,0.82,suspected_label_error,model_disagreement;suspected_label_error;high_entropy;rare_class;class_deficit;valuable_for_training,recheck_label,0.5353333333333333,0.5353333333333333,0.8668939007306139,0.0,0.82,1.0,,2473.340489212839,94.20044444444444,71.30757083972031,300,225,0.0,,,,0.9016666666666666,96.94892361111111,0.020000000000000004,0.020000000000000004,0.020000000000000004,0.82,0.020000000000000004,0.020000000000000004,0.020000000000000004,0.020000000000000004,0.020000000000000004,0.020000000000000004
434,cow_000434.jpeg,data/demo/images/cow_000434.jpeg,elephant,cow,0.821,suspected_label_error,model_disagreement;suspected_label_error;high_entropy;rare_class;class_deficit;valuable_for_training,recheck_label,0.5345833333333333,0.5345833333333333,0.8631769362193822,0.0,0.821,1.0,,2327.5025123788987,124.47885869565218,53.298669214172435,300,184,0.0,,,,0.8966666666666667,96.94892361111111,0.019888888888888893,0.019888888888888893,0.019888888888888893,0.821,0.019888888888888893,0.019888888888888893,0.019888888888888893,0.019888888888888893,0.019888888888888893,0.019888888888888893
189,cat_000189.jpeg,data/demo/images/cat_000189.jpeg,elephant,cat,0.822,suspected_label_error,too_dark;model_disagreement;suspected_label_error;high_entropy;rare_class;class_deficit;valuable_for_training,recheck_label,0.5048333333333334,0.5048333333333334,0.8594531670598133,0.0,0.822,0.8,too_dark,932.6553596424691,27.594503703703705,53.52781625934717,300,225,0.0,,,,0.8966666666666667,96.94892361111111,0.019777777777777783,0.822,0.019777777777777783,0.019777777777777783,0.019777777777777783,0.019777777777777783,0.019777777777777783,0.019777777777777783,0.019777777777777783,0.019777777777777783
770,horse_000770.jpeg,data/demo/images/horse_000770.jpeg,horse,cow,0.68,suspected_label_error,model_disagreement;suspected_label_error;high_entropy;rare_class;class_deficit,recheck_label,0.49077777777777776,0.49077777777777776,1.3299813123200164,0.0,0.6444444444444445,1.0,,758.1020086008297,154.07039381153305,42.33078843458146,300,237,0.0,,,,0.8983333333333333,96.94892361111111,0.03555555555555555,0.03555555555555555,0.03555555555555555,0.68,0.03555555555555555,0.03555555555555555,0.03555555555555555,0.03555555555555555,0.03555555555555555,0.03555555555555555
381,cow_000381.jpeg,data/demo/images/cow_000381.jpeg,cow,elephant,0.676,suspected_label_error,model_disagreement;suspected_label_error;high_entropy;rare_class;class_deficit,recheck_label,0.49050000000000005,0.49050000000000005,1.341748613517314,0.0,0.64,1.0,,884.7131388891535,152.73930942895086,79.98205763636129,300,251,0.0,,,,0.9025,96.94892361111111,0.036,0.036,0.036,0.036,0.036,0.676,0.036,0.036,0.036,0.036
908,sheep_000908.jpg,data/demo/images/sheep_000908.jpg,sheep,horse,0.674,suspected_label_error,model_disagreement;suspected_label_error;high_entropy;rare_class;class_deficit,recheck_label,0.48977777777777776,0.48977777777777776,1.347604840113303,0.0,0.6377777777777778,1.0,,355.2835763664895,157.77610401995304,72.39652467121076,640,426,0.0,,,,0.9016666666666666,96.94892361111111,0.03622222222222222,0.03622222222222222,0.03622222222222222,0.03622222222222222,0.03622222222222222,0.03622222222222222,0.674,0.03622222222222222,0.03622222222222222,0.03622222222222222
641,elephant_000641.jpeg,data/demo/images/elephant_000641.jpeg,elephant,sheep,0.674,suspected_label_error,model_disagreement;suspected_label_error;high_entropy;rare_class;class_deficit,recheck_label,0.48877777777777776,0.48877777777777776,1.347604840113303,0.0,0.6377777777777778,1.0,,404.0351020962796,150.4579677819083,58.237290142625405,300,269,0.0,,,,0.8966666666666667,96.94892361111111,0.03622222222222222,0.03622222222222222,0.03622222222222222,0.03622222222222222,0.03622222222222222,0.03622222222222222,0.03622222222222222,0.674,0.03622222222222222,0.03622222222222222
288,chicken_000288.jpeg,data/demo/images/chicken_000288.jpeg,chicken,cow,0.662,suspected_label_error,model_disagreement;suspected_label_error;high_entropy;rare_class;class_deficit,recheck_label,0.48644444444444446,0.48644444444444446,1.3823618654182197,0.0,0.6244444444444445,1.0,,8955.589788351246,89.59108481262328,64.18416524695502,169,300,0.0,,,,0.9016666666666666,96.94892361111111,0.03755555555555555,0.03755555555555555,0.03755555555555555,0.662,0.03755555555555555,0.03755555555555555,0.03755555555555555,0.03755555555555555,0.03755555555555555,0.03755555555555555
177,cat_000177.jpg,data/demo/images/cat_000177.jpg,cat,chicken,0.651,suspected_label_error,model_disagreement;suspected_label_error;high_entropy;rare_class;class_deficit,recheck_label,0.4837222222222223,0.4837222222222223,1.4136567685460522,0.0,0.6122222222222222,1.0,,1778.6136891990884,124.28078051643193,52.31804848443252,640,426,0.0,,,,0.9033333333333333,96.94892361111111,0.03877777777777777,0.03877777777777777,0.651,0.03877777777777777,0.03877777777777777,0.03877777777777777,0.03877777777777777,0.03877777777777777,0.03877777777777777,0.03877777777777777
313,chicken_000313.jpeg,data/demo/images/chicken_000313.jpeg,chicken,horse,0.652,suspected_label_error,model_disagreement;suspected_label_error;high_entropy;rare_class;class_deficit,recheck_label,0.4836666666666667,0.4836666666666667,1.4108339045574467,0.0,0.6133333333333334,1.0,,4009.252075656499,119.87993311036789,74.11147565411083,300,299,0.0,,,,0.9016666666666666,96.94892361111111,0.03866666666666666,0.03866666666666666,0.03866666666666666,0.03866666666666666,0.03866666666666666,0.03866666666666666,0.652,0.03866666666666666,0.03866666666666666,0.03866666666666666
741,horse_000741.jpeg,data/demo/images/horse_000741.jpeg,horse,cat,0.654,suspected_label_error,model_disagreement;suspected_label_error;high_entropy;rare_class;class_deficit,recheck_label,0.4835555555555556,0.4835555555555556,1.4051749487174885,0.0,0.6155555555555556,1.0,,3276.943156688483,124.91315233785822,54.91867921082827,300,221,0.0,,,,0.8983333333333333,96.94892361111111,0.03844444444444444,0.654,0.03844444444444444,0.03844444444444444,0.03844444444444444,0.03844444444444444,0.03844444444444444,0.03844444444444444,0.03844444444444444,0.03844444444444444
39,butterfly_000039.jpeg,data/demo/images/butterfly_000039.jpeg,butterfly,horse,0.649,suspected_label_error,model_disagreement;suspected_label_error;high_entropy;rare_class;class_deficit,recheck_label,0.4823333333333334,0.4823333333333334,1.4192892980496772,0.0,0.61,1.0,,5868.600898407714,77.51047872340426,46.24168313319361,300,188,0.0,,,,0.8991666666666667,96.94892361111111,0.039,0.039,0.039,0.039,0.039,0.039,0.649,0.039,0.039,0.039
1111,squirrel_001111.jpeg,data/demo/images/squirrel_001111.jpeg,squirrel,elephant,0.637,suspected_label_error,model_disagreement;suspected_label_error;high_entropy;rare_class;class_deficit,recheck_label,0.479,0.479,1.4527172911175763,0.0,0.5966666666666667,1.0,,1184.437148023161,131.50646464646465,77.01152254483087,300,132,0.0,,,,0.8991666666666667,96.94892361111111,0.04033333333333333,0.04033333333333333,0.04033333333333333,0.04033333333333333,0.04033333333333333,0.637,0.04033333333333333,0.04033333333333333,0.04033333333333333,0.04033333333333333
380,cow_000380.jpeg,data/demo/images/cow_000380.jpeg,cow,spider,0.632,suspected_label_error,model_disagreement;suspected_label_error;high_entropy;rare_class;class_deficit,recheck_label,0.4782777777777778,0.4782777777777778,1.4664612950948859,0.0,0.5911111111111111,1.0,,3330.874404878889,124.58853333333333,53.22750443629267,300,200,0.0,,,,0.9025,96.94892361111111,0.04088888888888889,0.04088888888888889,0.04088888888888889,0.04088888888888889,0.04088888888888889,0.04088888888888889,0.04088888888888889,0.04088888888888889,0.632,0.04088888888888889
50,butterfly_000050.jpeg,data/demo/images/butterfly_000050.jpeg,butterfly,elephant,0.633,suspected_label_error,model_disagreement;suspected_label_error;high_entropy;rare_class;class_deficit,recheck_label,0.4778888888888889,0.4778888888888889,1.4637211134112391,0.0,0.5922222222222222,1.0,,5804.659514850339,157.41924315619968,99.06637099230494,300,207,0.0,,,,0.8991666666666667,96.94892361111111,0.040777777777777774,0.040777777777777774,0.040777777777777774,0.040777777777777774,0.040777777777777774,0.633,0.040777777777777774,0.040777777777777774,0.040777777777777774,0.040777777777777774
88,butterfly_000088.jpeg,data/demo/images/butterfly_000088.jpeg,butterfly,elephant,0.632,suspected_label_error,model_disagreement;suspected_label_error;high_entropy;rare_class;class_deficit,recheck_label,0.4776111111111111,0.4776111111111111,1.4664612950948859,0.0,0.5911111111111111,1.0,,9170.235554605357,138.30685606060607,55.604324267424175,300,176,0.0,,,,0.8991666666666667,96.94892361111111,0.04088888888888889,0.04088888888888889,0.04088888888888889,0.04088888888888889,0.04088888888888889,0.632,0.04088888888888889,0.04088888888888889,0.04088888888888889,0.04088888888888889
286,chicken_000286.jpeg,data/demo/images/chicken_000286.jpeg,chicken,squirrel,0.626,suspected_label_error,model_disagreement;suspected_label_error;high_entropy;rare_class;class_deficit,recheck_label,0.47644444444444445,0.47644444444444445,1.4828122603641867,0.0,0.5844444444444444,1.0,,787.996867928889,118.07196666666667,68.05894151982449,300,200,0.0,,,,0.9016666666666666,96.94892361111111,0.041555555555555554,0.041555555555555554,0.041555555555555554,0.041555555555555554,0.041555555555555554,0.041555555555555554,0.041555555555555554,0.041555555555555554,0.041555555555555554,0.626
1134,squirrel_001134.jpeg,data/demo/images/squirrel_001134.jpeg,squirrel,cat,0.625,suspected_label_error,model_disagreement;suspected_label_error;high_entropy;rare_class;class_deficit,recheck_label,0.4756666666666667,0.4756666666666667,1.4855224446590647,0.0,0.5833333333333334,1.0,,3595.1485269138116,84.56642743221691,50.32553490023067,300,209,0.0,,,,0.8991666666666667,96.94892361111111,0.041666666666666664,0.625,0.041666666666666664,0.041666666666666664,0.041666666666666664,0.041666666666666664,0.041666666666666664,0.041666666666666664,0.041666666666666664,0.041666666666666664
695,elephant_000695.jpeg,data/demo/images/elephant_000695.jpeg,elephant,chicken,0.626,suspected_label_error,model_disagreement;suspected_label_error;high_entropy;rare_class;class_deficit,recheck_label,0.47544444444444445,0.47544444444444445,1.482812260364187,0.0,0.5844444444444444,1.0,,1605.8659722763239,135.46965925925926,63.71699219403146,300,225,0.0,,,,0.8966666666666667,96.94892361111111,0.041555555555555554,0.041555555555555554,0.626,0.041555555555555554,0.041555555555555554,0.041555555555555554,0.041555555555555554,0.041555555555555554,0.041555555555555554,0.041555555555555554
492,dog_000492.jpeg,data/demo/images/dog_000492.jpeg,dog,horse,0.625,suspected_label_error,model_disagreement;suspected_label_error;high_entropy;rare_class;class_deficit,recheck_label,0.4753333333333334,0.4753333333333334,1.4855224446590647,0.0,0.5833333333333334,1.0,,603.6165933032098,216.58551111111112,57.43908966186015,300,300,0.0,,,,0.8975,96.94892361111111,0.041666666666666664,0.041666666666666664,0.041666666666666664,0.041666666666666664,0.041666666666666664,0.041666666666666664,0.625,0.041666666666666664,0.041666666666666664,0.041666666666666664
408,cow_000408.jpeg,data/demo/images/cow_000408.jpeg,cow,spider,0.618,suspected_label_error,model_disagreement;suspected_label_error;high_entropy;rare_class;class_deficit,recheck_label,0.47438888888888886,0.47438888888888886,1.5043745183280086,0.0,0.5755555555555556,1.0,,880.0256480671578,157.43223367697595,88.0029108322103,300,194,0.0,,,,0.9025,96.94892361111111,0.042444444444444444,0.042444444444444444,0.042444444444444444,0.042444444444444444,0.042444444444444444,0.042444444444444444,0.042444444444444444,0.042444444444444444,0.618,0.042444444444444444
1084,squirrel_001084.jpeg,data/demo/images/squirrel_001084.jpeg,squirrel,spider,0.619,suspected_label_error,model_disagreement;suspected_label_error;high_entropy;rare_class;class_deficit,recheck_label,0.474,0.474,1.5016941072321985,0.0,0.5766666666666667,1.0,,2646.417048676872,104.89584905660378,48.08689365367901,300,212,0.0,,,,0.8991666666666667,96.94892361111111,0.042333333333333334,0.042333333333333334,0.042333333333333334,0.042333333333333334,0.042333333333333334,0.042333333333333334,0.042333333333333334,0.042333333333333334,0.619,0.042333333333333334
87,butterfly_000087.jpeg,data/demo/images/butterfly_000087.jpeg,butterfly,chicken,0.618,suspected_label_error,model_disagreement;suspected_label_error;high_entropy;rare_class;class_deficit,recheck_label,0.47372222222222227,0.47372222222222227,1.5043745183280086,0.0,0.5755555555555556,1.0,,5025.232056576339,166.46920704845814,74.547989887639,300,227,0.0,,,,0.8991666666666667,96.94892361111111,0.042444444444444444,0.042444444444444444,0.618,0.042444444444444444,0.042444444444444444,0.042444444444444444,0.042444444444444444,0.042444444444444444,0.042444444444444444,0.042444444444444444
722,horse_000722.jpeg,data/demo/images/horse_000722.jpeg,horse,chicken,0.618,suspected_label_error,model_disagreement;suspected_label_error;high_entropy;rare_class;class_deficit,recheck_label,0.4735555555555556,0.4735555555555556,1.5043745183280086,0.0,0.5755555555555556,1.0,,243.38488599172146,136.204,21.218786641147098,300,185,0.0,,,,0.8983333333333333,96.94892361111111,0.042444444444444444,0.042444444444444444,0.618,0.042444444444444444,0.042444444444444444,0.042444444444444444,0.042444444444444444,0.042444444444444444,0.042444444444444444,0.042444444444444444
725,horse_000725.jpeg,data/demo/images/horse_000725.jpeg,horse,squirrel,0.616,suspected_label_error,model_disagreement;suspected_label_error;high_entropy;rare_class;class_deficit,recheck_label,0.473,0.473,1.5097226369489103,0.0,0.5733333333333334,1.0,,10394.641002639575,126.29921104536488,66.86143742078248,300,169,0.0,,,,0.8983333333333333,96.94892361111111,0.042666666666666665,0.042666666666666665,0.042666666666666665,0.042666666666666665,0.042666666666666665,0.042666666666666665,0.042666666666666665,0.042666666666666665,0.042666666666666665,0.616
681,elephant_000681.jpeg,data/demo/images/elephant_000681.jpeg,elephant,horse,0.617,suspected_label_error,model_disagreement;suspected_label_error;high_entropy;rare_class;class_deficit,recheck_label,0.4729444444444445,0.4729444444444445,1.507050693496097,0.0,0.5744444444444444,1.0,,3533.005915533062,113.44154867256637,49.58004974488083,300,226,0.0,,,,0.8966666666666667,96.94892361111111,0.042555555555555555,0.042555555555555555,0.042555555555555555,0.042555555555555555,0.042555555555555555,0.042555555555555555,0.617,0.042555555555555555,0.042555555555555555,0.042555555555555555
52,butterfly_000052.jpg,data/demo/images/butterfly_000052.jpg,butterfly,chicken,0.614,suspected_label_error,model_disagreement;suspected_label_error;high_entropy;rare_class;class_deficit,recheck_label,0.4726111111111111,0.4726111111111111,1.515053845338148,0.0,0.5711111111111111,1.0,,532.5092490195261,147.821358608742,48.57979383279107,640,469,0.0,,,,0.8991666666666667,96.94892361111111,0.04288888888888889,0.04288888888888889,0.614,0.04288888888888889,0.04288888888888889,0.04288888888888889,0.04288888888888889,0.04288888888888889,0.04288888888888889,0.04288888888888889
500,dog_000500.jpeg,data/demo/images/dog_000500.jpeg,dog,cat,0.615,suspected_label_error,model_disagreement;suspected_label_error;high_entropy;rare_class;class_deficit,recheck_label,0.4725555555555555,0.4725555555555555,1.5123903528547762,0.0,0.5722222222222222,1.0,,723.8964967846365,115.67426666666667,62.17401232755263,300,225,0.0,,,,0.8975,96.94892361111111,0.042777777777777776,0.615,0.042777777777777776,0.042777777777777776,0.042777777777777776,0.042777777777777776,0.042777777777777776,0.042777777777777776,0.042777777777777776,0.042777777777777776
10,butterfly_000010.png,data/demo/images/butterfly_000010.png,butterfly,dog,0.612,suspected_label_error,model_disagreement;suspected_label_error;high_entropy;rare_class;class_deficit,recheck_label,0.47205555555555556,0.47205555555555556,1.5203681763172165,0.0,0.5688888888888889,1.0,,9988.252182539683,39.44785466269841,73.89028789551296,640,378,0.0,,,,0.8991666666666667,96.94892361111111,0.043111111111111114,0.043111111111111114,0.043111111111111114,0.043111111111111114,0.612,0.043111111111111114,0.043111111111111114,0.043111111111111114,0.043111111111111114,0.043111111111111114
108,butterfly_000108.jpeg,data/demo/images/butterfly_000108.jpeg,butterfly,elephant,0.611,suspected_label_error,model_disagreement;suspected_label_error;high_entropy;rare_class;class_deficit,recheck_label,0.47177777777777774,0.47177777777777774,1.523019022844506,0.0,0.5677777777777777,1.0,,2454.1970629541397,169.42744217687076,99.01203624002648,300,245,0.0,,,,0.8991666666666667,96.94892361111111,0.043222222222222224,0.043222222222222224,0.043222222222222224,0.043222222222222224,0.043222222222222224,0.611,0.043222222222222224,0.043222222222222224,0.043222222222222224,0.043222222222222224
362,cow_000362.jpeg,data/demo/images/cow_000362.jpeg,cow,spider,0.601,suspected_label_error,model_disagreement;suspected_label_error;high_entropy;rare_class;class_deficit,recheck_label,0.4696666666666667,0.4696666666666667,1.5492967143445737,0.0,0.5566666666666666,1.0,,2516.9179859179844,130.88278816199377,56.02286345977313,300,214,0.0,,,,0.9025,96.94892361111111,0.044333333333333336,0.044333333333333336,0.044333333333333336,0.044333333333333336,0.044333333333333336,0.044333333333333336,0.044333333333333336,0.044333333333333336,0.601,0.044333333333333336
378,cow_000378.jpeg,data/demo/images/cow_000378.jpeg,cow,dog,0.599,suspected_label_error,model_disagreement;suspected_label_error;high_entropy;rare_class;class_deficit,recheck_label,0.46911111111111115,0.46911111111111115,1.5545020948728725,0.0,0.5544444444444444,1.0,,321.48210730662635,97.34329365079365,45.60569624971979,300,168,0.0,,,,0.9025,96.94892361111111,0.04455555555555556,0.04455555555555556,0.04455555555555556,0.04455555555555556,0.599,0.04455555555555556,0.04455555555555556,0.04455555555555556,0.04455555555555556,0.04455555555555556
80,butterfly_000080.jpeg,data/demo/images/butterfly_000080.jpeg,butterfly,cat,0.6,suspected_label_error,model_disagreement;suspected_label_error;high_entropy;rare_class;class_deficit,recheck_label,0.46872222222222226,0.46872222222222226,1.5519014879437447,0.0,0.5555555555555556,1.0,,2091.0598796057343,211.89858237547892,71.79431469490751,300,261,0.0,,,,0.8991666666666667,96.94892361111111,0.044444444444444446,0.6,0.044444444444444446,0.044444444444444446,0.044444444444444446,0.044444444444444446,0.044444444444444446,0.044444444444444446,0.044444444444444446,0.044444444444444446
521,dog_000521.jpeg,data/demo/images/dog_000521.jpeg,dog,chicken,0.596,suspected_label_error,model_disagreement;suspected_label_error;high_entropy;rare_class;class_deficit,recheck_label,0.4672777777777778,0.4672777777777778,1.5622789499587169,0.0,0.5511111111111111,1.0,,450.7286056227634,119.26419962335217,57.54416048319177,300,177,0.0,,,,0.8975,96.94892361111111,0.044888888888888895,0.044888888888888895,0.596,0.044888888888888895,0.044888888888888895,0.044888888888888895,0.044888888888888895,0.044888888888888895,0.044888888888888895,0.044888888888888895
828,horse_000828.jpeg,data/demo/images/horse_000828.jpeg,horse,butterfly,0.593,suspected_label_error,model_disagreement;suspected_label_error;high_entropy;rare_class;class_deficit,recheck_label,0.4666111111111111,0.4666111111111111,1.5700184268771908,0.0,0.5477777777777777,1.0,,1402.3906589656242,112.99075907590759,78.27702991909668,300,202,0.0,,,,0.8983333333333333,96.94892361111111,0.593,0.045222222222222226,0.045222222222222226,0.045222222222222226,0.045222222222222226,0.045222222222222226,0.045222222222222226,0.045222222222222226,0.045222222222222226,0.045222222222222226
1050,spider_001050.jpeg,data/demo/images/spider_001050.jpeg,spider,sheep,0.589,suspected_label_error,model_disagreement;suspected_label_error;high_entropy;rare_class;class_deficit,recheck_label,0.4658333333333333,0.4658333333333333,1.5802797369385864,0.0,0.5433333333333333,1.0,,1380.3806475975,184.50035,49.61063125188828,300,200,0.0,,,,0.9,96.94892361111111,0.04566666666666667,0.04566666666666667,0.04566666666666667,0.04566666666666667,0.04566666666666667,0.04566666666666667,0.04566666666666667,0.589,0.04566666666666667,0.04566666666666667
84,butterfly_000084.jpeg,data/demo/images/butterfly_000084.jpeg,butterfly,squirrel,0.589,suspected_label_error,model_disagreement;suspected_label_error;high_entropy;rare_class;class_deficit,recheck_label,0.4656666666666667,0.4656666666666667,1.5802797369385864,0.0,0.5433333333333333,1.0,,2671.644255278889,113.16056666666667,32.270119073412516,300,200,0.0,,,,0.8991666666666667,96.94892361111111,0.04566666666666667,0.04566666666666667,0.04566666666666667,0.04566666666666667,0.04566666666666667,0.04566666666666667,0.04566666666666667,0.04566666666666667,0.04566666666666667,0.589
158,cat_000158.jpg,data/demo/images/cat_000158.jpg,cat,spider,0.585,suspected_label_error,model_disagreement;suspected_label_error;high_entropy;rare_class;class_deficit,recheck_label,0.46538888888888885,0.46538888888888885,1.590474952050293,0.0,0.5388888888888889,1.0,,8653.444662889618,115.20248679577465,61.54463667199724,640,426,0.0,,,,0.9033333333333333,96.94892361111111,0.04611111111111112,0.04611111111111112,0.04611111111111112,0.04611111111111112,0.04611111111111112,0.04611111111111112,0.04611111111111112,0.04611111111111112,0.585,0.04611111111111112
705,elephant_000705.png,data/demo/images/elephant_000705.png,elephant,cat,0.588,suspected_label_error,model_disagreement;suspected_label_error;high_entropy;rare_class;class_deficit,recheck_label,0.4648888888888889,0.4648888888888889,1.5828347295482617,0.0,0.5422222222222222,1.0,,6228.139443955399,71.08784844483569,79.48682709274306,640,426,0.0,,,,0.8966666666666667,96.94892361111111,0.04577777777777778,0.588,0.04577777777777778,0.04577777777777778,0.04577777777777778,0.04577777777777778,0.04577777777777778,0.04577777777777778,0.04577777777777778,0.04577777777777778
624,elephant_000624.jpeg,data/demo/images/elephant_000624.jpeg,butterfly,dog,0.585,suspected_label_error,model_disagreement;suspected_label_error;high_entropy;rare_class;class_deficit,recheck_label,0.4645555555555556,0.4645555555555556,1.5904749520502928,0.0,0.5388888888888889,1.0,,4657.966784262222,143.836,55.84282619400037,300,200,0.0,,,,0.8991666666666667,96.94892361111111,0.04611111111111112,0.04611111111111112,0.04611111111111112,0.04611111111111112,0.585,0.04611111111111112,0.04611111111111112,0.04611111111111112,0.04611111111111112,0.04611111111111112
812,horse_000812.jpeg,data/demo/images/horse_000812.jpeg,horse,butterfly,0.585,suspected_label_error,model_disagreement;suspected_label_error;high_entropy;rare_class;class_deficit,recheck_label,0.46438888888888885,0.46438888888888885,1.590474952050293,0.0,0.5388888888888889,1.0,,3061.658732927037,120.9382156133829,61.23385769058636,300,269,0.0,,,,0.8983333333333333,96.94892361111111,0.585,0.04611111111111112,0.04611111111111112,0.04611111111111112,0.04611111111111112,0.04611111111111112,0.04611111111111112,0.04611111111111112,0.04611111111111112,0.04611111111111112
57,butterfly_000057.jpeg,data/demo/images/butterfly_000057.jpeg,butterfly,horse,0.584,suspected_label_error,model_disagreement;suspected_label_error;high_entropy;rare_class;class_deficit,recheck_label,0.4642777777777778,0.4642777777777778,1.5930134509136344,0.0,0.5377777777777777,1.0,,5582.970055452128,128.23372340425533,89.80802190730078,300,188,0.0,,,,0.8991666666666667,96.94892361111111,0.04622222222222223,0.04622222222222223,0.04622222222222223,0.04622222222222223,0.04622222222222223,0.04622222222222223,0.584,0.04622222222222223,0.04622222222222223,0.04622222222222223
887,sheep_000887.jpeg,data/demo/images/sheep_000887.jpeg,sheep,cow,0.581,suspected_label_error,model_disagreement;suspected_label_error;high_entropy;rare_class;class_deficit,recheck_label,0.4639444444444445,0.4639444444444445,1.6006042617076774,0.0,0.5344444444444444,1.0,,1145.8612798381055,95.63265258215962,60.90147480430498,300,142,0.0,,,,0.9016666666666666,96.94892361111111,0.04655555555555556,0.04655555555555556,0.04655555555555556,0.581,0.04655555555555556,0.04655555555555556,0.04655555555555556,0.04655555555555556,0.04655555555555556,0.04655555555555556
131,cat_000131.jpeg,data/demo/images/cat_000131.jpeg,cat,elephant,0.579,suspected_label_error,model_disagreement;suspected_label_error;high_entropy;rare_class;class_deficit,recheck_label,0.46372222222222226,0.46372222222222226,1.6056442585456394,0.0,0.5322222222222222,1.0,,484.81666349987387,123.97699867197875,51.18984847092984,300,251,0.0,,,,0.9033333333333333,96.94892361111111,0.04677777777777778,0.04677777777777778,0.04677777777777778,0.04677777777777778,0.04677777777777778,0.579,0.04677777777777778,0.04677777777777778,0.04677777777777778,0.04677777777777778
930,sheep_000930.jpeg,data/demo/images/sheep_000930.jpeg,butterfly,dog,0.58,suspected_label_error,model_disagreement;suspected_label_error;high_entropy;rare_class;class_deficit,recheck_label,0.4631666666666667,0.4631666666666667,1.6031263126733661,0.0,0.5333333333333333,1.0,,7169.737362886389,118.75855,76.49822580882186,300,200,0.0,,,,0.8991666666666667,96.94892361111111,0.04666666666666667,0.04666666666666667,0.04666666666666667,0.04666666666666667,0.58,0.04666666666666667,0.04666666666666667,0.04666666666666667,0.04666666666666667,0.04666666666666667
211,cat_000211.jpeg,data/demo/images/cat_000211.jpeg,cat,butterfly,0.577,suspected_label_error,model_disagreement;suspected_label_error;high_entropy;rare_class;class_deficit,recheck_label,0.4631666666666666,0.4631666666666666,1.6106678456836088,0.0,0.5299999999999999,1.0,,906.8804761904762,143.40684523809523,69.4304303279453,300,168,0.0,,,,0.9033333333333333,96.94892361111111,0.577,0.04700000000000001,0.04700000000000001,0.04700000000000001,0.04700000000000001,0.04700000000000001,0.04700000000000001,0.04700000000000001,0.04700000000000001,0.04700000000000001
195,cat_000195.jpeg,data/demo/images/cat_000195.jpeg,cat,cow,0.577,suspected_label_error,model_disagreement;suspected_label_error;high_entropy;rare_class;class_deficit,recheck_label,0.4631666666666666,0.4631666666666666,1.6106678456836088,0.0,0.5299999999999999,1.0,,402.66849941950284,155.24378600823044,42.99612408522439,300,243,0.0,,,,0.9033333333333333,96.94892361111111,0.04700000000000001,0.04700000000000001,0.04700000000000001,0.577,0.04700000000000001,0.04700000000000001,0.04700000000000001,0.04700000000000001,0.04700000000000001,0.04700000000000001
545,dog_000545.jpeg,data/demo/images/dog_000545.jpeg,dog,sheep,0.579,suspected_label_error,model_disagreement;suspected_label_error;high_entropy;rare_class;class_deficit,recheck_label,0.4625555555555555,0.4625555555555555,1.605644258545639,0.0,0.5322222222222222,1.0,,9351.860798203197,119.02057471264368,55.70962058990072,300,203,0.0,,,,0.8975,96.94892361111111,0.04677777777777778,0.04677777777777778,0.04677777777777778,0.04677777777777778,0.04677777777777778,0.04677777777777778,0.04677777777777778,0.579,0.04677777777777778,0.04677777777777778
755,horse_000755.jpeg,data/demo/images/horse_000755.jpeg,horse,butterfly,0.578,suspected_label_error,model_disagreement;suspected_label_error;high_entropy;rare_class;class_deficit,recheck_label,0.46244444444444444,0.46244444444444444,1.6081581020021907,0.0,0.5311111111111111,1.0,,984.5988457974634,118.17936426116839,74.79839761322758,194,300,0.0,,,,0.8983333333333333,96.94892361111111,0.578,0.0468888888888889,0.0468888888888889,0.0468888888888889,0.0468888888888889,0.0468888888888889,0.0468888888888889,0.0468888888888889,0.0468888888888889,0.0468888888888889
617,elephant_000617.jpeg,data/demo/images/elephant_000617.jpeg,elephant,horse,0.578,suspected_label_error,model_disagreement;suspected_label_error;high_entropy;rare_class;class_deficit,recheck_label,0.46211111111111114,0.46211111111111114,1.6081581020021907,0.0,0.5311111111111111,1.0,,5949.453088650351,95.96615511551155,53.51787949350095,300,202,0.0,,,,0.8966666666666667,96.94892361111111,0.0468888888888889,0.0468888888888889,0.0468888888888889,0.0468888888888889,0.0468888888888889,0.0468888888888889,0.578,0.0468888888888889,0.0468888888888889,0.0468888888888889
1091,squirrel_001091.jpeg,data/demo/images/squirrel_001091.jpeg,squirrel,sheep,0.576,suspected_label_error,model_disagreement;suspected_label_error;high_entropy;rare_class;class_deficit,recheck_label,0.46205555555555555,0.46205555555555555,1.6131734921935108,0.0,0.5288888888888889,1.0,,3201.5799842107936,194.29634920634922,71.790172518734,252,300,0.0,,,,0.8991666666666667,96.94892361111111,0.04711111111111112,0.04711111111111112,0.04711111111111112,0.04711111111111112,0.04711111111111112,0.04711111111111112,0.04711111111111112,0.576,0.04711111111111112,0.04711111111111112
693,elephant_000693.jpeg,data/demo/images/elephant_000693.jpeg,elephant,chicken,0.573,suspected_label_error,model_disagreement;suspected_label_error;high_entropy;rare_class;class_deficit,recheck_label,0.46072222222222226,0.46072222222222226,1.620665874178535,0.0,0.5255555555555556,1.0,,1610.5702309232372,138.82405925925926,46.63385426248045,300,225,0.0,,,,0.8966666666666667,96.94892361111111,0.04744444444444445,0.04744444444444445,0.573,0.04744444444444445,0.04744444444444445,0.04744444444444445,0.04744444444444445,0.04744444444444445,0.04744444444444445,0.04744444444444445
923,sheep_000923.jpeg,data/demo/images/sheep_000923.jpeg,sheep,elephant,0.565,suspected_label_error,model_disagreement;suspected_label_error;high_entropy;rare_class;class_deficit,recheck_label,0.4595,0.4595,1.6404658985020757,0.0,0.5166666666666666,1.0,,4791.857009437805,114.33491851851852,42.19232956391953,300,225,0.0,,,,0.9016666666666666,96.94892361111111,0.04833333333333334,0.04833333333333334,0.04833333333333334,0.04833333333333334,0.04833333333333334,0.565,0.04833333333333334,0.04833333333333334,0.04833333333333334,0.04833333333333334
43,butterfly_000043.jpg,data/demo/images/butterfly_000043.jpg,butterfly,horse,0.566,suspected_label_error,model_disagreement;suspected_label_error;high_entropy;rare_class;class_deficit,recheck_label,0.4592777777777778,0.4592777777777778,1.638005159483479,0.0,0.5177777777777777,1.0,,849.8627989375871,108.29090742370892,71.55595879189848,640,426,0.0,,,,0.8991666666666667,96.94892361111111,0.04822222222222223,0.04822222222222223,0.04822222222222223,0.04822222222222223,0.04822222222222223,0.04822222222222223,0.566,0.04822222222222223,0.04822222222222223,0.04822222222222223
9,butterfly_000009.jpg,data/demo/images/butterfly_000009.jpg,butterfly,chicken,0.565,suspected_label_error,model_disagreement;suspected_label_error;high_entropy;rare_class;class_deficit,recheck_label,0.45899999999999996,0.45899999999999996,1.6404658985020757,0.0,0.5166666666666666,1.0,,779.3555175548647,102.79839715375587,57.35758637966387,640,426,0.0,,,,0.8991666666666667,96.94892361111111,0.04833333333333334,0.04833333333333334,0.565,0.04833333333333334,0.04833333333333334,0.04833333333333334,0.04833333333333334,0.04833333333333334,0.04833333333333334,0.04833333333333334
777,horse_000777.jpeg,data/demo/images/horse_000777.jpeg,horse,squirrel,0.562,suspected_label_error,model_disagreement;suspected_label_error;high_entropy;rare_class;class_deficit,recheck_label,0.4580000000000001,0.4580000000000001,1.6478237114702636,0.0,0.5133333333333334,1.0,,2457.858867268858,77.17233962264152,67.52833887063116,300,265,0.0,,,,0.8983333333333333,96.94892361111111,0.048666666666666664,0.048666666666666664,0.048666666666666664,0.048666666666666664,0.048666666666666664,0.048666666666666664,0.048666666666666664,0.048666666666666664,0.048666666666666664,0.562
574,dog_000574.jpeg,data/demo/images/dog_000574.jpeg,dog,squirrel,0.561,suspected_label_error,model_disagreement;suspected_label_error;high_entropy;rare_class;class_deficit,recheck_label,0.4575555555555556,0.4575555555555556,1.6502681880945043,0.0,0.5122222222222222,1.0,,7694.291428097755,139.31049309664695,58.23469658159257,300,169,0.0,,,,0.8975,96.94892361111111,0.048777777777777774,0.048777777777777774,0.048777777777777774,0.048777777777777774,0.048777777777777774,0.048777777777777774,0.048777777777777774,0.048777777777777774,0.048777777777777774,0.561
833,horse_000833.jpeg,data/demo/images/horse_000833.jpeg,horse,cow,0.559,suspected_label_error,model_disagreement;suspected_label_error;high_entropy;rare_class;class_deficit,recheck_label,0.4571666666666667,0.4571666666666667,1.6551449620216507,0.0,0.51,1.0,,637.7278482402613,120.17147435897436,75.3672807443696,208,300,0.0,,,,0.8983333333333333,96.94892361111111,0.048999999999999995,0.048999999999999995,0.048999999999999995,0.559,0.048999999999999995,0.048999999999999995,0.048999999999999995,0.048999999999999995,0.048999999999999995,0.048999999999999995
159,cat_000159.jpg,data/demo/images/cat_000159.jpg,cat,dog,0.555,suspected_label_error,model_disagreement;suspected_label_error;high_entropy;rare_class;class_deficit,recheck_label,0.45705555555555555,0.45705555555555555,1.6648498472035063,0.0,0.5055555555555556,1.0,,1270.2320235209386,119.3605156983568,53.795858724458476,640,426,0.0,,,,0.9033333333333333,96.94892361111111,0.04944444444444444,0.04944444444444444,0.04944444444444444,0.04944444444444444,0.555,0.04944444444444444,0.04944444444444444,0.04944444444444444,0.04944444444444444,0.04944444444444444
94,butterfly_000094.jpeg,data/demo/images/butterfly_000094.jpeg,butterfly,cat,0.557,suspected_label_error,model_disagreement;suspected_label_error;high_entropy;rare_class;class_deficit,recheck_label,0.45677777777777784,0.45677777777777784,1.6600055099725903,0.0,0.5077777777777779,1.0,,1309.2746444205056,149.227865497076,41.09206616704307,300,228,0.0,,,,0.8991666666666667,96.94892361111111,0.049222222222222216,0.557,0.049222222222222216,0.049222222222222216,0.049222222222222216,0.049222222222222216,0.049222222222222216,0.049222222222222216,0.049222222222222216,0.049222222222222216
384,cow_000384.jpeg,data/demo/images/cow_000384.jpeg,cow,squirrel,0.553,suspected_label_error,model_disagreement;suspected_label_error;high_entropy;rare_class;class_deficit,recheck_label,0.45633333333333337,0.45633333333333337,1.6696779884173105,0.0,0.5033333333333334,1.0,,4200.6507773695985,218.81330555555556,58.97229298262751,300,240,0.0,,,,0.9025,96.94892361111111,0.049666666666666665,0.049666666666666665,0.049666666666666665,0.049666666666666665,0.049666666666666665,0.049666666666666665,0.049666666666666665,0.049666666666666665,0.049666666666666665,0.553
1069,spider_001069.jpeg,data/demo/images/spider_001069.jpeg,spider,sheep,0.552,suspected_label_error,model_disagreement;suspected_label_error;high_entropy;rare_class;class_deficit,recheck_label,0.4555555555555556,0.4555555555555556,1.6720859899618934,0.0,0.5022222222222222,1.0,,724.0347086863889,118.54748333333333,42.90225182900919,300,200,0.0,,,,0.9,96.94892361111111,0.049777777777777775,0.049777777777777775,0.049777777777777775,0.049777777777777775,0.049777777777777775,0.049777777777777775,0.049777777777777775,0.552,0.049777777777777775,0.049777777777777775
885,sheep_000885.jpeg,data/demo/images/sheep_000885.jpeg,sheep,chicken,0.55,suspected_label_error,model_disagreement;suspected_label_error;high_entropy;rare_class;class_deficit,recheck_label,0.45533333333333337,0.45533333333333337,1.6768898635148868,0.0,0.5,1.0,,2727.1779181265297,114.23964444444445,40.30843042259075,300,225,0.0,,,,0.9016666666666666,96.94892361111111,0.049999999999999996,0.049999999999999996,0.55,0.049999999999999996,0.049999999999999996,0.049999999999999996,0.049999999999999996,0.049999999999999996,0.049999999999999996,0.049999999999999996
670,elephant_000670.jpeg,data/demo/images/elephant_000670.jpeg,elephant,dog,0.55,suspected_label_error,model_disagreement;suspected_label_error;high_entropy;rare_class;class_deficit,recheck_label,0.45433333333333337,0.45433333333333337,1.6768898635148868,0.0,0.5,1.0,,2082.9463367233484,115.22869822485207,46.221690999120774,300,169,0.0,,,,0.8966666666666667,96.94892361111111,0.049999999999999996,0.049999999999999996,0.049999999999999996,0.049999999999999996,0.55,0.049999999999999996,0.049999999999999996,0.049999999999999996,0.049999999999999996,0.049999999999999996
1178,squirrel_001178.jpeg,data/demo/images/squirrel_001178.jpeg,squirrel,sheep,0.548,hard_example,model_disagreement;high_entropy;rare_class;class_deficit,send_to_review,0.4542777777777778,0.4542777777777778,1.6816775754064273,0.0,0.4977777777777778,1.0,,7198.734708597145,126.02311557788944,55.61186714342179,300,199,0.0,,,,0.8991666666666667,96.94892361111111,0.05022222222222222,0.05022222222222222,0.05022222222222222,0.05022222222222222,0.05022222222222222,0.05022222222222222,0.05022222222222222,0.548,0.05022222222222222,0.05022222222222222
198,cat_000198.jpg,data/demo/images/cat_000198.jpg,cat,horse,0.545,hard_example,model_disagreement;high_entropy;rare_class;class_deficit,send_to_review,0.4542777777777778,0.4542777777777778,1.6888288679559662,0.0,0.49444444444444446,1.0,,3250.089163042737,93.2734521713615,54.21277088491517,640,426,0.0,,,,0.9033333333333333,96.94892361111111,0.05055555555555555,0.05055555555555555,0.05055555555555555,0.05055555555555555,0.05055555555555555,0.05055555555555555,0.545,0.05055555555555555,0.05055555555555555,0.05055555555555555
724,horse_000724.jpeg,data/demo/images/horse_000724.jpeg,cat,horse,0.543,hard_example,model_disagreement;high_entropy;rare_class;class_deficit,send_to_review,0.45372222222222225,0.45372222222222225,1.6935762304620112,0.0,0.4922222222222223,1.0,,3593.2189000042085,135.89497487437185,61.16742017880946,300,199,0.0,,,,0.9033333333333333,96.94892361111111,0.050777777777777776,0.050777777777777776,0.050777777777777776,0.050777777777777776,0.050777777777777776,0.050777777777777776,0.543,0.050777777777777776,0.050777777777777776,0.050777777777777776
957,sheep_000957.jpeg,data/demo/images/sheep_000957.jpeg,sheep,elephant,0.542,hard_example,model_disagreement;high_entropy;rare_class;class_deficit,send_to_review,0.45311111111111113,0.45311111111111113,1.6959438662975406,0.0,0.49111111111111116,1.0,,1433.5169910342936,92.1268556701031,43.538999467710234,300,194,0.0,,,,0.9016666666666666,96.94892361111111,0.050888888888888886,0.050888888888888886,0.050888888888888886,0.050888888888888886,0.050888888888888886,0.542,0.050888888888888886,0.050888888888888886,0.050888888888888886,0.050888888888888886
333,chicken_000333.jpeg,data/demo/images/chicken_000333.jpeg,chicken,squirrel,0.542,hard_example,model_disagreement;high_entropy;rare_class;class_deficit,send_to_review,0.45311111111111113,0.45311111111111113,1.6959438662975406,0.0,0.49111111111111116,1.0,,1611.128867706888,128.5223275862069,57.75558206874538,232,300,0.0,,,,0.9016666666666666,96.94892361111111,0.050888888888888886,0.050888888888888886,0.050888888888888886,0.050888888888888886,0.050888888888888886,0.050888888888888886,0.050888888888888886,0.050888888888888886,0.050888888888888886,0.542
723,horse_000723.jpeg,data/demo/images/horse_000723.jpeg,horse,sheep,0.544,hard_example,model_disagreement;high_entropy;rare_class;class_deficit,send_to_review,0.45300000000000007,0.45300000000000007,1.6912045648192606,0.0,0.4933333333333334,1.0,,1202.69096975358,88.87336666666667,65.25711334235271,300,300,0.0,,,,0.8983333333333333,96.94892361111111,0.050666666666666665,0.050666666666666665,0.050666666666666665,0.050666666666666665,0.050666666666666665,0.050666666666666665,0.050666666666666665,0.544,0.050666666666666665,0.050666666666666665
19,butterfly_000019.jpeg,data/demo/images/butterfly_000019.jpeg,butterfly,dog,0.542,hard_example,model_disagreement;high_entropy;rare_class;class_deficit,send_to_review,0.4526111111111112,0.4526111111111112,1.6959438662975406,0.0,0.49111111111111116,1.0,,1672.3762520729686,188.06096185737977,83.0448850546189,300,201,0.0,,,,0.8991666666666667,96.94892361111111,0.050888888888888886,0.050888888888888886,0.050888888888888886,0.050888888888888886,0.542,0.050888888888888886,0.050888888888888886,0.050888888888888886,0.050888888888888886,0.050888888888888886
411,cow_000411.jpeg,data/demo/images/cow_000411.jpeg,cow,cat,0.539,hard_example,model_disagreement;high_entropy;rare_class;class_deficit,send_to_review,0.4524444444444444,0.4524444444444444,1.7030226085927294,0.0,0.4877777777777778,1.0,,7309.92405328443,119.99339233038349,45.602958657795455,300,226,0.0,,,,0.9025,96.94892361111111,0.05122222222222222,0.539,0.05122222222222222,0.05122222222222222,0.05122222222222222,0.05122222222222222,0.05122222222222222,0.05122222222222222,0.05122222222222222,0.05122222222222222
905,sheep_000905.jpeg,data/demo/images/sheep_000905.jpeg,sheep,cow,0.539,hard_example,model_disagreement;high_entropy;rare_class;class_deficit,send_to_review,0.4522777777777778,0.4522777777777778,1.7030226085927296,0.0,0.4877777777777778,1.0,,996.2935500069137,126.57902222222222,55.706350126150646,300,225,0.0,,,,0.9016666666666666,96.94892361111111,0.05122222222222222,0.05122222222222222,0.05122222222222222,0.539,0.05122222222222222,0.05122222222222222,0.05122222222222222,0.05122222222222222,0.05122222222222222,0.05122222222222222
115,butterfly_000115.jpg,data/demo/images/butterfly_000115.jpg,butterfly,spider,0.54,hard_example,model_disagreement;high_entropy;rare_class;class_deficit,send_to_review,0.45205555555555554,0.45205555555555554,1.7006670540330604,0.0,0.48888888888888893,1.0,,2380.0637260714866,78.97455729166667,50.711593844386684,640,360,0.0,,,,0.8991666666666667,96.94892361111111,0.05111111111111111,0.05111111111111111,0.05111111111111111,0.05111111111111111,0.05111111111111111,0.05111111111111111,0.05111111111111111,0.05111111111111111,0.54,0.05111111111111111
1086,squirrel_001086.jpeg,data/demo/images/squirrel_001086.jpeg,squirrel,horse,0.539,hard_example,model_disagreement;high_entropy;rare_class;class_deficit,send_to_review,0.45177777777777783,0.45177777777777783,1.7030226085927294,0.0,0.4877777777777778,1.0,,1396.5681419197222,113.61095,36.17376982608854,300,200,0.0,,,,0.8991666666666667,96.94892361111111,0.05122222222222222,0.05122222222222222,0.05122222222222222,0.05122222222222222,0.05122222222222222,0.05122222222222222,0.539,0.05122222222222222,0.05122222222222222,0.05122222222222222
1145,squirrel_001145.jpeg,data/demo/images/squirrel_001145.jpeg,squirrel,dog,0.538,hard_example,model_disagreement;high_entropy;rare_class;class_deficit,send_to_review,0.4515,0.4515,1.7053741386646666,0.0,0.4866666666666667,1.0,,2131.286394973937,142.08687407407407,38.67795401736405,300,225,0.0,,,,0.8991666666666667,96.94892361111111,0.05133333333333333,0.05133333333333333,0.05133333333333333,0.05133333333333333,0.538,0.05133333333333333,0.05133333333333333,0.05133333333333333,0.05133333333333333,0.05133333333333333
680,elephant_000680.jpeg,data/demo/images/elephant_000680.jpeg,elephant,butterfly,0.539,hard_example,model_disagreement;high_entropy;rare_class;class_deficit,send_to_review,0.4512777777777778,0.4512777777777778,1.7030226085927294,0.0,0.4877777777777778,1.0,,1018.4243195717548,109.58761341222879,42.72709689526189,300,169,0.0,,,,0.8966666666666667,96.94892361111111,0.539,0.05122222222222222,0.05122222222222222,0.05122222222222222,0.05122222222222222,0.05122222222222222,0.05122222222222222,0.05122222222222222,0.05122222222222222,0.05122222222222222
706,elephant_000706.jpeg,data/demo/images/elephant_000706.jpeg,elephant,horse,0.538,hard_example,model_disagreement;high_entropy;rare_class;class_deficit,send_to_review,0.45100000000000007,0.45100000000000007,1.7053741386646666,0.0,0.4866666666666667,1.0,,2302.663348090056,115.24928571428572,56.47927427038031,300,224,0.0,,,,0.8966666666666667,96.94892361111111,0.05133333333333333,0.05133333333333333,0.05133333333333333,0.05133333333333333,0.05133333333333333,0.05133333333333333,0.538,0.05133333333333333,0.05133333333333333,0.05133333333333333
548,dog_000548.jpeg,data/demo/images/dog_000548.jpeg,dog,cow,0.533,hard_example,model_disagreement;high_entropy;rare_class;class_deficit,send_to_review,0.44977777777777783,0.44977777777777783,1.7170714641863811,0.0,0.48111111111111116,1.0,,1095.03749999,169.63611111111112,64.04701473127108,300,300,0.0,,,,0.8975,96.94892361111111,0.05188888888888889,0.05188888888888889,0.05188888888888889,0.533,0.05188888888888889,0.05188888888888889,0.05188888888888889,0.05188888888888889,0.05188888888888889,0.05188888888888889
1140,squirrel_001140.jpeg,data/demo/images/squirrel_001140.jpeg,spider,horse,0.53,hard_example,model_disagreement;high_entropy;rare_class;class_deficit,send_to_review,0.4494444444444444,0.4494444444444444,1.7240416403497623,0.0,0.4777777777777778,1.0,,1086.9203258844443,117.98407407407407,39.61710851520621,225,300,0.0,,,,0.9,96.94892361111111,0.05222222222222222,0.05222222222222222,0.05222222222222222,0.05222222222222222,0.05222222222222222,0.05222222222222222,0.53,0.05222222222222222,0.05222222222222222,0.05222222222222222
1071,spider_001071.jpeg,data/demo/images/spider_001071.jpeg,spider,elephant,0.528,hard_example,model_disagreement;high_entropy;rare_class;class_deficit,send_to_review,0.4488888888888889,0.4488888888888889,1.7286683504915445,0.0,0.47555555555555556,1.0,,1286.1657002112438,105.44305719921104,37.58610852910447,300,169,0.0,,,,0.9,96.94892361111111,0.05244444444444444,0.05244444444444444,0.05244444444444444,0.05244444444444444,0.05244444444444444,0.528,0.05244444444444444,0.05244444444444444,0.05244444444444444,0.05244444444444444
194,cat_000194.jpeg,data/demo/images/cat_000194.jpeg,cat,sheep,0.524,hard_example,model_disagreement;high_entropy;rare_class;class_deficit,send_to_review,0.4484444444444444,0.4484444444444444,1.7378736265957955,0.0,0.47111111111111115,1.0,,407.72122243749993,39.8171,70.2389126310338,300,200,0.0,,,,0.9033333333333333,96.94892361111111,0.05288888888888889,0.05288888888888889,0.05288888888888889,0.05288888888888889,0.05288888888888889,0.05288888888888889,0.05288888888888889,0.524,0.05288888888888889,0.05288888888888889
398,cow_000398.jpeg,data/demo/images/cow_000398.jpeg,cow,sheep,0.522,hard_example,model_disagreement;high_entropy;rare_class;class_deficit,send_to_review,0.44772222222222224,0.44772222222222224,1.7424522059431964,0.0,0.4688888888888889,1.0,,2287.2981311605367,117.09818584070797,60.13463353260878,300,226,0.0,,,,0.9025,96.94892361111111,0.05311111111111111,0.05311111111111111,0.05311111111111111,0.05311111111111111,0.05311111111111111,0.05311111111111111,0.05311111111111111,0.522,0.05311111111111111,0.05311111111111111
835,horse_000835.jpeg,data/demo/images/horse_000835.jpeg,horse,dog,0.524,hard_example,model_disagreement;high_entropy;rare_class;class_deficit,send_to_review,0.4474444444444444,0.4474444444444444,1.7378736265957955,0.0,0.47111111111111115,1.0,,11147.572977706657,172.08759349593495,76.04895140832843,300,205,0.0,,,,0.8983333333333333,96.94892361111111,0.05288888888888889,0.05288888888888889,0.05288888888888889,0.05288888888888889,0.524,0.05288888888888889,0.05288888888888889,0.05288888888888889,0.05288888888888889,0.05288888888888889
489,dog_000489.jpeg,data/demo/images/dog_000489.jpeg,dog,cow,0.52,hard_example,model_disagreement;high_entropy;rare_class;class_deficit,send_to_review,0.4461666666666667,0.4461666666666667,1.7470147542113463,0.0,0.4666666666666667,1.0,,3784.734348584691,87.30936296296296,57.70230522163287,225,300,0.0,,,,0.8975,96.94892361111111,0.05333333333333333,0.05333333333333333,0.05333333333333333,0.52,0.05333333333333333,0.05333333333333333,0.05333333333333333,0.05333333333333333,0.05333333333333333,0.05333333333333333
270,chicken_000270.jpeg,data/demo/images/chicken_000270.jpeg,chicken,spider,0.515,hard_example,model_disagreement;high_entropy;rare_class;class_deficit,send_to_review,0.4456111111111112,0.4456111111111112,1.7583510230436998,0.0,0.46111111111111114,1.0,,1151.7585527870915,109.15215053763441,51.008066848947585,279,300,0.0,,,,0.9016666666666666,96.94892361111111,0.05388888888888889,0.05388888888888889,0.05388888888888889,0.05388888888888889,0.05388888888888889,0.05388888888888889,0.05388888888888889,0.05388888888888889,0.515,0.05388888888888889
432,cow_000432.jpeg,data/demo/images/cow_000432.jpeg,cow,cat,0.514,hard_example,model_disagreement;high_entropy;rare_class;class_deficit,send_to_review,0.4455,0.4455,1.7606062639079447,0.0,0.46,1.0,,376.5321746894019,162.3115425531915,37.517643812823856,300,188,0.0,,,,0.9025,96.94892361111111,0.054,0.514,0.054,0.054,0.054,0.054,0.054,0.054,0.054,0.054
959,sheep_000959.jpeg,data/demo/images/sheep_000959.jpeg,sheep,cow,0.508,hard_example,model_disagreement;high_entropy;rare_class;class_deficit,send_to_review,0.44366666666666665,0.44366666666666665,1.774053657147473,0.0,0.45333333333333337,1.0,,1870.5617562196983,140.80074074074074,52.94932951178512,300,225,0.0,,,,0.9016666666666666,96.94892361111111,0.05466666666666667,0.05466666666666667,0.05466666666666667,0.508,0.05466666666666667,0.05466666666666667,0.05466666666666667,0.05466666666666667,0.05466666666666667,0.05466666666666667
878,sheep_000878.jpeg,data/demo/images/sheep_000878.jpeg,sheep,elephant,0.508,hard_example,model_disagreement;high_entropy;rare_class;class_deficit,send_to_review,0.44366666666666665,0.44366666666666665,1.774053657147473,0.0,0.45333333333333337,1.0,,3476.295827699723,153.36548333333334,55.66673727280702,300,200,0.0,,,,0.9016666666666666,96.94892361111111,0.05466666666666667,0.05466666666666667,0.05466666666666667,0.05466666666666667,0.05466666666666667,0.508,0.05466666666666667,0.05466666666666667,0.05466666666666667,0.05466666666666667
501,dog_000501.jpeg,data/demo/images/dog_000501.jpeg,dog,cow,0.508,hard_example,model_disagreement;high_entropy;rare_class;class_deficit,send_to_review,0.4428333333333333,0.4428333333333333,1.774053657147473,0.0,0.45333333333333337,1.0,,496.4782839921571,136.32197238658776,108.31493566640466,169,300,0.0,,,,0.8975,96.94892361111111,0.05466666666666667,0.05466666666666667,0.05466666666666667,0.508,0.05466666666666667,0.05466666666666667,0.05466666666666667,0.05466666666666667,0.05466666666666667,0.05466666666666667
962,spider_000962.jpeg,data/demo/images/spider_000962.jpeg,spider,butterfly,0.506,hard_example,model_disagreement;high_entropy;rare_class;class_deficit,send_to_review,0.4427777777777778,0.4427777777777778,1.7785041100359387,0.0,0.45111111111111113,1.0,,640.1963555505378,115.03725568942437,34.61414992551188,300,249,0.0,,,,0.9,96.94892361111111,0.506,0.05488888888888889,0.05488888888888889,0.05488888888888889,0.05488888888888889,0.05488888888888889,0.05488888888888889,0.05488888888888889,0.05488888888888889,0.05488888888888889
943,sheep_000943.jpeg,data/demo/images/sheep_000943.jpeg,sheep,dog,0.503,hard_example,model_disagreement;high_entropy;rare_class;class_deficit,send_to_review,0.44227777777777777,0.44227777777777777,1.785149785388045,0.0,0.4477777777777778,1.0,,3708.844717679622,92.94878048780488,65.4298132810454,300,246,0.0,,,,0.9016666666666666,96.94892361111111,0.05522222222222222,0.05522222222222222,0.05522222222222222,0.05522222222222222,0.503,0.05522222222222222,0.05522222222222222,0.05522222222222222,0.05522222222222222,0.05522222222222222
841,sheep_000841.jpg,data/demo/images/sheep_000841.jpg,sheep,dog,0.502,hard_example,model_disagreement;high_entropy;rare_class;class_deficit,send_to_review,0.44200000000000006,0.44200000000000006,1.7873570100520493,0.0,0.44666666666666666,1.0,,809.5083496991202,130.57578491784037,77.07982623029956,640,426,0.0,,,,0.9016666666666666,96.94892361111111,0.05533333333333333,0.05533333333333333,0.05533333333333333,0.05533333333333333,0.502,0.05533333333333333,0.05533333333333333,0.05533333333333333,0.05533333333333333,0.05533333333333333
931,sheep_000931.jpeg,data/demo/images/sheep_000931.jpeg,sheep,squirrel,0.501,hard_example,model_disagreement;high_entropy;rare_class;class_deficit,send_to_review,0.44172222222222224,0.44172222222222224,1.7895602346493855,0.0,0.44555555555555554,1.0,,1238.3151834322773,104.3859393939394,65.24576142645236,300,220,0.0,,,,0.9016666666666666,96.94892361111111,0.05544444444444444,0.05544444444444444,0.05544444444444444,0.05544444444444444,0.05544444444444444,0.05544444444444444,0.05544444444444444,0.05544444444444444,0.05544444444444444,0.501
622,elephant_000622.jpeg,data/demo/images/elephant_000622.jpeg,elephant,butterfly,0.503,hard_example,model_disagreement;high_entropy;rare_class;class_deficit,send_to_review,0.44127777777777777,0.44127777777777777,1.785149785388045,0.0,0.4477777777777778,1.0,,4446.459993463689,147.55924623115578,58.84668201369936,300,199,0.0,,,,0.8966666666666667,96.94892361111111,0.503,0.05522222222222222,0.05522222222222222,0.05522222222222222,0.05522222222222222,0.05522222222222222,0.05522222222222222,0.05522222222222222,0.05522222222222222,0.05522222222222222
582,dog_000582.jpeg,data/demo/images/dog_000582.jpeg,dog,squirrel,0.502,hard_example,model_disagreement;high_entropy;rare_class;class_deficit,send_to_review,0.4411666666666667,0.4411666666666667,1.7873570100520493,0.0,0.44666666666666666,1.0,,2088.150369265647,144.82472361809045,66.39841347269363,300,199,0.0,,,,0.8975,96.94892361111111,0.05533333333333333,0.05533333333333333,0.05533333333333333,0.05533333333333333,0.05533333333333333,0.05533333333333333,0.05533333333333333,0.05533333333333333,0.05533333333333333,0.502
612,elephant_000612.jpeg,data/demo/images/elephant_000612.jpeg,elephant,chicken,0.501,hard_example,model_disagreement;high_entropy;rare_class;class_deficit,send_to_review,0.44072222222222224,0.44072222222222224,1.789560234649386,0.0,0.44555555555555554,1.0,,4878.401523420378,86.36677282377919,65.81095730879136,300,157,0.0,,,,0.8966666666666667,96.94892361111111,0.05544444444444444,0.05544444444444444,0.501,0.05544444444444444,0.05544444444444444,0.05544444444444444,0.05544444444444444,0.05544444444444444,0.05544444444444444,0.05544444444444444
829,horse_000829.jpeg,data/demo/images/horse_000829.jpeg,horse,cat,0.499,hard_example,model_disagreement;high_entropy;rare_class;class_deficit,send_to_review,0.4405,0.4405,1.7939546838040583,0.0,0.44333333333333336,1.0,,1767.6640230233197,129.59028148148147,53.86129962600466,300,225,0.0,,,,0.8983333333333333,96.94892361111111,0.05566666666666667,0.499,0.05566666666666667,0.05566666666666667,0.05566666666666667,0.05566666666666667,0.05566666666666667,0.05566666666666667,0.05566666666666667,0.05566666666666667
1003,spider_001003.jpeg,data/demo/images/spider_001003.jpeg,spider,cow,0.496,hard_example,model_disagreement;high_entropy;rare_class;class_deficit,send_to_review,0.44000000000000006,0.44000000000000006,1.8005163571960576,0.0,0.44,1.0,,235.67762321407733,163.03420289855072,22.280069642387144,300,207,0.0,,,,0.9,96.94892361111111,0.056,0.056,0.056,0.496,0.056,0.056,0.056,0.056,0.056,0.056
661,elephant_000661.jpeg,data/demo/images/elephant_000661.jpeg,elephant,horse,0.497,hard_example,model_disagreement;high_entropy;rare_class;class_deficit,send_to_review,0.4396111111111112,0.4396111111111112,1.7983331328520622,0.0,0.4411111111111111,1.0,,2380.5878520310034,126.18142156862746,61.975387887947065,300,204,0.0,,,,0.8966666666666667,96.94892361111111,0.05588888888888889,0.05588888888888889,0.05588888888888889,0.05588888888888889,0.05588888888888889,0.05588888888888889,0.497,0.05588888888888889,0.05588888888888889,0.05588888888888889
949,sheep_000949.jpeg,data/demo/images/sheep_000949.jpeg,sheep,dog,0.493,hard_example,model_disagreement;high_entropy;rare_class;class_deficit,send_to_review,0.4395,0.4395,1.807042028067824,0.0,0.43666666666666665,1.0,,1349.5786128750385,172.40766666666667,38.152819226191305,300,190,0.0,,,,0.9016666666666666,96.94892361111111,0.05633333333333333,0.05633333333333333,0.05633333333333333,0.05633333333333333,0.493,0.05633333333333333,0.05633333333333333,0.05633333333333333,0.05633333333333333,0.05633333333333333
90,butterfly_000090.jpg,data/demo/images/butterfly_000090.jpg,butterfly,cat,0.492,hard_example,model_disagreement;high_entropy;rare_class;class_deficit,send_to_review,0.43872222222222224,0.43872222222222224,1.8092092503848527,0.0,0.43555555555555553,1.0,,1096.1400207088886,136.0090576171875,45.337853531915755,640,512,0.0,,,,0.8991666666666667,96.94892361111111,0.05644444444444444,0.492,0.05644444444444444,0.05644444444444444,0.05644444444444444,0.05644444444444444,0.05644444444444444,0.05644444444444444,0.05644444444444444,0.05644444444444444
875,sheep_000875.jpeg,data/demo/images/sheep_000875.jpeg,sheep,horse,0.49,hard_example,model_disagreement;high_entropy;rare_class;class_deficit,send_to_review,0.43866666666666665,0.43866666666666665,1.81353169166595,0.0,0.43333333333333335,1.0,,2544.6253771155557,82.26301666666667,51.64423916469021,300,200,0.0,,,,0.9016666666666666,96.94892361111111,0.05666666666666667,0.05666666666666667,0.05666666666666667,0.05666666666666667,0.05666666666666667,0.05666666666666667,0.49,0.05666666666666667,0.05666666666666667,0.05666666666666667
110,butterfly_000110.jpeg,data/demo/images/butterfly_000110.jpeg,butterfly,horse,0.491,hard_example,model_disagreement;high_entropy;rare_class;class_deficit,send_to_review,0.4384444444444444,0.4384444444444444,1.8113724716749469,0.0,0.4344444444444444,1.0,,16836.83469112837,198.68419607843137,72.66963418055309,255,300,0.0,,,,0.8991666666666667,96.94892361111111,0.05655555555555555,0.05655555555555555,0.05655555555555555,0.05655555555555555,0.05655555555555555,0.05655555555555555,0.491,0.05655555555555555,0.05655555555555555,0.05655555555555555
730,horse_000730.jpeg,data/demo/images/horse_000730.jpeg,horse,dog,0.491,hard_example,model_disagreement;high_entropy;rare_class;class_deficit,send_to_review,0.43827777777777777,0.43827777777777777,1.8113724716749469,0.0,0.4344444444444444,1.0,,6775.541347196014,93.24383534136547,57.69845725865738,300,166,0.0,,,,0.8983333333333333,96.94892361111111,0.05655555555555555,0.05655555555555555,0.05655555555555555,0.05655555555555555,0.491,0.05655555555555555,0.05655555555555555,0.05655555555555555,0.05655555555555555,0.05655555555555555
792,horse_000792.jpeg,data/demo/images/horse_000792.jpeg,horse,dog,0.488,hard_example,model_disagreement;high_entropy;rare_class;class_deficit,send_to_review,0.4374444444444444,0.4374444444444444,1.8178381265017172,0.0,0.4311111111111111,1.0,,3794.1035445624952,137.05456410256411,93.29115125830849,300,195,0.0,,,,0.8983333333333333,96.94892361111111,0.05688888888888889,0.05688888888888889,0.05688888888888889,0.05688888888888889,0.488,0.05688888888888889,0.05688888888888889,0.05688888888888889,0.05688888888888889,0.05688888888888889
974,spider_000974.jpeg,data/demo/images/spider_000974.jpeg,spider,cat,0.486,hard_example,model_disagreement;high_entropy;rare_class;class_deficit,send_to_review,0.4372222222222223,0.4372222222222223,1.8221285520733588,0.0,0.4288888888888889,1.0,,893.5428980933333,185.50008888888888,41.96111533303302,300,300,0.0,,,,0.9,96.94892361111111,0.05711111111111111,0.486,0.05711111111111111,0.05711111111111111,0.05711111111111111,0.05711111111111111,0.05711111111111111,0.05711111111111111,0.05711111111111111,0.05711111111111111
506,dog_000506.jpeg,data/demo/images/dog_000506.jpeg,dog,cow,0.487,hard_example,model_disagreement;high_entropy;rare_class;class_deficit,send_to_review,0.43699999999999994,0.43699999999999994,1.819985340641792,0.0,0.43,1.0,,2508.989746208692,129.0693439716312,46.37870013449462,300,188,0.0,,,,0.8975,96.94892361111111,0.057,0.057,0.057,0.487,0.057,0.057,0.057,0.057,0.057,0.057
461,cow_000461.jpeg,data/demo/images/cow_000461.jpeg,cow,elephant,0.479,hard_example,model_disagreement;high_entropy;rare_class;class_deficit,send_to_review,0.4357777777777778,0.4357777777777778,1.837018915860975,0.0,0.4211111111111111,1.0,,1463.6356691832098,102.28352592592593,72.63420007446034,225,300,0.0,,,,0.9025,96.94892361111111,0.05788888888888889,0.05788888888888889,0.05788888888888889,0.05788888888888889,0.05788888888888889,0.479,0.05788888888888889,0.05788888888888889,0.05788888888888889,0.05788888888888889
114,butterfly_000114.jpeg,data/demo/images/butterfly_000114.jpeg,butterfly,spider,0.481,hard_example,model_disagreement;high_entropy;rare_class;class_deficit,send_to_review,0.43566666666666665,0.43566666666666665,1.8327845523356676,0.0,0.42333333333333334,1.0,,1447.2110146532243,122.48384057971015,85.23319639587994,300,230,0.0,,,,0.8991666666666667,96.94892361111111,0.05766666666666667,0.05766666666666667,0.05766666666666667,0.05766666666666667,0.05766666666666667,0.05766666666666667,0.05766666666666667,0.05766666666666667,0.481,0.05766666666666667
1062,spider_001062.jpeg,data/demo/images/spider_001062.jpeg,spider,squirrel,0.48,hard_example,model_disagreement;high_entropy;rare_class;class_deficit,send_to_review,0.4355555555555556,0.4355555555555556,1.8349037373047956,0.0,0.4222222222222222,1.0,,597.733326435336,112.5689925925926,73.91569609298864,300,225,0.0,,,,0.9,96.94892361111111,0.05777777777777778,0.05777777777777778,0.05777777777777778,0.05777777777777778,0.05777777777777778,0.05777777777777778,0.05777777777777778,0.05777777777777778,0.05777777777777778,0.48
374,cow_000374.jpeg,data/demo/images/cow_000374.jpeg,cow,spider,0.475,hard_example,model_disagreement;high_entropy;rare_class;class_deficit,send_to_review,0.43466666666666665,0.43466666666666665,1.8454395523065954,0.0,0.41666666666666663,1.0,,2637.138617283951,113.39656296296296,61.58696360403356,300,225,0.0,,,,0.9025,96.94892361111111,0.058333333333333334,0.058333333333333334,0.058333333333333334,0.058333333333333334,0.058333333333333334,0.058333333333333334,0.058333333333333334,0.058333333333333334,0.475,0.058333333333333334
659,elephant_000659.jpeg,data/demo/images/elephant_000659.jpeg,elephant,chicken,0.478,hard_example,model_disagreement;high_entropy;rare_class;class_deficit,send_to_review,0.43433333333333335,0.43433333333333335,1.8391300873459908,0.0,0.42,1.0,,7363.57260133056,134.38979797979798,66.26423551891169,300,231,0.0,,,,0.8966666666666667,96.94892361111111,0.058,0.058,0.478,0.058,0.058,0.058,0.058,0.058,0.058,0.058
1094,squirrel_001094.jpeg,data/demo/images/squirrel_001094.jpeg,squirrel,cat,0.475,hard_example,model_disagreement;high_entropy;rare_class;class_deficit,send_to_review,0.43400000000000005,0.43400000000000005,1.8454395523065954,0.0,0.41666666666666663,1.0,,2091.9253373333336,95.87853333333334,49.948659099608356,300,200,0.0,,,,0.8991666666666667,96.94892361111111,0.058333333333333334,0.475,0.058333333333333334,0.058333333333333334,0.058333333333333334,0.058333333333333334,0.058333333333333334,0.058333333333333334,0.058333333333333334,0.058333333333333334
1147,squirrel_001147.jpeg,data/demo/images/squirrel_001147.jpeg,squirrel,cow,0.471,hard_example,model_disagreement;high_entropy;rare_class;class_deficit,send_to_review,0.4328888888888889,0.4328888888888889,1.853796027658224,0.0,0.4122222222222222,1.0,,6576.053166144513,158.94278056951424,83.365904174717,300,199,0.0,,,,0.8991666666666667,96.94892361111111,0.05877777777777778,0.05877777777777778,0.05877777777777778,0.471,0.05877777777777778,0.05877777777777778,0.05877777777777778,0.05877777777777778,0.05877777777777778,0.05877777777777778
175,cat_000175.jpeg,data/demo/images/cat_000175.jpeg,cat,spider,0.467,hard_example,model_disagreement;high_entropy;rare_class;class_deficit,send_to_review,0.43261111111111117,0.43261111111111117,1.8620882862905717,0.0,0.4077777777777778,1.0,,955.9985608479612,162.71356749311295,54.96646894685081,242,300,0.0,,,,0.9033333333333333,96.94892361111111,0.05922222222222221,0.05922222222222221,0.05922222222222221,0.05922222222222221,0.05922222222222221,0.05922222222222221,0.05922222222222221,0.05922222222222221,0.467,0.05922222222222221
1027,spider_001027.jpeg,data/demo/images/spider_001027.jpeg,spider,dog,0.465,hard_example,model_disagreement;high_entropy;rare_class;class_deficit,send_to_review,0.43138888888888893,0.43138888888888893,1.8662103146695301,0.0,0.40555555555555556,1.0,,515.4794847679473,124.59560367454068,25.653657658821224,300,254,0.0,,,,0.9,96.94892361111111,0.05944444444444444,0.05944444444444444,0.05944444444444444,0.05944444444444444,0.465,0.05944444444444444,0.05944444444444444,0.05944444444444444,0.05944444444444444,0.05944444444444444
773,horse_000773.jpeg,data/demo/images/horse_000773.jpeg,horse,squirrel,0.465,hard_example,model_disagreement;high_entropy;rare_class;class_deficit,send_to_review,0.4310555555555555,0.4310555555555555,1.8662103146695301,0.0,0.40555555555555556,1.0,,2660.1868236656105,92.48398581560284,49.4063491081701,300,235,0.0,,,,0.8983333333333333,96.94892361111111,0.05944444444444444,0.05944444444444444,0.05944444444444444,0.05944444444444444,0.05944444444444444,0.05944444444444444,0.05944444444444444,0.05944444444444444,0.05944444444444444,0.465
719,elephant_000719.jpg,data/demo/images/elephant_000719.jpg,elephant,sheep,0.466,hard_example,model_disagreement;high_entropy;rare_class;class_deficit,send_to_review,0.43100000000000005,0.43100000000000005,1.8641513097723834,0.0,0.4066666666666667,1.0,,3190.89699895557,176.04146860328638,56.91376185057573,640,426,0.0,,,,0.8966666666666667,96.94892361111111,0.059333333333333335,0.059333333333333335,0.059333333333333335,0.059333333333333335,0.059333333333333335,0.059333333333333335,0.059333333333333335,0.466,0.059333333333333335,0.059333333333333335
1159,squirrel_001159.jpeg,data/demo/images/squirrel_001159.jpeg,squirrel,butterfly,0.463,hard_example,model_disagreement;high_entropy;rare_class;class_deficit,send_to_review,0.43066666666666664,0.43066666666666664,1.8703162642184998,0.0,0.4033333333333334,1.0,,1073.8768904392864,143.12425185185185,71.87117640970091,300,225,0.0,,,,0.8991666666666667,96.94892361111111,0.463,0.05966666666666666,0.05966666666666666,0.05966666666666666,0.05966666666666666,0.05966666666666666,0.05966666666666666,0.05966666666666666,0.05966666666666666,0.05966666666666666
1165,squirrel_001165.jpeg,data/demo/images/squirrel_001165.jpeg,squirrel,cow,0.461,hard_example,model_disagreement;high_entropy;rare_class;class_deficit,send_to_review,0.4301111111111111,0.4301111111111111,1.8744061256249547,0.0,0.40111111111111114,1.0,,4309.003761549008,94.86474408436214,55.01742878148863,288,216,0.0,,,,0.8991666666666667,96.94892361111111,0.05988888888888888,0.05988888888888888,0.05988888888888888,0.461,0.05988888888888888,0.05988888888888888,0.05988888888888888,0.05988888888888888,0.05988888888888888,0.05988888888888888
805,horse_000805.jpeg,data/demo/images/horse_000805.jpeg,horse,spider,0.461,hard_example,model_disagreement;high_entropy;rare_class;class_deficit,send_to_review,0.42994444444444446,0.42994444444444446,1.8744061256249547,0.0,0.40111111111111114,1.0,,6403.073183456112,158.66786008230451,62.78133573400284,300,243,0.0,,,,0.8983333333333333,96.94892361111111,0.05988888888888888,0.05988888888888888,0.05988888888888888,0.05988888888888888,0.05988888888888888,0.05988888888888888,0.05988888888888888,0.05988888888888888,0.461,0.05988888888888888
280,chicken_000280.jpeg,data/demo/images/chicken_000280.jpeg,chicken,cat,0.458,hard_example,model_disagreement;high_entropy;rare_class;class_deficit,send_to_review,0.4297777777777778,0.4297777777777778,1.880510730793783,0.0,0.3977777777777778,1.0,,3861.552298861111,95.37208888888888,66.94562316514707,300,300,0.0,,,,0.9016666666666666,96.94892361111111,0.060222222222222226,0.458,0.060222222222222226,0.060222222222222226,0.060222222222222226,0.060222222222222226,0.060222222222222226,0.060222222222222226,0.060222222222222226,0.060222222222222226
377,cow_000377.jpeg,data/demo/images/cow_000377.jpeg,cow,elephant,0.453,hard_example,model_disagreement;high_entropy;rare_class;class_deficit,send_to_review,0.4285555555555556,0.4285555555555556,1.8906044850164112,0.0,0.39222222222222225,1.0,,1750.968280534723,81.8668676716918,38.201852556711614,300,199,0.0,,,,0.9025,96.94892361111111,0.06077777777777777,0.06077777777777777,0.06077777777777777,0.06077777777777777,0.06077777777777777,0.453,0.06077777777777777,0.06077777777777777,0.06077777777777777,0.06077777777777777
636,elephant_000636.jpg,data/demo/images/elephant_000636.jpg,elephant,squirrel,0.457,hard_example,model_disagreement;high_entropy;rare_class;class_deficit,send_to_review,0.4285,0.4285,1.8825375441129255,0.0,0.3966666666666667,1.0,,10525.75750901108,123.42218158983451,59.315637134374114,640,423,0.0,,,,0.8966666666666667,96.94892361111111,0.06033333333333332,0.06033333333333332,0.06033333333333332,0.06033333333333332,0.06033333333333332,0.06033333333333332,0.06033333333333332,0.06033333333333332,0.06033333333333332,0.457
1060,spider_001060.jpeg,data/demo/images/spider_001060.jpeg,spider,sheep,0.452,hard_example,model_disagreement;high_entropy;rare_class;class_deficit,send_to_review,0.4277777777777778,0.4277777777777778,1.8926111348307046,0.0,0.39111111111111113,1.0,,1585.568770873196,90.56302222222222,53.99475322980608,300,225,0.0,,,,0.9,96.94892361111111,0.060888888888888895,0.060888888888888895,0.060888888888888895,0.060888888888888895,0.060888888888888895,0.060888888888888895,0.060888888888888895,0.452,0.060888888888888895,0.060888888888888895
1077,spider_001077.jpeg,data/demo/images/spider_001077.jpeg,spider,cat,0.522,hard_example,low_contrast;model_disagreement;high_entropy;rare_class;class_deficit,send_to_review,0.4247222222222223,0.4247222222222223,1.7424522059431966,0.0,0.4688888888888889,0.85,low_contrast,153.92581283471839,135.60398245614036,13.753139160628821,300,190,0.0,,,,0.9,96.94892361111111,0.05311111111111111,0.522,0.05311111111111111,0.05311111111111111,0.05311111111111111,0.05311111111111111,0.05311111111111111,0.05311111111111111,0.05311111111111111,0.05311111111111111
767,horse_000767.jpeg,data/demo/images/horse_000767.jpeg,horse,squirrel,0.55,suspected_label_error,low_resolution;model_disagreement;suspected_label_error;high_entropy;rare_class;class_deficit,recheck_label,0.41716666666666663,0.41716666666666663,1.676889863514887,0.0,0.5,0.75,low_resolution,1731.8294049465353,80.88421487603306,66.36770065494058,300,121,0.0,,,,0.8983333333333333,96.94892361111111,0.049999999999999996,0.049999999999999996,0.049999999999999996,0.049999999999999996,0.049999999999999996,0.049999999999999996,0.049999999999999996,0.049999999999999996,0.049999999999999996,0.55
493,dog_000493.jpeg,data/demo/images/dog_000493.jpeg,dog,cow,0.471,hard_example,too_bright;model_disagreement;high_entropy;rare_class;class_deficit,send_to_review,0.40255555555555556,0.40255555555555556,1.853796027658224,0.0,0.4122222222222222,0.8,too_bright,205.8425945894217,224.5058751393534,37.49928217875616,299,300,0.0,,,,0.8975,96.94892361111111,0.05877777777777778,0.05877777777777778,0.05877777777777778,0.471,0.05877777777777778,0.05877777777777778,0.05877777777777778,0.05877777777777778,0.05877777777777778,0.05877777777777778
161,cat_000161.jpeg,data/demo/images/cat_000161.jpeg,cat,cat,0.972,rare_class_candidate,rare_class;class_deficit,add_to_next_train,0.33066666666666666,0.33066666666666666,0.18924198892710029,0.0,0.0,1.0,,1171.1595012175983,188.06947126436782,66.78477183053089,300,145,0.0,,,,0.9033333333333333,96.94892361111111,0.003111111111111114,0.972,0.003111111111111114,0.003111111111111114,0.003111111111111114,0.003111111111111114,0.003111111111111114,0.003111111111111114,0.003111111111111114,0.003111111111111114
149,cat_000149.jpeg,data/demo/images/cat_000149.jpeg,cat,cat,0.885,rare_class_candidate,rare_class;class_deficit,add_to_next_train,0.33066666666666666,0.33066666666666666,0.6095238347820113,0.0,0.0,1.0,,15679.525391212625,145.73553516819572,62.34570775505016,300,218,0.0,,,,0.9033333333333333,96.94892361111111,0.012777777777777777,0.885,0.012777777777777777,0.012777777777777777,0.012777777777777777,0.012777777777777777,0.012777777777777777,0.012777777777777777,0.012777777777777777,0.012777777777777777
150,cat_000150.jpeg,data/demo/images/cat_000150.jpeg,cat,cat,0.849,hard_example,high_entropy;rare_class;class_deficit,send_to_review,0.33066666666666666,0.33066666666666666,0.7562206756225192,0.0,0.0,1.0,,873.9400298622224,65.17366666666666,58.898612093627094,300,300,0.0,,,,0.9033333333333333,96.94892361111111,0.01677777777777778,0.849,0.01677777777777778,0.01677777777777778,0.01677777777777778,0.01677777777777778,0.01677777777777778,0.01677777777777778,0.01677777777777778,0.01677777777777778
151,cat_000151.jpeg,data/demo/images/cat_000151.jpeg,cat,cat,0.848,hard_example,high_entropy;rare_class;class_deficit,send_to_review,0.33066666666666666,0.33066666666666666,0.7601407864170749,0.0,0.0,1.0,,946.6431818355785,141.276866359447,56.184926416131695,300,217,0.0,,,,0.9033333333333333,96.94892361111111,0.01688888888888889,0.848,0.01688888888888889,0.01688888888888889,0.01688888888888889,0.01688888888888889,0.01688888888888889,0.01688888888888889,0.01688888888888889,0.01688888888888889
153,cat_000153.jpeg,data/demo/images/cat_000153.jpeg,cat,cat,0.834,hard_example,high_entropy;rare_class;class_deficit,send_to_review,0.33066666666666666,0.33066666666666666,0.8142259183855688,0.0,0.0,1.0,,409.1699479850145,185.05765285996054,55.77760546857931,169,300,0.0,,,,0.9033333333333333,96.94892361111111,0.018444444444444447,0.834,0.018444444444444447,0.018444444444444447,0.018444444444444447,0.018444444444444447,0.018444444444444447,0.018444444444444447,0.018444444444444447,0.018444444444444447
154,cat_000154.jpg,data/demo/images/cat_000154.jpg,cat,cat,0.974,rare_class_candidate,rare_class;class_deficit,add_to_next_train,0.33066666666666666,0.33066666666666666,0.17767798825649272,0.0,0.0,1.0,,692.4679263862542,158.06135643115942,52.45393573533141,640,414,0.0,,,,0.9033333333333333,96.94892361111111,0.0028888888888888914,0.974,0.0028888888888888914,0.0028888888888888914,0.0028888888888888914,0.0028888888888888914,0.0028888888888888914,0.0028888888888888914,0.0028888888888888914,0.0028888888888888914
156,cat_000156.jpg,data/demo/images/cat_000156.jpg,cat,cat,0.905,rare_class_candidate,rare_class;class_deficit,add_to_next_train,0.33066666666666666,0.33066666666666666,0.5226921750785937,0.0,0.0,1.0,,1486.7404053412718,128.733924912178,58.04752359211905,427,640,0.0,,,,0.9033333333333333,96.94892361111111,0.010555555555555552,0.905,0.010555555555555552,0.010555555555555552,0.010555555555555552,0.010555555555555552,0.010555555555555552,0.010555555555555552,0.010555555555555552,0.010555555555555552
157,cat_000157.jpg,data/demo/images/cat_000157.jpg,cat,cat,0.86,hard_example,high_entropy;rare_class;class_deficit,send_to_review,0.33066666666666666,0.33066666666666666,0.7125749158910099,0.0,0.0,1.0,,1339.580370887313,182.53331866197183,60.723285043214965,640,426,0.0,,,,0.9033333333333333,96.94892361111111,0.015555555555555557,0.86,0.015555555555555557,0.015555555555555557,0.015555555555555557,0.015555555555555557,0.015555555555555557,0.015555555555555557,0.015555555555555557,0.015555555555555557
160,cat_000160.jpeg,data/demo/images/cat_000160.jpeg,cat,cat,0.841,hard_example,high_entropy;rare_class;class_deficit,send_to_review,0.33066666666666666,0.33066666666666666,0.7873666225883305,0.0,0.0,1.0,,232.76061939555555,79.12921666666666,82.4575504106187,300,200,0.0,,,,0.9033333333333333,96.94892361111111,0.01766666666666667,0.841,0.01766666666666667,0.01766666666666667,0.01766666666666667,0.01766666666666667,0.01766666666666667,0.01766666666666667,0.01766666666666667,0.01766666666666667
187,cat_000187.jpg,data/demo/images/cat_000187.jpg,cat,cat,0.958,rare_class_candidate,rare_class;class_deficit,add_to_next_train,0.33066666666666666,0.33066666666666666,0.2665324059662736,0.0,0.0,1.0,,818.7361252193022,147.2448776866516,39.23325957588948,640,442,0.0,,,,0.9033333333333333,96.94892361111111,0.0046666666666666705,0.958,0.0046666666666666705,0.0046666666666666705,0.0046666666666666705,0.0046666666666666705,0.0046666666666666705,0.0046666666666666705,0.0046666666666666705,0.0046666666666666705
163,cat_000163.jpeg,data/demo/images/cat_000163.jpeg,cat,cat,0.879,rare_class_candidate,rare_class;class_deficit,add_to_next_train,0.33066666666666666,0.33066666666666666,0.6347768617573437,0.0,0.0,1.0,,2096.790621434435,139.86140039447733,61.23546642538745,300,169,0.0,,,,0.9033333333333333,96.94892361111111,0.013444444444444445,0.879,0.013444444444444445,0.013444444444444445,0.013444444444444445,0.013444444444444445,0.013444444444444445,0.013444444444444445,0.013444444444444445,0.013444444444444445
148,cat_000148.jpeg,data/demo/images/cat_000148.jpeg,cat,cat,0.959,rare_class_candidate,rare_class;class_deficit,add_to_next_train,0.33066666666666666,0.33066666666666666,0.2611954811048294,0.0,0.0,1.0,,944.0868400425788,164.4650074074074,53.55795564204725,300,225,0.0,,,,0.9033333333333333,96.94892361111111,0.004555555555555559,0.959,0.004555555555555559,0.004555555555555559,0.004555555555555559,0.004555555555555559,0.004555555555555559,0.004555555555555559,0.004555555555555559,0.004555555555555559
165,cat_000165.jpeg,data/demo/images/cat_000165.jpeg,cat,cat,0.6,hard_example,high_entropy;rare_class;class_deficit,send_to_review,0.33066666666666666,0.33066666666666666,1.5519014879437447,0.0,0.0,1.0,,1851.0725241879952,182.15378698224853,87.1712852766496,300,169,0.0,,,,0.9033333333333333,96.94892361111111,0.044444444444444446,0.6,0.044444444444444446,0.044444444444444446,0.044444444444444446,0.044444444444444446,0.044444444444444446,0.044444444444444446,0.044444444444444446,0.044444444444444446
167,cat_000167.jpeg,data/demo/images/cat_000167.jpeg,cat,cat,0.931,rare_class_candidate,rare_class;class_deficit,add_to_next_train,0.33066666666666666,0.33066666666666666,0.4026530288561762,0.0,0.0,1.0,,704.1408155935251,134.5449506903353,54.48361977344106,300,169,0.0,,,,0.9033333333333333,96.94892361111111,0.007666666666666661,0.931,0.007666666666666661,0.007666666666666661,0.007666666666666661,0.007666666666666661,0.007666666666666661,0.007666666666666661,0.007666666666666661,0.007666666666666661
168,cat_000168.jpeg,data/demo/images/cat_000168.jpeg,cat,cat,0.926,rare_class_candidate,rare_class;class_deficit,add_to_next_train,0.33066666666666666,0.33066666666666666,0.42645952952554694,0.0,0.0,1.0,,1529.838281913176,133.09459566074952,49.59978294140547,300,169,0.0,,,,0.9033333333333333,96.94892361111111,0.008222222222222218,0.926,0.008222222222222218,0.008222222222222218,0.008222222222222218,0.008222222222222218,0.008222222222222218,0.008222222222222218,0.008222222222222218,0.008222222222222218
169,cat_000169.jpeg,data/demo/images/cat_000169.jpeg,cat,cat,0.887,rare_class_candidate,rare_class;class_deficit,add_to_next_train,0.33066666666666666,0.33066666666666666,0.6010283233980387,0.0,0.0,1.0,,1588.525927111111,185.35755555555556,78.45111555486301,150,150,0.0,,,,0.9033333333333333,96.94892361111111,0.012555555555555554,0.887,0.012555555555555554,0.012555555555555554,0.012555555555555554,0.012555555555555554,0.012555555555555554,0.012555555555555554,0.012555555555555554,0.012555555555555554
170,cat_000170.jpeg,data/demo/images/cat_000170.jpeg,cat,cat,0.865,hard_example,high_entropy;rare_class;class_deficit,send_to_review,0.33066666666666666,0.33066666666666666,0.6924074683372635,0.0,0.0,1.0,,277.38010841600976,52.04233606557377,45.27637048230561,300,244,0.0,,,,0.9033333333333333,96.94892361111111,0.015000000000000001,0.865,0.015000000000000001,0.015000000000000001,0.015000000000000001,0.015000000000000001,0.015000000000000001,0.015000000000000001,0.015000000000000001,0.015000000000000001
171,cat_000171.jpeg,data/demo/images/cat_000171.jpeg,cat,cat,0.944,rare_class_candidate,rare_class;class_deficit,add_to_next_train,0.33066666666666666,0.33066666666666666,0.33886104979044535,0.0,0.0,1.0,,441.65030158999997,175.41903333333335,55.148709967374174,300,200,0.0,,,,0.9033333333333333,96.94892361111111,0.006222222222222228,0.944,0.006222222222222228,0.006222222222222228,0.006222222222222228,0.006222222222222228,0.006222222222222228,0.006222222222222228,0.006222222222222228,0.006222222222222228
172,cat_000172.jpeg,data/demo/images/cat_000172.jpeg,cat,cat,0.846,hard_example,high_entropy;rare_class;class_deficit,send_to_review,0.33066666666666666,0.33066666666666666,0.7679577748933515,0.0,0.0,1.0,,805.7650563184636,96.8473925925926,51.291636021811776,300,225,0.0,,,,0.9033333333333333,96.94892361111111,0.017111111111111115,0.846,0.017111111111111115,0.017111111111111115,0.017111111111111115,0.017111111111111115,0.017111111111111115,0.017111111111111115,0.017111111111111115,0.017111111111111115
173,cat_000173.jpeg,data/demo/images/cat_000173.jpeg,cat,cat,0.897,rare_class_candidate,rare_class;class_deficit,add_to_next_train,0.33066666666666666,0.33066666666666666,0.5579392063933755,0.0,0.0,1.0,,442.2189290473168,183.34455505279035,50.10291444580255,221,300,0.0,,,,0.9033333333333333,96.94892361111111,0.011444444444444443,0.897,0.011444444444444443,0.011444444444444443,0.011444444444444443,0.011444444444444443,0.011444444444444443,0.011444444444444443,0.011444444444444443,0.011444444444444443
164,cat_000164.jpeg,data/demo/images/cat_000164.jpeg,cat,cat,0.943,rare_class_candidate,rare_class;class_deficit,add_to_next_train,0.33066666666666666,0.33066666666666666,0.3438736431003827,0.0,0.0,1.0,,1261.5805118024691,170.2162074074074,49.07116112705081,300,225,0.0,,,,0.9033333333333333,96.94892361111111,0.006333333333333339,0.943,0.006333333333333339,0.006333333333333339,0.006333333333333339,0.006333333333333339,0.006333333333333339,0.006333333333333339,0.006333333333333339,0.006333333333333339
146,cat_000146.jpg,data/demo/images/cat_000146.jpg,cat,cat,0.913,rare_class_candidate,rare_class;class_deficit,add_to_next_train,0.33066666666666666,0.33066666666666666,0.4866999419042336,0.0,0.0,1.0,,3932.03950262341,110.05447476525822,62.01156737646506,640,426,0.0,,,,0.9033333333333333,96.94892361111111,0.009666666666666664,0.913,0.009666666666666664,0.009666666666666664,0.009666666666666664,0.009666666666666664,0.009666666666666664,0.009666666666666664,0.009666666666666664,0.009666666666666664
178,cat_000178.png,data/demo/images/cat_000178.png,cat,cat,0.888,rare_class_candidate,rare_class;class_deficit,add_to_next_train,0.33066666666666666,0.33066666666666666,0.5967656402816964,0.0,0.0,1.0,,2605.5735101742125,96.82622046019901,56.25104885412324,640,402,0.0,,,,0.9033333333333333,96.94892361111111,0.012444444444444444,0.888,0.012444444444444444,0.012444444444444444,0.012444444444444444,0.012444444444444444,0.012444444444444444,0.012444444444444444,0.012444444444444444,0.012444444444444444
145,cat_000145.jpg,data/demo/images/cat_000145.jpg,cat,cat,0.894,rare_class_candidate,rare_class;class_deficit,add_to_next_train,0.33066666666666666,0.33066666666666666,0.5709755671987758,0.0,0.0,1.0,,1410.0205690458124,137.3125,41.79930264848338,640,408,0.0,,,,0.9033333333333333,96.94892361111111,0.011777777777777776,0.894,0.011777777777777776,0.011777777777777776,0.011777777777777776,0.011777777777777776,0.011777777777777776,0.011777777777777776,0.011777777777777776,0.011777777777777776
121,cat_000121.jpg,data/demo/images/cat_000121.jpg,cat,cat,0.84,hard_example,high_entropy;rare_class;class_deficit,send_to_review,0.33066666666666666,0.33066666666666666,0.7912258017751386,0.0,0.0,1.0,,1191.6155328532468,143.34680913348947,43.49837941885438,640,427,0.0,,,,0.9033333333333333,96.94892361111111,0.01777777777777778,0.84,0.01777777777777778,0.01777777777777778,0.01777777777777778,0.01777777777777778,0.01777777777777778,0.01777777777777778,0.01777777777777778,0.01777777777777778
122,cat_000122.jpg,data/demo/images/cat_000122.jpg,cat,cat,0.891,rare_class_candidate,rare_class;class_deficit,add_to_next_train,0.33066666666666666,0.33066666666666666,0.5839169438723175,0.0,0.0,1.0,,794.5184018127823,100.42045866935484,57.861031885702936,620,640,0.0,,,,0.9033333333333333,96.94892361111111,0.012111111111111109,0.891,0.012111111111111109,0.012111111111111109,0.012111111111111109,0.012111111111111109,0.012111111111111109,0.012111111111111109,0.012111111111111109,0.012111111111111109
123,cat_000123.jpeg,data/demo/images/cat_000123.jpeg,cat,cat,0.846,hard_example,high_entropy;rare_class;class_deficit,send_to_review,0.33066666666666666,0.33066666666666666,0.7679577748933515,0.0,0.0,1.0,,850.2611503300867,95.57362570427897,31.231594005663712,199,132,0.0,,,,0.9033333333333333,96.94892361111111,0.017111111111111115,0.846,0.017111111111111115,0.017111111111111115,0.017111111111111115,0.017111111111111115,0.017111111111111115,0.017111111111111115,0.017111111111111115,0.017111111111111115
124,cat_000124.jpeg,data/demo/images/cat_000124.jpeg,cat,cat,0.866,hard_example,high_entropy;rare_class;class_deficit,send_to_review,0.33066666666666666,0.33066666666666666,0.6883484983367,0.0,0.0,1.0,,379.1103854005688,120.9717117117117,73.30870902437421,300,259,0.0,,,,0.9033333333333333,96.94892361111111,0.014888888888888889,0.866,0.014888888888888889,0.014888888888888889,0.014888888888888889,0.014888888888888889,0.014888888888888889,0.014888888888888889,0.014888888888888889,0.014888888888888889
126,cat_000126.jpeg,data/demo/images/cat_000126.jpeg,cat,cat,0.823,hard_example,high_entropy;rare_class;class_deficit,send_to_review,0.33066666666666666,0.33066666666666666,0.8557225633478518,0.0,0.0,1.0,,894.3475724591358,117.05918888888888,62.28787894399759,300,300,0.0,,,,0.9033333333333333,96.94892361111111,0.019666666666666673,0.823,0.019666666666666673,0.019666666666666673,0.019666666666666673,0.019666666666666673,0.019666666666666673,0.019666666666666673,0.019666666666666673,0.019666666666666673
127,cat_000127.jpeg,data/demo/images/cat_000127.jpeg,cat,cat,0.848,hard_example,high_entropy;rare_class;class_deficit,send_to_review,0.33066666666666666,0.33066666666666666,0.7601407864170749,0.0,0.0,1.0,,171.52754719940927,141.09834024896264,63.73472651367997,241,300,0.0,,,,0.9033333333333333,96.94892361111111,0.01688888888888889,0.848,0.01688888888888889,0.01688888888888889,0.01688888888888889,0.01688888888888889,0.01688888888888889,0.01688888888888889,0.01688888888888889,0.01688888888888889
128,cat_000128.jpg,data/demo/images/cat_000128.jpg,cat,cat,0.971,rare_class_candidate,rare_class;class_deficit,add_to_next_train,0.33066666666666666,0.33066666666666666,0.1949682019444048,0.0,0.0,1.0,,1168.3630941417098,122.60348078051643,59.38174314615125,640,426,0.0,,,,0.9033333333333333,96.94892361111111,0.0032222222222222253,0.971,0.0032222222222222253,0.0032222222222222253,0.0032222222222222253,0.0032222222222222253,0.0032222222222222253,0.0032222222222222253,0.0032222222222222253,0.0032222222222222253
129,cat_000129.jpeg,data/demo/images/cat_000129.jpeg,cat,cat,0.876,rare_class_candidate,rare_class;class_deficit,add_to_next_train,0.33066666666666666,0.33066666666666666,0.6472755067765251,0.0,0.0,1.0,,988.4851921308333,215.73665,67.80765367403227,300,200,0.0,,,,0.9033333333333333,96.94892361111111,0.013777777777777778,0.876,0.013777777777777778,0.013777777777777778,0.013777777777777778,0.013777777777777778,0.013777777777777778,0.013777777777777778,0.013777777777777778,0.013777777777777778
130,cat_000130.jpeg,data/demo/images/cat_000130.jpeg,cat,cat,0.903,rare_class_candidate,rare_class;class_deficit,add_to_next_train,0.33066666666666666,0.33066666666666666,0.5315716223333847,0.0,0.0,1.0,,633.6393818467884,125.65978339350181,72.12351314216136,300,277,0.0,,,,0.9033333333333333,96.94892361111111,0.010777777777777775,0.903,0.010777777777777775,0.010777777777777775,0.010777777777777775,0.010777777777777775,0.010777777777777775,0.010777777777777775,0.010777777777777775,0.010777777777777775
132,cat_000132.jpeg,data/demo/images/cat_000132.jpeg,cat,cat,0.527,hard_example,high_entropy;rare_class;class_deficit,send_to_review,0.33066666666666666,0.33066666666666666,1.730975686224187,0.0,0.0,1.0,,433.0256442708333,101.8839,51.15252278682515,300,200,0.0,,,,0.9033333333333333,96.94892361111111,0.05255555555555555,0.527,0.05255555555555555,0.05255555555555555,0.05255555555555555,0.05255555555555555,0.05255555555555555,0.05255555555555555,0.05255555555555555,0.05255555555555555
133,cat_000133.jpeg,data/demo/images/cat_000133.jpeg,cat,cat,0.862,hard_example,high_entropy;rare_class;class_deficit,send_to_review,0.33066666666666666,0.33066666666666666,0.7045332087907381,0.0,0.0,1.0,,1896.584199395062,117.75780555555555,85.92975155882968,300,240,0.0,,,,0.9033333333333333,96.94892361111111,0.015333333333333334,0.862,0.015333333333333334,0.015333333333333334,0.015333333333333334,0.015333333333333334,0.015333333333333334,0.015333333333333334,0.015333333333333334,0.015333333333333334
134,cat_000134.jpeg,data/demo/images/cat_000134.jpeg,cat,cat,0.858,hard_example,high_entropy;rare_class;class_deficit,send_to_review,0.33066666666666666,0.33066666666666666,0.7205833994238299,0.0,0.0,1.0,,293.0483725267661,141.91621505376344,66.18059254453037,155,300,0.0,,,,0.9033333333333333,96.94892361111111,0.01577777777777778,0.858,0.01577777777777778,0.01577777777777778,0.01577777777777778,0.01577777777777778,0.01577777777777778,0.01577777777777778,0.01577777777777778,0.01577777777777778
135,cat_000135.jpg,data/demo/images/cat_000135.jpg,cat,cat,0.916,rare_class_candidate,rare_class;class_deficit,add_to_next_train,0.33066666666666666,0.33066666666666666,0.4729985323340382,0.0,0.0,1.0,,1210.1367514075014,76.41882702464788,50.08897517546974,640,426,0.0,,,,0.9033333333333333,96.94892361111111,0.009333333333333329,0.916,0.009333333333333329,0.009333333333333329,0.009333333333333329,0.009333333333333329,0.009333333333333329,0.009333333333333329,0.009333333333333329,0.009333333333333329
136,cat_000136.jpeg,data/demo/images/cat_000136.jpeg,cat,cat,0.925,rare_class_candidate,rare_class;class_deficit,add_to_next_train,0.33066666666666666,0.33066666666666666,0.4311762965681372,0.0,0.0,1.0,,309.4765723664562,153.17164319248826,53.08873914551448,300,284,0.0,,,,0.9033333333333333,96.94892361111111,0.008333333333333328,0.925,0.008333333333333328,0.008333333333333328,0.008333333333333328,0.008333333333333328,0.008333333333333328,0.008333333333333328,0.008333333333333328,0.008333333333333328
137,cat_000137.jpg,data/demo/images/cat_000137.jpg,cat,cat,0.882,rare_class_candidate,rare_class;class_deficit,add_to_next_train,0.33066666666666666,0.33066666666666666,0.6221935900228729,0.0,0.0,1.0,,429.5967602097885,91.5448635349026,48.471965390539694,640,616,0.0,,,,0.9033333333333333,96.94892361111111,0.01311111111111111,0.882,0.01311111111111111,0.01311111111111111,0.01311111111111111,0.01311111111111111,0.01311111111111111,0.01311111111111111,0.01311111111111111,0.01311111111111111
138,cat_000138.jpeg,data/demo/images/cat_000138.jpeg,cat,cat,0.951,rare_class_candidate,rare_class;class_deficit,add_to_next_train,0.33066666666666666,0.33066666666666666,0.30322420518352605,0.0,0.0,1.0,,2218.5276749020745,71.48255681818182,57.27181732206314,300,176,0.0,,,,0.9033333333333333,96.94892361111111,0.00544444444444445,0.951,0.00544444444444445,0.00544444444444445,0.00544444444444445,0.00544444444444445,0.00544444444444445,0.00544444444444445,0.00544444444444445,0.00544444444444445
139,cat_000139.jpg,data/demo/images/cat_000139.jpg,cat,cat,0.906,rare_class_candidate,rare_class;class_deficit,add_to_next_train,0.33066666666666666,0.33066666666666666,0.5182350584434224,0.0,0.0,1.0,,2597.361679072599,45.24402001728111,39.15500836651203,640,434,0.0,,,,0.9033333333333333,96.94892361111111,0.010444444444444442,0.906,0.010444444444444442,0.010444444444444442,0.010444444444444442,0.010444444444444442,0.010444444444444442,0.010444444444444442,0.010444444444444442,0.010444444444444442
140,cat_000140.jpg,data/demo/images/cat_000140.jpg,cat,cat,0.901,rare_class_candidate,rare_class;class_deficit,add_to_next_train,0.33066666666666666,0.33066666666666666,0.5404053998699863,0.0,0.0,1.0,,1349.2548559259815,188.56507849178405,49.73443682893489,426,640,0.0,,,,0.9033333333333333,96.94892361111111,0.010999999999999998,0.901,0.010999999999999998,0.010999999999999998,0.010999999999999998,0.010999999999999998,0.010999999999999998,0.010999999999999998,0.010999999999999998,0.010999999999999998
141,cat_000141.jpeg,data/demo/images/cat_000141.jpeg,cat,cat,0.849,hard_example,high_entropy;rare_class;class_deficit,send_to_review,0.33066666666666666,0.33066666666666666,0.7562206756225192,0.0,0.0,1.0,,434.51515452236373,120.7018044769301,49.38969666063124,199,132,0.0,,,,0.9033333333333333,96.94892361111111,0.01677777777777778,0.849,0.01677777777777778,0.01677777777777778,0.01677777777777778,0.01677777777777778,0.01677777777777778,0.01677777777777778,0.01677777777777778,0.01677777777777778
142,cat_000142.jpeg,data/demo/images/cat_000142.jpeg,cat,cat,0.936,rare_class_candidate,rare_class;class_deficit,add_to_next_train,0.33066666666666666,0.33066666666666666,0.37845703861361035,0.0,0.0,1.0,,1773.607297629506,182.51074444444444,73.44698538629541,300,300,0.0,,,,0.9033333333333333,96.94892361111111,0.007111111111111105,0.936,0.007111111111111105,0.007111111111111105,0.007111111111111105,0.007111111111111105,0.007111111111111105,0.007111111111111105,0.007111111111111105,0.007111111111111105
143,cat_000143.jpeg,data/demo/images/cat_000143.jpeg,cat,cat,0.925,rare_class_candidate,rare_class;class_deficit,add_to_next_train,0.33066666666666666,0.33066666666666666,0.4311762965681372,0.0,0.0,1.0,,767.6438198276543,109.44195555555555,66.52330358401751,300,150,0.0,,,,0.9033333333333333,96.94892361111111,0.008333333333333328,0.925,0.008333333333333328,0.008333333333333328,0.008333333333333328,0.008333333333333328,0.008333333333333328,0.008333333333333328,0.008333333333333328,0.008333333333333328
176,cat_000176.jpg,data/demo/images/cat_000176.jpg,cat,cat,0.893,rare_class_candidate,rare_class;class_deficit,add_to_next_train,0.33066666666666666,0.33066666666666666,0.5752997967469752,0.0,0.0,1.0,,200.56573801454542,126.17464169621749,34.35635772785063,640,423,0.0,,,,0.9033333333333333,96.94892361111111,0.011888888888888886,0.893,0.011888888888888886,0.011888888888888886,0.011888888888888886,0.011888888888888886,0.011888888888888886,0.011888888888888886,0.011888888888888886,0.011888888888888886
188,cat_000188.jpeg,data/demo/images/cat_000188.jpeg,cat,cat,0.962,rare_class_candidate,rare_class;class_deficit,add_to_next_train,0.33066666666666666,0.33066666666666666,0.24502962731090233,0.0,0.0,1.0,,665.1344697380521,92.84441481481481,57.87775905518588,225,300,0.0,,,,0.9033333333333333,96.94892361111111,0.004222222222222226,0.962,0.004222222222222226,0.004222222222222226,0.004222222222222226,0.004222222222222226,0.004222222222222226,0.004222222222222226,0.004222222222222226,0.004222222222222226
240,cat_000240.jpeg,data/demo/images/cat_000240.jpeg,cat,cat,0.889,rare_class_candidate,rare_class;class_deficit,add_to_next_train,0.33066666666666666,0.33066666666666666,0.5924929023489276,0.0,0.0,1.0,,288.4609786855418,180.9559851851852,41.80558782994431,300,225,0.0,,,,0.9033333333333333,96.94892361111111,0.012333333333333332,0.889,0.012333333333333332,0.012333333333333332,0.012333333333333332,0.012333333333333332,0.012333333333333332,0.012333333333333332,0.012333333333333332,0.012333333333333332
219,cat_000219.jpg,data/demo/images/cat_000219.jpg,cat,cat,0.866,hard_example,high_entropy;rare_class;class_deficit,send_to_review,0.33066666666666666,0.33066666666666666,0.6883484983367,0.0,0.0,1.0,,841.9012239073953,101.11617621527778,42.40488659026029,640,360,0.0,,,,0.9033333333333333,96.94892361111111,0.014888888888888889,0.866,0.014888888888888889,0.014888888888888889,0.014888888888888889,0.014888888888888889,0.014888888888888889,0.014888888888888889,0.014888888888888889,0.014888888888888889
217,cat_000217.jpg,data/demo/images/cat_000217.jpg,cat,cat,0.916,rare_class_candidate,rare_class;class_deficit,add_to_next_train,0.33066666666666666,0.33066666666666666,0.4729985323340382,0.0,0.0,1.0,,2569.178587552634,128.13474556845966,42.883680092729854,409,640,0.0,,,,0.9033333333333333,96.94892361111111,0.009333333333333329,0.916,0.009333333333333329,0.009333333333333329,0.009333333333333329,0.009333333333333329,0.009333333333333329,0.009333333333333329,0.009333333333333329,0.009333333333333329
216,cat_000216.jpg,data/demo/images/cat_000216.jpg,cat,cat,0.975,rare_class_candidate,rare_class;class_deficit,add_to_next_train,0.33066666666666666,0.33066666666666666,0.1718374535709383,0.0,0.0,1.0,,115.34128478201728,137.8190277593085,37.324445843515115,6016,4000,0.0,,,,0.9033333333333333,96.94892361111111,0.00277777777777778,0.975,0.00277777777777778,0.00277777777777778,0.00277777777777778,0.00277777777777778,0.00277777777777778,0.00277777777777778,0.00277777777777778,0.00277777777777778
215,cat_000215.jpeg,data/demo/images/cat_000215.jpeg,cat,cat,0.931,rare_class_candidate,rare_class;class_deficit,add_to_next_train,0.33066666666666666,0.33066666666666666,0.4026530288561762,0.0,0.0,1.0,,1745.056610505779,180.3736291913215,67.1817455104212,300,169,0.0,,,,0.9033333333333333,96.94892361111111,0.007666666666666661,0.931,0.007666666666666661,0.007666666666666661,0.007666666666666661,0.007666666666666661,0.007666666666666661,0.007666666666666661,0.007666666666666661,0.007666666666666661
214,cat_000214.jpeg,data/demo/images/cat_000214.jpeg,cat,cat,0.961,rare_class_candidate,rare_class;class_deficit,add_to_next_train,0.33066666666666666,0.33066666666666666,0.2504447162787436,0.0,0.0,1.0,,844.4075134863889,141.3927,83.68300357127485,300,200,0.0,,,,0.9033333333333333,96.94892361111111,0.0043333333333333375,0.961,0.0043333333333333375,0.0043333333333333375,0.0043333333333333375,0.0043333333333333375,0.0043333333333333375,0.0043333333333333375,0.0043333333333333375,0.0043333333333333375
213,cat_000213.jpeg,data/demo/images/cat_000213.jpeg,cat,cat,0.95,rare_class_candidate,rare_class;class_deficit,add_to_next_train,0.33066666666666666,0.33066666666666666,0.3083764622126845,0.0,0.0,1.0,,216.59140544059693,162.16798816568047,53.09129947344435,300,169,0.0,,,,0.9033333333333333,96.94892361111111,0.00555555555555556,0.95,0.00555555555555556,0.00555555555555556,0.00555555555555556,0.00555555555555556,0.00555555555555556,0.00555555555555556,0.00555555555555556,0.00555555555555556
212,cat_000212.jpg,data/demo/images/cat_000212.jpg,cat,cat,0.901,rare_class_candidate,rare_class;class_deficit,add_to_next_train,0.33066666666666666,0.33066666666666666,0.5404053998699863,0.0,0.0,1.0,,845.95340675663,103.74765976914415,42.568602758619875,640,444,0.0,,,,0.9033333333333333,96.94892361111111,0.010999999999999998,0.901,0.010999999999999998,0.010999999999999998,0.010999999999999998,0.010999999999999998,0.010999999999999998,0.010999999999999998,0.010999999999999998,0.010999999999999998
180,cat_000180.jpeg,data/demo/images/cat_000180.jpeg,cat,cat,0.877,rare_class_candidate,rare_class;class_deficit,add_to_next_train,0.33066666666666666,0.33066666666666666,0.6431185839732804,0.0,0.0,1.0,,1059.8548167055822,119.29407960199005,32.925578197032785,300,201,0.0,,,,0.9033333333333333,96.94892361111111,0.013666666666666667,0.877,0.013666666666666667,0.013666666666666667,0.013666666666666667,0.013666666666666667,0.013666666666666667,0.013666666666666667,0.013666666666666667,0.013666666666666667
239,cat_000239.jpeg,data/demo/images/cat_000239.jpeg,cat,cat,0.848,hard_example,high_entropy;rare_class;class_deficit,send_to_review,0.33066666666666666,0.33066666666666666,0.7601407864170749,0.0,0.0,1.0,,659.8219458381229,147.1196365914787,87.9557509243707,300,266,0.0,,,,0.9033333333333333,96.94892361111111,0.01688888888888889,0.848,0.01688888888888889,0.01688888888888889,0.01688888888888889,0.01688888888888889,0.01688888888888889,0.01688888888888889,0.01688888888888889,0.01688888888888889
209,cat_000209.jpeg,data/demo/images/cat_000209.jpeg,cat,cat,0.968,rare_class_candidate,rare_class;class_deficit,add_to_next_train,0.33066666666666666,0.33066666666666666,0.21193824608357975,0.0,0.0,1.0,,1306.6961090458487,187.25722428748452,87.10584344382403,269,300,0.0,,,,0.9033333333333333,96.94892361111111,0.0035555555555555588,0.968,0.0035555555555555588,0.0035555555555555588,0.0035555555555555588,0.0035555555555555588,0.0035555555555555588,0.0035555555555555588,0.0035555555555555588,0.0035555555555555588
208,cat_000208.jpeg,data/demo/images/cat_000208.jpeg,cat,cat,0.85,hard_example,high_entropy;rare_class;class_deficit,send_to_review,0.33066666666666666,0.33066666666666666,0.7522927644064243,0.0,0.0,1.0,,316.6621048888889,119.82876666666667,43.32746166925904,300,300,0.0,,,,0.9033333333333333,96.94892361111111,0.01666666666666667,0.85,0.01666666666666667,0.01666666666666667,0.01666666666666667,0.01666666666666667,0.01666666666666667,0.01666666666666667,0.01666666666666667,0.01666666666666667
207,cat_000207.jpeg,data/demo/images/cat_000207.jpeg,cat,cat,0.85,hard_example,high_entropy;rare_class;class_deficit,send_to_review,0.33066666666666666,0.33066666666666666,0.7522927644064243,0.0,0.0,1.0,,379.1157143920988,82.60242962962963,62.17056643133627,300,225,0.0,,,,0.9033333333333333,96.94892361111111,0.01666666666666667,0.85,0.01666666666666667,0.01666666666666667,0.01666666666666667,0.01666666666666667,0.01666666666666667,0.01666666666666667,0.01666666666666667,0.01666666666666667
206,cat_000206.jpeg,data/demo/images/cat_000206.jpeg,cat,cat,0.939,rare_class_candidate,rare_class;class_deficit,add_to_next_train,0.33066666666666666,0.33066666666666666,0.3637409275085164,0.0,0.0,1.0,,2595.888052890187,130.46722925457104,52.62621565779553,300,237,0.0,,,,0.9033333333333333,96.94892361111111,0.006777777777777784,0.939,0.006777777777777784,0.006777777777777784,0.006777777777777784,0.006777777777777784,0.006777777777777784,0.006777777777777784,0.006777777777777784,0.006777777777777784
181,cat_000181.jpg,data/demo/images/cat_000181.jpg,cat,cat,0.937,rare_class_candidate,rare_class;class_deficit,add_to_next_train,0.33066666666666666,0.33066666666666666,0.3735686941342512,0.0,0.0,1.0,,1167.978295886037,119.50668092105263,53.2373112022903,640,475,0.0,,,,0.9033333333333333,96.94892361111111,0.006999999999999994,0.937,0.006999999999999994,0.006999999999999994,0.006999999999999994,0.006999999999999994,0.006999999999999994,0.006999999999999994,0.006999999999999994,0.006999999999999994
204,cat_000204.jpeg,data/demo/images/cat_000204.jpeg,cat,cat,0.875,hard_example,high_entropy;rare_class;class_deficit,send_to_review,0.33066666666666666,0.33066666666666666,0.6514232234234646,0.0,0.0,1.0,,1445.0809305555558,124.36466666666666,93.22291984747577,300,200,0.0,,,,0.9033333333333333,96.94892361111111,0.013888888888888888,0.875,0.013888888888888888,0.013888888888888888,0.013888888888888888,0.013888888888888888,0.013888888888888888,0.013888888888888888,0.013888888888888888,0.013888888888888888
203,cat_000203.jpeg,data/demo/images/cat_000203.jpeg,cat,cat,0.892,rare_class_candidate,rare_class;class_deficit,add_to_next_train,0.33066666666666666,0.33066666666666666,0.5796135605436651,0.0,0.0,1.0,,388.37064453598225,69.38103785103785,39.818882377518584,300,273,0.0,,,,0.9033333333333333,96.94892361111111,0.011999999999999999,0.892,0.011999999999999999,0.011999999999999999,0.011999999999999999,0.011999999999999999,0.011999999999999999,0.011999999999999999,0.011999999999999999,0.011999999999999999
202,cat_000202.jpeg,data/demo/images/cat_000202.jpeg,cat,cat,0.943,rare_class_candidate,rare_class;class_deficit,add_to_next_train,0.33066666666666666,0.33066666666666666,0.3438736431003827,0.0,0.0,1.0,,377.9213406399999,123.02555555555556,80.15458813296611,300,225,0.0,,,,0.9033333333333333,96.94892361111111,0.006333333333333339,0.943,0.006333333333333339,0.006333333333333339,0.006333333333333339,0.006333333333333339,0.006333333333333339,0.006333333333333339,0.006333333333333339,0.006333333333333339
201,cat_000201.jpeg,data/demo/images/cat_000201.jpeg,cat,cat,0.829,hard_example,high_entropy;rare_class;class_deficit,send_to_review,0.33066666666666666,0.33066666666666666,0.8331936949375167,0.0,0.0,1.0,,1285.3880382247155,174.99610859728506,73.24093373242354,300,221,0.0,,,,0.9033333333333333,96.94892361111111,0.019000000000000003,0.829,0.019000000000000003,0.019000000000000003,0.019000000000000003,0.019000000000000003,0.019000000000000003,0.019000000000000003,0.019000000000000003,0.019000000000000003
200,cat_000200.jpeg,data/demo/images/cat_000200.jpeg,cat,cat,0.925,rare_class_candidate,rare_class;class_deficit,add_to_next_train,0.33066666666666666,0.33066666666666666,0.4311762965681372,0.0,0.0,1.0,,284.6500643478023,79.86130695443646,71.67961982691928,278,300,0.0,,,,0.9033333333333333,96.94892361111111,0.008333333333333328,0.925,0.008333333333333328,0.008333333333333328,0.008333333333333328,0.008333333333333328,0.008333333333333328,0.008333333333333328,0.008333333333333328,0.008333333333333328
199,cat_000199.jpeg,data/demo/images/cat_000199.jpeg,cat,cat,0.974,rare_class_candidate,rare_class;class_deficit,add_to_next_train,0.33066666666666666,0.33066666666666666,0.17767798825649272,0.0,0.0,1.0,,520.5093298622222,96.06255,49.869935540672536,300,200,0.0,,,,0.9033333333333333,96.94892361111111,0.0028888888888888914,0.974,0.0028888888888888914,0.0028888888888888914,0.0028888888888888914,0.0028888888888888914,0.0028888888888888914,0.0028888888888888914,0.0028888888888888914,0.0028888888888888914
182,cat_000182.jpeg,data/demo/images/cat_000182.jpeg,cat,cat,0.884,rare_class_candidate,rare_class;class_deficit,add_to_next_train,0.33066666666666666,0.33066666666666666,0.6137568144131238,0.0,0.0,1.0,,1069.0325980634777,121.4427304964539,52.546703815806474,300,188,0.0,,,,0.9033333333333333,96.94892361111111,0.012888888888888887,0.884,0.012888888888888887,0.012888888888888887,0.012888888888888887,0.012888888888888887,0.012888888888888887,0.012888888888888887,0.012888888888888887,0.012888888888888887
197,cat_000197.jpeg,data/demo/images/cat_000197.jpeg,cat,cat,0.871,hard_example,high_entropy;rare_class;class_deficit,send_to_review,0.33066666666666666,0.33066666666666666,0.6679232774573239,0.0,0.0,1.0,,1545.6870488970296,84.86066334991708,30.94002417706521,300,201,0.0,,,,0.9033333333333333,96.94892361111111,0.014333333333333333,0.871,0.014333333333333333,0.014333333333333333,0.014333333333333333,0.014333333333333333,0.014333333333333333,0.014333333333333333,0.014333333333333333,0.014333333333333333
196,cat_000196.jpeg,data/demo/images/cat_000196.jpeg,cat,cat,0.893,rare_class_candidate,rare_class;class_deficit,add_to_next_train,0.33066666666666666,0.33066666666666666,0.5752997967469752,0.0,0.0,1.0,,587.6366271197222,103.51883333333333,49.59125674255045,300,200,0.0,,,,0.9033333333333333,96.94892361111111,0.011888888888888886,0.893,0.011888888888888886,0.011888888888888886,0.011888888888888886,0.011888888888888886,0.011888888888888886,0.011888888888888886,0.011888888888888886,0.011888888888888886
183,cat_000183.jpeg,data/demo/images/cat_000183.jpeg,cat,cat,0.956,rare_class_candidate,rare_class;class_deficit,add_to_next_train,0.33066666666666666,0.33066666666666666,0.2771322416153887,0.0,0.0,1.0,,2643.1424129663887,124.1425,52.88579009289735,200,300,0.0,,,,0.9033333333333333,96.94892361111111,0.004888888888888893,0.956,0.004888888888888893,0.004888888888888893,0.004888888888888893,0.004888888888888893,0.004888888888888893,0.004888888888888893,0.004888888888888893,0.004888888888888893
184,cat_000184.jpeg,data/demo/images/cat_000184.jpeg,cat,cat,0.838,hard_example,high_entropy;rare_class;class_deficit,send_to_review,0.33066666666666666,0.33066666666666666,0.7989218759989734,0.0,0.0,1.0,,2357.7800933899475,178.60192837465564,75.05845139461614,242,300,0.0,,,,0.9033333333333333,96.94892361111111,0.018000000000000002,0.838,0.018000000000000002,0.018000000000000002,0.018000000000000002,0.018000000000000002,0.018000000000000002,0.018000000000000002,0.018000000000000002,0.018000000000000002
185,cat_000185.jpeg,data/demo/images/cat_000185.jpeg,cat,cat,0.837,hard_example,high_entropy;rare_class;class_deficit,send_to_review,0.33066666666666666,0.33066666666666666,0.8027588453567481,0.0,0.0,1.0,,514.701261302705,117.63315396113602,67.80180437569206,300,223,0.0,,,,0.9033333333333333,96.94892361111111,0.018111111111111116,0.837,0.018111111111111116,0.018111111111111116,0.018111111111111116,0.018111111111111116,0.018111111111111116,0.018111111111111116,0.018111111111111116,0.018111111111111116
192,cat_000192.jpeg,data/demo/images/cat_000192.jpeg,cat,cat,0.963,rare_class_candidate,rare_class;class_deficit,add_to_next_train,0.33066666666666666,0.33066666666666666,0.2395871800141473,0.0,0.0,1.0,,376.3617124475171,154.29365925925927,72.76360823074931,225,300,0.0,,,,0.9033333333333333,96.94892361111111,0.004111111111111115,0.963,0.004111111111111115,0.004111111111111115,0.004111111111111115,0.004111111111111115,0.004111111111111115,0.004111111111111115,0.004111111111111115,0.004111111111111115
191,cat_000191.jpeg,data/demo/images/cat_000191.jpeg,cat,cat,0.897,rare_class_candidate,rare_class;class_deficit,add_to_next_train,0.33066666666666666,0.33066666666666666,0.5579392063933755,0.0,0.0,1.0,,360.41477268118035,189.81424836601306,43.01665781149958,300,204,0.0,,,,0.9033333333333333,96.94892361111111,0.011444444444444443,0.897,0.011444444444444443,0.011444444444444443,0.011444444444444443,0.011444444444444443,0.011444444444444443,0.011444444444444443,0.011444444444444443,0.011444444444444443
190,cat_000190.jpg,data/demo/images/cat_000190.jpg,cat,cat,0.874,hard_example,high_entropy;rare_class;class_deficit,send_to_review,0.33066666666666666,0.33066666666666666,0.6555617971276769,0.0,0.0,1.0,,3809.9272836225246,104.66463097052845,45.612938449648574,640,492,0.0,,,,0.9033333333333333,96.94892361111111,0.014,0.874,0.014,0.014,0.014,0.014,0.014,0.014,0.014,0.014
186,cat_000186.jpg,data/demo/images/cat_000186.jpg,cat,cat,0.849,hard_example,high_entropy;rare_class;class_deficit,send_to_review,0.33066666666666666,0.33066666666666666,0.7562206756225192,0.0,0.0,1.0,,2268.2066937330123,117.12137617370892,75.96539182360384,640,426,0.0,,,,0.9033333333333333,96.94892361111111,0.01677777777777778,0.849,0.01677777777777778,0.01677777777777778,0.01677777777777778,0.01677777777777778,0.01677777777777778,0.01677777777777778,0.01677777777777778,0.01677777777777778
218,cat_000218.jpg,data/demo/images/cat_000218.jpg,cat,cat,0.87,hard_example,high_entropy;rare_class;class_deficit,send_to_review,0.33066666666666666,0.33066666666666666,0.6720258913423126,0.0,0.0,1.0,,6419.990612470763,127.16540364583334,67.92236471599846,640,360,0.0,,,,0.9033333333333333,96.94892361111111,0.014444444444444446,0.87,0.014444444444444446,0.014444444444444446,0.014444444444444446,0.014444444444444446,0.014444444444444446,0.014444444444444446,0.014444444444444446,0.014444444444444446
210,cat_000210.jpg,data/demo/images/cat_000210.jpg,cat,cat,0.925,rare_class_candidate,rare_class;class_deficit,add_to_next_train,0.33066666666666666,0.33066666666666666,0.4311762965681372,0.0,0.0,1.0,,1408.1474867955594,80.70053183685447,54.889600517969825,640,426,0.0,,,,0.9033333333333333,96.94892361111111,0.008333333333333328,0.925,0.008333333333333328,0.008333333333333328,0.008333333333333328,0.008333333333333328,0.008333333333333328,0.008333333333333328,0.008333333333333328,0.008333333333333328
179,cat_000179.jpeg,data/demo/images/cat_000179.jpeg,cat,cat,0.827,hard_example,high_entropy;rare_class;class_deficit,send_to_review,0.33066666666666666,0.33066666666666666,0.8407311922285948,0.0,0.0,1.0,,1920.3282205550618,82.52903703703704,51.864875445706296,300,225,0.0,,,,0.9033333333333333,96.94892361111111,0.019222222222222227,0.827,0.019222222222222227,0.019222222222222227,0.019222222222222227,0.019222222222222227,0.019222222222222227,0.019222222222222227,0.019222222222222227,0.019222222222222227
233,cat_000233.jpeg,data/demo/images/cat_000233.jpeg,cat,cat,0.829,hard_example,high_entropy;rare_class;class_deficit,send_to_review,0.33066666666666666,0.33066666666666666,0.8331936949375167,0.0,0.0,1.0,,1813.1719081900687,126.4888888888889,68.97718449057568,225,300,0.0,,,,0.9033333333333333,96.94892361111111,0.019000000000000003,0.829,0.019000000000000003,0.019000000000000003,0.019000000000000003,0.019000000000000003,0.019000000000000003,0.019000000000000003,0.019000000000000003,0.019000000000000003
228,cat_000228.jpeg,data/demo/images/cat_000228.jpeg,cat,cat,0.919,rare_class_candidate,rare_class;class_deficit,add_to_next_train,0.33066666666666666,0.33066666666666666,0.4591801317730272,0.0,0.0,1.0,,1128.0936308956846,108.57001675041876,69.55642881464628,199,300,0.0,,,,0.9033333333333333,96.94892361111111,0.008999999999999996,0.919,0.008999999999999996,0.008999999999999996,0.008999999999999996,0.008999999999999996,0.008999999999999996,0.008999999999999996,0.008999999999999996,0.008999999999999996
230,cat_000230.jpeg,data/demo/images/cat_000230.jpeg,cat,cat,0.947,rare_class_candidate,rare_class;class_deficit,add_to_next_train,0.33066666666666666,0.33066666666666666,0.3237084589154791,0.0,0.0,1.0,,518.9971404320987,95.69675555555555,68.31730038354708,300,300,0.0,,,,0.9033333333333333,96.94892361111111,0.005888888888888894,0.947,0.005888888888888894,0.005888888888888894,0.005888888888888894,0.005888888888888894,0.005888888888888894,0.005888888888888894,0.005888888888888894,0.005888888888888894
224,cat_000224.jpeg,data/demo/images/cat_000224.jpeg,cat,cat,0.824,hard_example,high_entropy;rare_class;class_deficit,send_to_review,0.33066666666666666,0.33066666666666666,0.8519850948211928,0.0,0.0,1.0,,1303.2795535330554,71.6075,51.09353622279437,300,200,0.0,,,,0.9033333333333333,96.94892361111111,0.019555555555555562,0.824,0.019555555555555562,0.019555555555555562,0.019555555555555562,0.019555555555555562,0.019555555555555562,0.019555555555555562,0.019555555555555562,0.019555555555555562
232,cat_000232.jpeg,data/demo/images/cat_000232.jpeg,cat,cat,0.973,rare_class_candidate,rare_class;class_deficit,add_to_next_train,0.33066666666666666,0.33066666666666666,0.18347902522111684,0.0,0.0,1.0,,82.89736598469135,188.36725555555554,47.570328999647366,300,300,0.0,,,,0.9033333333333333,96.94892361111111,0.0030000000000000027,0.973,0.0030000000000000027,0.0030000000000000027,0.0030000000000000027,0.0030000000000000027,0.0030000000000000027,0.0030000000000000027,0.0030000000000000027,0.0030000000000000027
227,cat_000227.jpeg,data/demo/images/cat_000227.jpeg,cat,cat,0.941,rare_class_candidate,rare_class;class_deficit,add_to_next_train,0.33066666666666666,0.33066666666666666,0.3538433155046953,0.0,0.0,1.0,,549.4527912592541,79.75639053254437,65.01417538942876,300,169,0.0,,,,0.9033333333333333,96.94892361111111,0.006555555555555561,0.941,0.006555555555555561,0.006555555555555561,0.006555555555555561,0.006555555555555561,0.006555555555555561,0.006555555555555561,0.006555555555555561,0.006555555555555561
229,cat_000229.jpg,data/demo/images/cat_000229.jpg,cat,cat,0.91,rare_class_candidate,rare_class;class_deficit,add_to_next_train,0.33066666666666666,0.33066666666666666,0.5002880250577583,0.0,0.0,1.0,,1030.761493180205,138.6988983294931,51.268853017060366,640,434,0.0,,,,0.9033333333333333,96.94892361111111,0.009999999999999997,0.91,0.009999999999999997,0.009999999999999997,0.009999999999999997,0.009999999999999997,0.009999999999999997,0.009999999999999997,0.009999999999999997,0.009999999999999997
223,cat_000223.jpeg,data/demo/images/cat_000223.jpeg,cat,cat,0.905,rare_class_candidate,rare_class;class_deficit,add_to_next_train,0.33066666666666666,0.33066666666666666,0.5226921750785937,0.0,0.0,1.0,,629.1217162126201,102.9955,74.76618738471487,300,180,0.0,,,,0.9033333333333333,96.94892361111111,0.010555555555555552,0.905,0.010555555555555552,0.010555555555555552,0.010555555555555552,0.010555555555555552,0.010555555555555552,0.010555555555555552,0.010555555555555552,0.010555555555555552
222,cat_000222.jpeg,data/demo/images/cat_000222.jpeg,cat,cat,0.913,rare_class_candidate,rare_class;class_deficit,add_to_next_train,0.33066666666666666,0.33066666666666666,0.4866999419042336,0.0,0.0,1.0,,1014.8908185955555,75.45603333333334,46.05807674663466,300,200,0.0,,,,0.9033333333333333,96.94892361111111,0.009666666666666664,0.913,0.009666666666666664,0.009666666666666664,0.009666666666666664,0.009666666666666664,0.009666666666666664,0.009666666666666664,0.009666666666666664,0.009666666666666664
226,cat_000226.jpeg,data/demo/images/cat_000226.jpeg,cat,cat,0.843,hard_example,high_entropy;rare_class;class_deficit,send_to_review,0.33066666666666666,0.33066666666666666,0.7796257905886755,0.0,0.0,1.0,,1163.7759433733333,139.88635,55.12017356356473,300,200,0.0,,,,0.9033333333333333,96.94892361111111,0.017444444444444446,0.843,0.017444444444444446,0.017444444444444446,0.017444444444444446,0.017444444444444446,0.017444444444444446,0.017444444444444446,0.017444444444444446,0.017444444444444446
221,cat_000221.jpeg,data/demo/images/cat_000221.jpeg,cat,cat,0.872,hard_example,high_entropy;rare_class;class_deficit,send_to_review,0.33066666666666666,0.33066666666666666,0.6638117634508321,0.0,0.0,1.0,,570.7367826666666,117.21827777777777,38.039634145491455,300,300,0.0,,,,0.9033333333333333,96.94892361111111,0.014222222222222223,0.872,0.014222222222222223,0.014222222222222223,0.014222222222222223,0.014222222222222223,0.014222222222222223,0.014222222222222223,0.014222222222222223,0.014222222222222223
220,cat_000220.jpeg,data/demo/images/cat_000220.jpeg,cat,cat,0.934,rare_class_candidate,rare_class;class_deficit,add_to_next_train,0.33066666666666666,0.33066666666666666,0.3881838848068448,0.0,0.0,1.0,,530.0819881178476,128.92990990990992,103.56050119229383,300,296,0.0,,,,0.9033333333333333,96.94892361111111,0.007333333333333327,0.934,0.007333333333333327,0.007333333333333327,0.007333333333333327,0.007333333333333327,0.007333333333333327,0.007333333333333327,0.007333333333333327,0.007333333333333327
234,cat_000234.jpeg,data/demo/images/cat_000234.jpeg,cat,cat,0.959,rare_class_candidate,rare_class;class_deficit,add_to_next_train,0.33066666666666666,0.33066666666666666,0.2611954811048294,0.0,0.0,1.0,,172.63148679600596,67.42151515151515,59.43054648782258,297,300,0.0,,,,0.9033333333333333,96.94892361111111,0.004555555555555559,0.959,0.004555555555555559,0.004555555555555559,0.004555555555555559,0.004555555555555559,0.004555555555555559,0.004555555555555559,0.004555555555555559,0.004555555555555559
235,cat_000235.jpeg,data/demo/images/cat_000235.jpeg,cat,cat,0.966,rare_class_candidate,rare_class;class_deficit,add_to_next_train,0.33066666666666666,0.33066666666666666,0.223088382925328,0.0,0.0,1.0,,1186.1707098655556,185.37488333333334,75.05531945940311,300,200,0.0,,,,0.9033333333333333,96.94892361111111,0.003777777777777781,0.966,0.003777777777777781,0.003777777777777781,0.003777777777777781,0.003777777777777781,0.003777777777777781,0.003777777777777781,0.003777777777777781,0.003777777777777781
236,cat_000236.jpeg,data/demo/images/cat_000236.jpeg,cat,cat,0.907,rare_class_candidate,rare_class;class_deficit,add_to_next_train,0.33066666666666666,0.33066666666666666,0.513766199556724,0.0,0.0,1.0,,266.30549355246916,149.70783333333333,67.50366430198027,300,300,0.0,,,,0.9033333333333333,96.94892361111111,0.01033333333333333,0.907,0.01033333333333333,0.01033333333333333,0.01033333333333333,0.01033333333333333,0.01033333333333333,0.01033333333333333,0.01033333333333333,0.01033333333333333
237,cat_000237.jpeg,data/demo/images/cat_000237.jpeg,cat,cat,0.974,rare_class_candidate,rare_class;class_deficit,add_to_next_train,0.33066666666666666,0.33066666666666666,0.17767798825649272,0.0,0.0,1.0,,5922.51588157203,73.24263835263835,75.39436382799977,300,259,0.0,,,,0.9033333333333333,96.94892361111111,0.0028888888888888914,0.974,0.0028888888888888914,0.0028888888888888914,0.0028888888888888914,0.0028888888888888914,0.0028888888888888914,0.0028888888888888914,0.0028888888888888914,0.0028888888888888914
238,cat_000238.jpeg,data/demo/images/cat_000238.jpeg,cat,cat,0.977,rare_class_candidate,rare_class;class_deficit,add_to_next_train,0.33066666666666666,0.33066666666666666,0.16003160824870286,0.0,0.0,1.0,,1982.9685412949245,123.95367407407407,47.66383397003857,225,300,0.0,,,,0.9033333333333333,96.94892361111111,0.002555555555555558,0.977,0.002555555555555558,0.002555555555555558,0.002555555555555558,0.002555555555555558,0.002555555555555558,0.002555555555555558,0.002555555555555558,0.002555555555555558
231,cat_000231.jpeg,data/demo/images/cat_000231.jpeg,cat,cat,0.828,hard_example,high_entropy;rare_class;class_deficit,send_to_review,0.33066666666666666,0.33066666666666666,0.8369659544410585,0.0,0.0,1.0,,1740.364885177723,196.86242962962962,62.41780640069529,300,225,0.0,,,,0.9033333333333333,96.94892361111111,0.019111111111111117,0.828,0.019111111111111117,0.019111111111111117,0.019111111111111117,0.019111111111111117,0.019111111111111117,0.019111111111111117,0.019111111111111117,0.019111111111111117
407,cow_000407.jpeg,data/demo/images/cow_000407.jpeg,cow,cow,0.895,rare_class_candidate,rare_class;class_deficit,add_to_next_train,0.3305,0.3305,0.5666407849799048,0.0,0.0,1.0,,949.2924803146219,122.20518055555556,50.06234194976477,300,240,0.0,,,,0.9025,96.94892361111111,0.011666666666666665,0.011666666666666665,0.011666666666666665,0.895,0.011666666666666665,0.011666666666666665,0.011666666666666665,0.011666666666666665,0.011666666666666665,0.011666666666666665
409,cow_000409.jpeg,data/demo/images/cow_000409.jpeg,cow,cow,0.97,rare_class_candidate,rare_class;class_deficit,add_to_next_train,0.3305,0.3305,0.20065889549985488,0.0,0.0,1.0,,3500.070782045196,127.48839215686274,72.34012678789932,300,255,0.0,,,,0.9025,96.94892361111111,0.003333333333333336,0.003333333333333336,0.003333333333333336,0.97,0.003333333333333336,0.003333333333333336,0.003333333333333336,0.003333333333333336,0.003333333333333336,0.003333333333333336
410,cow_000410.jpeg,data/demo/images/cow_000410.jpeg,cow,cow,0.978,rare_class_candidate,rare_class;class_deficit,add_to_next_train,0.3305,0.3305,0.15406281841560157,0.0,0.0,1.0,,11876.649127515051,108.15254208754209,56.309425148381315,198,300,0.0,,,,0.9025,96.94892361111111,0.0024444444444444466,0.0024444444444444466,0.0024444444444444466,0.978,0.0024444444444444466,0.0024444444444444466,0.0024444444444444466,0.0024444444444444466,0.0024444444444444466,0.0024444444444444466
416,cow_000416.jpeg,data/demo/images/cow_000416.jpeg,cow,cow,0.862,hard_example,high_entropy;rare_class;class_deficit,send_to_review,0.3305,0.3305,0.7045332087907381,0.0,0.0,1.0,,5976.9102849603705,144.20747841105353,55.031572436182095,193,300,0.0,,,,0.9025,96.94892361111111,0.015333333333333334,0.015333333333333334,0.015333333333333334,0.862,0.015333333333333334,0.015333333333333334,0.015333333333333334,0.015333333333333334,0.015333333333333334,0.015333333333333334
412,cow_000412.jpeg,data/demo/images/cow_000412.jpeg,cow,cow,0.861,hard_example,high_entropy;rare_class;class_deficit,send_to_review,0.3305,0.3305,0.7085582402144297,0.0,0.0,1.0,,2728.8996749930557,124.40381666666667,47.76845174484642,200,300,0.0,,,,0.9025,96.94892361111111,0.015444444444444446,0.015444444444444446,0.015444444444444446,0.861,0.015444444444444446,0.015444444444444446,0.015444444444444446,0.015444444444444446,0.015444444444444446,0.015444444444444446
413,cow_000413.jpeg,data/demo/images/cow_000413.jpeg,cow,cow,0.93,rare_class_candidate,rare_class;class_deficit,add_to_next_train,0.3305,0.3305,0.4074446573352272,0.0,0.0,1.0,,944.4349816127835,175.31031914893617,51.86271990756174,300,188,0.0,,,,0.9025,96.94892361111111,0.007777777777777772,0.007777777777777772,0.007777777777777772,0.93,0.007777777777777772,0.007777777777777772,0.007777777777777772,0.007777777777777772,0.007777777777777772,0.007777777777777772
414,cow_000414.jpeg,data/demo/images/cow_000414.jpeg,cow,cow,0.938,rare_class_candidate,rare_class;class_deficit,add_to_next_train,0.3305,0.3305,0.3686634087363491,0.0,0.0,1.0,,2346.5923983884272,133.52933333333334,60.423947407110944,300,190,0.0,,,,0.9025,96.94892361111111,0.006888888888888895,0.006888888888888895,0.006888888888888895,0.938,0.006888888888888895,0.006888888888888895,0.006888888888888895,0.006888888888888895,0.006888888888888895,0.006888888888888895
415,cow_000415.jpeg,data/demo/images/cow_000415.jpeg,cow,cow,0.878,rare_class_candidate,rare_class;class_deficit,add_to_next_train,0.3305,0.3305,0.6389523907480663,0.0,0.0,1.0,,960.942313995115,131.19440860215053,44.18194908161305,300,248,0.0,,,,0.9025,96.94892361111111,0.013555555555555555,0.013555555555555555,0.013555555555555555,0.878,0.013555555555555555,0.013555555555555555,0.013555555555555555,0.013555555555555555,0.013555555555555555,0.013555555555555555
405,cow_000405.jpeg,data/demo/images/cow_000405.jpeg,cow,cow,0.936,rare_class_candidate,rare_class;class_deficit,add_to_next_train,0.3305,0.3305,0.37845703861361035,0.0,0.0,1.0,,1487.1411037754024,117.4134250764526,39.11476680036368,300,218,0.0,,,,0.9025,96.94892361111111,0.007111111111111105,0.007111111111111105,0.007111111111111105,0.936,0.007111111111111105,0.007111111111111105,0.007111111111111105,0.007111111111111105,0.007111111111111105,0.007111111111111105
417,cow_000417.jpeg,data/demo/images/cow_000417.jpeg,cow,cow,0.86,hard_example,high_entropy;rare_class;class_deficit,send_to_review,0.3305,0.3305,0.7125749158910097,0.0,0.0,1.0,,883.7238301000972,123.2011059907834,67.27326157009996,275,217,0.0,,,,0.9025,96.94892361111111,0.015555555555555557,0.015555555555555557,0.015555555555555557,0.86,0.015555555555555557,0.015555555555555557,0.015555555555555557,0.015555555555555557,0.015555555555555557,0.015555555555555557
419,cow_000419.jpeg,data/demo/images/cow_000419.jpeg,cow,cow,0.833,hard_example,high_entropy;rare_class;class_deficit,send_to_review,0.3305,0.3305,0.818033782798708,0.0,0.0,1.0,,737.7497433955555,149.38166666666666,80.97536516675234,300,200,0.0,,,,0.9025,96.94892361111111,0.01855555555555556,0.01855555555555556,0.01855555555555556,0.833,0.01855555555555556,0.01855555555555556,0.01855555555555556,0.01855555555555556,0.01855555555555556,0.01855555555555556
420,cow_000420.jpeg,data/demo/images/cow_000420.jpeg,cow,cow,0.888,rare_class_candidate,rare_class;class_deficit,add_to_next_train,0.3305,0.3305,0.5967656402816964,0.0,0.0,1.0,,301.00604520312305,131.28696261682242,56.99048402390505,300,214,0.0,,,,0.9025,96.94892361111111,0.012444444444444444,0.012444444444444444,0.012444444444444444,0.888,0.012444444444444444,0.012444444444444444,0.012444444444444444,0.012444444444444444,0.012444444444444444,0.012444444444444444
406,cow_000406.jpeg,data/demo/images/cow_000406.jpeg,cow,cow,0.865,hard_example,high_entropy;rare_class;class_deficit,send_to_review,0.3305,0.3305,0.6924074683372635,0.0,0.0,1.0,,1024.0448610104802,131.71305185185184,66.70799508985728,300,225,0.0,,,,0.9025,96.94892361111111,0.015000000000000001,0.015000000000000001,0.015000000000000001,0.865,0.015000000000000001,0.015000000000000001,0.015000000000000001,0.015000000000000001,0.015000000000000001,0.015000000000000001
468,cow_000468.jpeg,data/demo/images/cow_000468.jpeg,cow,cow,0.948,rare_class_candidate,rare_class;class_deficit,add_to_next_train,0.3305,0.3305,0.3186182054996266,0.0,0.0,1.0,,1582.3409591299862,140.9588,48.74678981609779,300,225,0.0,,,,0.9025,96.94892361111111,0.005777777777777783,0.005777777777777783,0.005777777777777783,0.948,0.005777777777777783,0.005777777777777783,0.005777777777777783,0.005777777777777783,0.005777777777777783,0.005777777777777783
404,cow_000404.jpeg,data/demo/images/cow_000404.jpeg,cow,cow,0.833,hard_example,high_entropy;rare_class;class_deficit,send_to_review,0.3305,0.3305,0.818033782798708,0.0,0.0,1.0,,2170.3255255408526,111.26055555555556,92.44509852467706,300,138,0.0,,,,0.9025,96.94892361111111,0.01855555555555556,0.01855555555555556,0.01855555555555556,0.833,0.01855555555555556,0.01855555555555556,0.01855555555555556,0.01855555555555556,0.01855555555555556,0.01855555555555556
403,cow_000403.jpeg,data/demo/images/cow_000403.jpeg,cow,cow,0.947,rare_class_candidate,rare_class;class_deficit,add_to_next_train,0.3305,0.3305,0.3237084589154791,0.0,0.0,1.0,,2348.2863145659103,137.45791469194313,70.1215202125233,300,211,0.0,,,,0.9025,96.94892361111111,0.005888888888888894,0.005888888888888894,0.005888888888888894,0.947,0.005888888888888894,0.005888888888888894,0.005888888888888894,0.005888888888888894,0.005888888888888894,0.005888888888888894
382,cow_000382.jpeg,data/demo/images/cow_000382.jpeg,cow,cow,0.931,rare_class_candidate,rare_class;class_deficit,add_to_next_train,0.3305,0.3305,0.40265302885617615,0.0,0.0,1.0,,2884.6682719282976,144.17215328467154,53.24672760570515,300,274,0.0,,,,0.9025,96.94892361111111,0.007666666666666661,0.007666666666666661,0.007666666666666661,0.931,0.007666666666666661,0.007666666666666661,0.007666666666666661,0.007666666666666661,0.007666666666666661,0.007666666666666661
383,cow_000383.jpeg,data/demo/images/cow_000383.jpeg,cow,cow,0.93,rare_class_candidate,rare_class;class_deficit,add_to_next_train,0.3305,0.3305,0.4074446573352272,0.0,0.0,1.0,,2594.941215710041,107.09703822141007,49.862090016058445,199,132,0.0,,,,0.9025,96.94892361111111,0.007777777777777772,0.007777777777777772,0.007777777777777772,0.93,0.007777777777777772,0.007777777777777772,0.007777777777777772,0.007777777777777772,0.007777777777777772,0.007777777777777772
385,cow_000385.jpeg,data/demo/images/cow_000385.jpeg,cow,cow,0.822,hard_example,high_entropy;rare_class;class_deficit,send_to_review,0.3305,0.3305,0.8594531670598133,0.0,0.0,1.0,,3714.969259528655,124.38145539906104,83.03458986848028,300,213,0.0,,,,0.9025,96.94892361111111,0.019777777777777783,0.019777777777777783,0.019777777777777783,0.822,0.019777777777777783,0.019777777777777783,0.019777777777777783,0.019777777777777783,0.019777777777777783,0.019777777777777783
386,cow_000386.jpeg,data/demo/images/cow_000386.jpeg,cow,cow,0.869,hard_example,high_entropy;rare_class;class_deficit,send_to_review,0.3305,0.3305,0.6761196634182056,0.0,0.0,1.0,,1266.5454883295897,130.706597582038,76.0145461127054,300,193,0.0,,,,0.9025,96.94892361111111,0.014555555555555556,0.014555555555555556,0.014555555555555556,0.869,0.014555555555555556,0.014555555555555556,0.014555555555555556,0.014555555555555556,0.014555555555555556,0.014555555555555556
387,cow_000387.jpeg,data/demo/images/cow_000387.jpeg,cow,cow,0.83,hard_example,high_entropy;rare_class;class_deficit,send_to_review,0.3305,0.3305,0.829414381174516,0.0,0.0,1.0,,284.3925806529492,146.09171851851852,65.93324920460331,300,225,0.0,,,,0.9025,96.94892361111111,0.018888888888888893,0.018888888888888893,0.018888888888888893,0.83,0.018888888888888893,0.018888888888888893,0.018888888888888893,0.018888888888888893,0.018888888888888893,0.018888888888888893
388,cow_000388.jpeg,data/demo/images/cow_000388.jpeg,cow,cow,0.88,rare_class_candidate,rare_class;class_deficit,add_to_next_train,0.3305,0.3305,0.6305919305530563,0.0,0.0,1.0,,2530.223360005767,122.40004901960785,55.27271227486325,300,204,0.0,,,,0.9025,96.94892361111111,0.013333333333333332,0.013333333333333332,0.013333333333333332,0.88,0.013333333333333332,0.013333333333333332,0.013333333333333332,0.013333333333333332,0.013333333333333332,0.013333333333333332
389,cow_000389.jpeg,data/demo/images/cow_000389.jpeg,cow,cow,0.978,rare_class_candidate,rare_class;class_deficit,add_to_next_train,0.3305,0.3305,0.15406281841560157,0.0,0.0,1.0,,2155.7093654663886,122.55411666666667,61.81933493160849,300,200,0.0,,,,0.9025,96.94892361111111,0.0024444444444444466,0.0024444444444444466,0.0024444444444444466,0.978,0.0024444444444444466,0.0024444444444444466,0.0024444444444444466,0.0024444444444444466,0.0024444444444444466,0.0024444444444444466
390,cow_000390.jpeg,data/demo/images/cow_000390.jpeg,cow,cow,0.865,hard_example,high_entropy;rare_class;class_deficit,send_to_review,0.3305,0.3305,0.6924074683372635,0.0,0.0,1.0,,2861.7026799547707,135.93202680067003,32.507271745373984,300,199,0.0,,,,0.9025,96.94892361111111,0.015000000000000001,0.015000000000000001,0.015000000000000001,0.865,0.015000000000000001,0.015000000000000001,0.015000000000000001,0.015000000000000001,0.015000000000000001,0.015000000000000001
391,cow_000391.jpeg,data/demo/images/cow_000391.jpeg,cow,cow,0.924,rare_class_candidate,rare_class;class_deficit,add_to_next_train,0.3305,0.3305,0.43587864880101285,0.0,0.0,1.0,,450.5446663980247,84.91164444444445,55.29748705662205,300,225,0.0,,,,0.9025,96.94892361111111,0.00844444444444444,0.00844444444444444,0.00844444444444444,0.924,0.00844444444444444,0.00844444444444444,0.00844444444444444,0.00844444444444444,0.00844444444444444,0.00844444444444444
392,cow_000392.jpeg,data/demo/images/cow_000392.jpeg,cow,cow,0.937,rare_class_candidate,rare_class;class_deficit,add_to_next_train,0.3305,0.3305,0.37356869413425114,0.0,0.0,1.0,,1073.7116064893614,141.66712204007285,73.89289246309498,300,183,0.0,,,,0.9025,96.94892361111111,0.006999999999999994,0.006999999999999994,0.006999999999999994,0.937,0.006999999999999994,0.006999999999999994,0.006999999999999994,0.006999999999999994,0.006999999999999994,0.006999999999999994
393,cow_000393.jpeg,data/demo/images/cow_000393.jpeg,cow,cow,0.965,rare_class_candidate,rare_class;class_deficit,add_to_next_train,0.3305,0.3305,0.22861732924465514,0.0,0.0,1.0,,3794.7132298476454,135.3786140350877,62.25741414743079,300,190,0.0,,,,0.9025,96.94892361111111,0.0038888888888888922,0.0038888888888888922,0.0038888888888888922,0.965,0.0038888888888888922,0.0038888888888888922,0.0038888888888888922,0.0038888888888888922,0.0038888888888888922,0.0038888888888888922
395,cow_000395.jpeg,data/demo/images/cow_000395.jpeg,cow,cow,0.921,rare_class_candidate,rare_class;class_deficit,add_to_next_train,0.3305,0.3305,0.44990093685566634,0.0,0.0,1.0,,4663.581463867829,131.75086776859504,59.468563464819724,300,242,0.0,,,,0.9025,96.94892361111111,0.008777777777777773,0.008777777777777773,0.008777777777777773,0.921,0.008777777777777773,0.008777777777777773,0.008777777777777773,0.008777777777777773,0.008777777777777773,0.008777777777777773
396,cow_000396.jpeg,data/demo/images/cow_000396.jpeg,cow,cow,0.462,hard_example,high_entropy;rare_class;class_deficit,send_to_review,0.3305,0.3305,1.8723632065422202,0.0,0.0,1.0,,1537.709220312925,79.68987240829347,43.79805049971319,300,209,0.0,,,,0.9025,96.94892361111111,0.059777777777777784,0.059777777777777784,0.059777777777777784,0.462,0.059777777777777784,0.059777777777777784,0.059777777777777784,0.059777777777777784,0.059777777777777784,0.059777777777777784
397,cow_000397.jpeg,data/demo/images/cow_000397.jpeg,cow,cow,0.848,hard_example,high_entropy;rare_class;class_deficit,send_to_review,0.3305,0.3305,0.760140786417075,0.0,0.0,1.0,,4987.781613678889,122.38093333333333,60.731600147388036,300,200,0.0,,,,0.9025,96.94892361111111,0.01688888888888889,0.01688888888888889,0.01688888888888889,0.848,0.01688888888888889,0.01688888888888889,0.01688888888888889,0.01688888888888889,0.01688888888888889,0.01688888888888889
400,cow_000400.jpeg,data/demo/images/cow_000400.jpeg,cow,cow,0.852,hard_example,high_entropy;rare_class;class_deficit,send_to_review,0.3305,0.3305,0.7444133690522318,0.0,0.0,1.0,,5767.984999887279,103.4593829787234,48.83032726591007,250,188,0.0,,,,0.9025,96.94892361111111,0.016444444444444446,0.016444444444444446,0.016444444444444446,0.852,0.016444444444444446,0.016444444444444446,0.016444444444444446,0.016444444444444446,0.016444444444444446,0.016444444444444446
401,cow_000401.jpeg,data/demo/images/cow_000401.jpeg,cow,cow,0.884,rare_class_candidate,rare_class;class_deficit,add_to_next_train,0.3305,0.3305,0.6137568144131238,0.0,0.0,1.0,,1540.939575,189.44148333333334,74.63051928757467,300,200,0.0,,,,0.9025,96.94892361111111,0.012888888888888887,0.012888888888888887,0.012888888888888887,0.884,0.012888888888888887,0.012888888888888887,0.012888888888888887,0.012888888888888887,0.012888888888888887,0.012888888888888887
402,cow_000402.jpeg,data/demo/images/cow_000402.jpeg,cow,cow,0.918,rare_class_candidate,rare_class;class_deficit,add_to_next_train,0.3305,0.3305,0.4637995014584284,0.0,0.0,1.0,,3083.695934062222,131.57797037037037,62.808705063330635,300,225,0.0,,,,0.9025,96.94892361111111,0.009111111111111106,0.009111111111111106,0.009111111111111106,0.918,0.009111111111111106,0.009111111111111106,0.009111111111111106,0.009111111111111106,0.009111111111111106,0.009111111111111106
399,cow_000399.jpeg,data/demo/images/cow_000399.jpeg,cow,cow,0.86,hard_example,high_entropy;rare_class;class_deficit,send_to_review,0.3305,0.3305,0.7125749158910097,0.0,0.0,1.0,,4239.6461481529595,122.39572607260726,60.4835404461566,300,202,0.0,,,,0.9025,96.94892361111111,0.015555555555555557,0.015555555555555557,0.015555555555555557,0.86,0.015555555555555557,0.015555555555555557,0.015555555555555557,0.015555555555555557,0.015555555555555557,0.015555555555555557
422,cow_000422.jpeg,data/demo/images/cow_000422.jpeg,cow,cow,0.968,rare_class_candidate,rare_class;class_deficit,add_to_next_train,0.3305,0.3305,0.21193824608357975,0.0,0.0,1.0,,1989.7946992427815,168.92543689320388,48.36229214154896,300,206,0.0,,,,0.9025,96.94892361111111,0.0035555555555555588,0.0035555555555555588,0.0035555555555555588,0.968,0.0035555555555555588,0.0035555555555555588,0.0035555555555555588,0.0035555555555555588,0.0035555555555555588,0.0035555555555555588
421,cow_000421.jpeg,data/demo/images/cow_000421.jpeg,cow,cow,0.962,rare_class_candidate,rare_class;class_deficit,add_to_next_train,0.3305,0.3305,0.24502962731090236,0.0,0.0,1.0,,1382.7442474530556,124.01251666666667,58.8423860268519,300,200,0.0,,,,0.9025,96.94892361111111,0.004222222222222226,0.004222222222222226,0.004222222222222226,0.962,0.004222222222222226,0.004222222222222226,0.004222222222222226,0.004222222222222226,0.004222222222222226,0.004222222222222226
467,cow_000467.jpeg,data/demo/images/cow_000467.jpeg,cow,cow,0.893,rare_class_candidate,rare_class;class_deficit,add_to_next_train,0.3305,0.3305,0.5752997967469753,0.0,0.0,1.0,,543.1720331421674,132.23374814814815,44.370828241540345,300,225,0.0,,,,0.9025,96.94892361111111,0.011888888888888886,0.011888888888888886,0.011888888888888886,0.893,0.011888888888888886,0.011888888888888886,0.011888888888888886,0.011888888888888886,0.011888888888888886,0.011888888888888886
447,cow_000447.jpeg,data/demo/images/cow_000447.jpeg,cow,cow,0.965,rare_class_candidate,rare_class;class_deficit,add_to_next_train,0.3305,0.3305,0.22861732924465514,0.0,0.0,1.0,,2252.5974999648565,83.51141414141414,91.31699830525358,300,198,0.0,,,,0.9025,96.94892361111111,0.0038888888888888922,0.0038888888888888922,0.0038888888888888922,0.965,0.0038888888888888922,0.0038888888888888922,0.0038888888888888922,0.0038888888888888922,0.0038888888888888922,0.0038888888888888922
448,cow_000448.jpeg,data/demo/images/cow_000448.jpeg,cow,cow,0.843,hard_example,high_entropy;rare_class;class_deficit,send_to_review,0.3305,0.3305,0.7796257905886755,0.0,0.0,1.0,,5499.28646607978,127.1852,43.482891963996515,300,225,0.0,,,,0.9025,96.94892361111111,0.017444444444444446,0.017444444444444446,0.017444444444444446,0.843,0.017444444444444446,0.017444444444444446,0.017444444444444446,0.017444444444444446,0.017444444444444446,0.017444444444444446
449,cow_000449.jpeg,data/demo/images/cow_000449.jpeg,cow,cow,0.868,hard_example,high_entropy;rare_class;class_deficit,send_to_review,0.3305,0.3305,0.6802046510839334,0.0,0.0,1.0,,1553.7004156830726,138.44404444444444,47.34866068830039,300,225,0.0,,,,0.9025,96.94892361111111,0.014666666666666668,0.014666666666666668,0.014666666666666668,0.868,0.014666666666666668,0.014666666666666668,0.014666666666666668,0.014666666666666668,0.014666666666666668,0.014666666666666668
450,cow_000450.jpeg,data/demo/images/cow_000450.jpeg,cow,cow,0.839,hard_example,high_entropy;rare_class;class_deficit,send_to_review,0.3305,0.3305,0.795077540444784,0.0,0.0,1.0,,1613.0564381550619,104.56853333333333,44.17209240715982,300,225,0.0,,,,0.9025,96.94892361111111,0.01788888888888889,0.01788888888888889,0.01788888888888889,0.839,0.01788888888888889,0.01788888888888889,0.01788888888888889,0.01788888888888889,0.01788888888888889,0.01788888888888889
451,cow_000451.jpeg,data/demo/images/cow_000451.jpeg,cow,cow,0.971,rare_class_candidate,rare_class;class_deficit,add_to_next_train,0.3305,0.3305,0.1949682019444048,0.0,0.0,1.0,,2500.3808973330556,154.50978333333333,54.410426736239835,300,200,0.0,,,,0.9025,96.94892361111111,0.0032222222222222253,0.0032222222222222253,0.0032222222222222253,0.971,0.0032222222222222253,0.0032222222222222253,0.0032222222222222253,0.0032222222222222253,0.0032222222222222253,0.0032222222222222253
452,cow_000452.jpeg,data/demo/images/cow_000452.jpeg,cow,cow,0.825,hard_example,high_entropy;rare_class;class_deficit,send_to_review,0.3305,0.3305,0.8482407308532491,0.0,0.0,1.0,,2534.9391078306253,154.7598491704374,50.82003683161784,300,221,0.0,,,,0.9025,96.94892361111111,0.019444444444444448,0.019444444444444448,0.019444444444444448,0.825,0.019444444444444448,0.019444444444444448,0.019444444444444448,0.019444444444444448,0.019444444444444448,0.019444444444444448
453,cow_000453.jpeg,data/demo/images/cow_000453.jpeg,cow,cow,0.855,hard_example,high_entropy;rare_class;class_deficit,send_to_review,0.3305,0.3305,0.7325346841039759,0.0,0.0,1.0,,562.3135882883951,219.80016666666666,68.49238116571799,300,300,0.0,,,,0.9025,96.94892361111111,0.016111111111111114,0.016111111111111114,0.016111111111111114,0.855,0.016111111111111114,0.016111111111111114,0.016111111111111114,0.016111111111111114,0.016111111111111114,0.016111111111111114
454,cow_000454.jpeg,data/demo/images/cow_000454.jpeg,cow,cow,0.927,rare_class_candidate,rare_class;class_deficit,add_to_next_train,0.3305,0.3305,0.4217281686443011,0.0,0.0,1.0,,1122.5821353352449,80.9002304964539,72.52480372931208,300,188,0.0,,,,0.9025,96.94892361111111,0.008111111111111105,0.008111111111111105,0.008111111111111105,0.927,0.008111111111111105,0.008111111111111105,0.008111111111111105,0.008111111111111105,0.008111111111111105,0.008111111111111105
455,cow_000455.jpeg,data/demo/images/cow_000455.jpeg,cow,cow,0.899,rare_class_candidate,rare_class;class_deficit,add_to_next_train,0.3305,0.3305,0.5491943311021419,0.0,0.0,1.0,,2881.625128638889,125.01791666666666,44.68980676835665,300,200,0.0,,,,0.9025,96.94892361111111,0.01122222222222222,0.01122222222222222,0.01122222222222222,0.899,0.01122222222222222,0.01122222222222222,0.01122222222222222,0.01122222222222222,0.01122222222222222,0.01122222222222222
473,cow_000473.jpeg,data/demo/images/cow_000473.jpeg,cow,cow,0.935,rare_class_candidate,rare_class;class_deficit,add_to_next_train,0.3305,0.3305,0.38332868908085305,0.0,0.0,1.0,,1724.2483773444378,210.93217886178863,78.15297508165861,300,205,0.0,,,,0.9025,96.94892361111111,0.007222222222222217,0.007222222222222217,0.007222222222222217,0.935,0.007222222222222217,0.007222222222222217,0.007222222222222217,0.007222222222222217,0.007222222222222217,0.007222222222222217
456,cow_000456.jpeg,data/demo/images/cow_000456.jpeg,cow,cow,0.943,rare_class_candidate,rare_class;class_deficit,add_to_next_train,0.3305,0.3305,0.3438736431003827,0.0,0.0,1.0,,400.4020212997223,111.24236666666667,44.73252349687964,300,200,0.0,,,,0.9025,96.94892361111111,0.006333333333333339,0.006333333333333339,0.006333333333333339,0.943,0.006333333333333339,0.006333333333333339,0.006333333333333339,0.006333333333333339,0.006333333333333339,0.006333333333333339
472,cow_000472.jpeg,data/demo/images/cow_000472.jpeg,cow,cow,0.88,rare_class_candidate,rare_class;class_deficit,add_to_next_train,0.3305,0.3305,0.6305919305530563,0.0,0.0,1.0,,647.8380082530769,128.36242283950617,35.291846604030816,300,216,0.0,,,,0.9025,96.94892361111111,0.013333333333333332,0.013333333333333332,0.013333333333333332,0.88,0.013333333333333332,0.013333333333333332,0.013333333333333332,0.013333333333333332,0.013333333333333332,0.013333333333333332
457,cow_000457.jpeg,data/demo/images/cow_000457.jpeg,cow,cow,0.935,rare_class_candidate,rare_class;class_deficit,add_to_next_train,0.3305,0.3305,0.38332868908085305,0.0,0.0,1.0,,543.8753641314678,83.04728888888889,53.27126875598233,300,225,0.0,,,,0.9025,96.94892361111111,0.007222222222222217,0.007222222222222217,0.007222222222222217,0.935,0.007222222222222217,0.007222222222222217,0.007222222222222217,0.007222222222222217,0.007222222222222217,0.007222222222222217
458,cow_000458.jpeg,data/demo/images/cow_000458.jpeg,cow,cow,0.975,rare_class_candidate,rare_class;class_deficit,add_to_next_train,0.3305,0.3305,0.1718374535709383,0.0,0.0,1.0,,3661.855856828504,114.7690990990991,68.1615167117754,300,185,0.0,,,,0.9025,96.94892361111111,0.00277777777777778,0.00277777777777778,0.00277777777777778,0.975,0.00277777777777778,0.00277777777777778,0.00277777777777778,0.00277777777777778,0.00277777777777778,0.00277777777777778
459,cow_000459.jpeg,data/demo/images/cow_000459.jpeg,cow,cow,0.839,hard_example,high_entropy;rare_class;class_deficit,send_to_review,0.3305,0.3305,0.795077540444784,0.0,0.0,1.0,,1750.0675266403125,146.6203459119497,39.72195479784581,300,212,0.0,,,,0.9025,96.94892361111111,0.01788888888888889,0.01788888888888889,0.01788888888888889,0.839,0.01788888888888889,0.01788888888888889,0.01788888888888889,0.01788888888888889,0.01788888888888889,0.01788888888888889
471,cow_000471.jpeg,data/demo/images/cow_000471.jpeg,cow,cow,0.855,hard_example,high_entropy;rare_class;class_deficit,send_to_review,0.3305,0.3305,0.7325346841039759,0.0,0.0,1.0,,1589.8516808520712,115.5254188034188,43.42256241326628,195,300,0.0,,,,0.9025,96.94892361111111,0.016111111111111114,0.016111111111111114,0.016111111111111114,0.855,0.016111111111111114,0.016111111111111114,0.016111111111111114,0.016111111111111114,0.016111111111111114,0.016111111111111114
470,cow_000470.jpeg,data/demo/images/cow_000470.jpeg,cow,cow,0.956,rare_class_candidate,rare_class;class_deficit,add_to_next_train,0.3305,0.3305,0.2771322416153887,0.0,0.0,1.0,,2864.143025870688,114.35257503949447,47.783912174721124,300,211,0.0,,,,0.9025,96.94892361111111,0.004888888888888893,0.004888888888888893,0.004888888888888893,0.956,0.004888888888888893,0.004888888888888893,0.004888888888888893,0.004888888888888893,0.004888888888888893,0.004888888888888893
463,cow_000463.jpeg,data/demo/images/cow_000463.jpeg,cow,cow,0.882,rare_class_candidate,rare_class;class_deficit,add_to_next_train,0.3305,0.3305,0.6221935900228728,0.0,0.0,1.0,,3043.8610242097957,119.41881381381381,53.402505118648854,300,222,0.0,,,,0.9025,96.94892361111111,0.01311111111111111,0.01311111111111111,0.01311111111111111,0.882,0.01311111111111111,0.01311111111111111,0.01311111111111111,0.01311111111111111,0.01311111111111111,0.01311111111111111
464,cow_000464.jpeg,data/demo/images/cow_000464.jpeg,cow,cow,0.929,rare_class_candidate,rare_class;class_deficit,add_to_next_train,0.3305,0.3305,0.4122209243450195,0.0,0.0,1.0,,2048.290766493056,124.09101666666666,50.043354863222234,300,200,0.0,,,,0.9025,96.94892361111111,0.007888888888888883,0.007888888888888883,0.007888888888888883,0.929,0.007888888888888883,0.007888888888888883,0.007888888888888883,0.007888888888888883,0.007888888888888883,0.007888888888888883
465,cow_000465.jpeg,data/demo/images/cow_000465.jpeg,cow,cow,0.856,hard_example,high_entropy;rare_class;class_deficit,send_to_review,0.3305,0.3305,0.7285590510022777,0.0,0.0,1.0,,2433.377060677846,120.48285067873303,62.95391518741435,300,221,0.0,,,,0.9025,96.94892361111111,0.016,0.016,0.016,0.856,0.016,0.016,0.016,0.016,0.016,0.016
469,cow_000469.jpeg,data/demo/images/cow_000469.jpeg,cow,cow,0.869,hard_example,high_entropy;rare_class;class_deficit,send_to_review,0.3305,0.3305,0.6761196634182056,0.0,0.0,1.0,,2526.8849833074064,95.64647147147147,63.06153117611571,222,300,0.0,,,,0.9025,96.94892361111111,0.014555555555555556,0.014555555555555556,0.014555555555555556,0.869,0.014555555555555556,0.014555555555555556,0.014555555555555556,0.014555555555555556,0.014555555555555556,0.014555555555555556
446,cow_000446.jpeg,data/demo/images/cow_000446.jpeg,cow,cow,0.971,rare_class_candidate,rare_class;class_deficit,add_to_next_train,0.3305,0.3305,0.1949682019444048,0.0,0.0,1.0,,15718.450744782662,94.65197037037036,59.96928992939769,300,225,0.0,,,,0.9025,96.94892361111111,0.0032222222222222253,0.0032222222222222253,0.0032222222222222253,0.971,0.0032222222222222253,0.0032222222222222253,0.0032222222222222253,0.0032222222222222253,0.0032222222222222253,0.0032222222222222253
445,cow_000445.jpeg,data/demo/images/cow_000445.jpeg,cow,cow,0.898,rare_class_candidate,rare_class;class_deficit,add_to_next_train,0.3305,0.3305,0.553572227580061,0.0,0.0,1.0,,5748.353711138766,113.10327407407408,36.302051176907476,300,225,0.0,,,,0.9025,96.94892361111111,0.01133333333333333,0.01133333333333333,0.01133333333333333,0.898,0.01133333333333333,0.01133333333333333,0.01133333333333333,0.01133333333333333,0.01133333333333333,0.01133333333333333
474,cow_000474.jpeg,data/demo/images/cow_000474.jpeg,cow,cow,0.828,hard_example,high_entropy;rare_class;class_deficit,send_to_review,0.3305,0.3305,0.8369659544410585,0.0,0.0,1.0,,937.1518467535802,129.02051851851851,58.55244570049074,300,225,0.0,,,,0.9025,96.94892361111111,0.019111111111111117,0.019111111111111117,0.019111111111111117,0.828,0.019111111111111117,0.019111111111111117,0.019111111111111117,0.019111111111111117,0.019111111111111117,0.019111111111111117
479,cow_000479.jpeg,data/demo/images/cow_000479.jpeg,cow,cow,0.883,rare_class_candidate,rare_class;class_deficit,add_to_next_train,0.3305,0.3305,0.617980042025841,0.0,0.0,1.0,,1490.545829399449,163.57671212121213,64.32384467705843,300,220,0.0,,,,0.9025,96.94892361111111,0.013,0.013,0.013,0.883,0.013,0.013,0.013,0.013,0.013,0.013
423,cow_000423.jpeg,data/demo/images/cow_000423.jpeg,cow,cow,0.948,rare_class_candidate,rare_class;class_deficit,add_to_next_train,0.3305,0.3305,0.3186182054996266,0.0,0.0,1.0,,2058.932598558644,109.0229802259887,53.93656422696739,300,236,0.0,,,,0.9025,96.94892361111111,0.005777777777777783,0.005777777777777783,0.005777777777777783,0.948,0.005777777777777783,0.005777777777777783,0.005777777777777783,0.005777777777777783,0.005777777777777783,0.005777777777777783
424,cow_000424.jpeg,data/demo/images/cow_000424.jpeg,cow,cow,0.94,rare_class_candidate,rare_class;class_deficit,add_to_next_train,0.3305,0.3305,0.35880098714077857,0.0,0.0,1.0,,1292.6922477387654,141.74717777777778,64.67693572099164,300,150,0.0,,,,0.9025,96.94892361111111,0.006666666666666672,0.006666666666666672,0.006666666666666672,0.94,0.006666666666666672,0.006666666666666672,0.006666666666666672,0.006666666666666672,0.006666666666666672,0.006666666666666672
426,cow_000426.jpeg,data/demo/images/cow_000426.jpeg,cow,cow,0.887,rare_class_candidate,rare_class;class_deficit,add_to_next_train,0.3305,0.3305,0.6010283233980387,0.0,0.0,1.0,,731.1514881450619,171.37895555555556,47.95727535373106,300,300,0.0,,,,0.9025,96.94892361111111,0.012555555555555554,0.012555555555555554,0.012555555555555554,0.887,0.012555555555555554,0.012555555555555554,0.012555555555555554,0.012555555555555554,0.012555555555555554,0.012555555555555554
427,cow_000427.jpeg,data/demo/images/cow_000427.jpeg,cow,cow,0.88,rare_class_candidate,rare_class;class_deficit,add_to_next_train,0.3305,0.3305,0.6305919305530563,0.0,0.0,1.0,,353.2446732738546,137.47477037037038,37.80872837379705,300,225,0.0,,,,0.9025,96.94892361111111,0.013333333333333332,0.013333333333333332,0.013333333333333332,0.88,0.013333333333333332,0.013333333333333332,0.013333333333333332,0.013333333333333332,0.013333333333333332,0.013333333333333332
428,cow_000428.jpeg,data/demo/images/cow_000428.jpeg,cow,cow,0.972,rare_class_candidate,rare_class;class_deficit,add_to_next_train,0.3305,0.3305,0.18924198892710029,0.0,0.0,1.0,,1494.0241957369326,118.85973395931143,49.19843754206265,300,213,0.0,,,,0.9025,96.94892361111111,0.003111111111111114,0.003111111111111114,0.003111111111111114,0.972,0.003111111111111114,0.003111111111111114,0.003111111111111114,0.003111111111111114,0.003111111111111114,0.003111111111111114
429,cow_000429.jpeg,data/demo/images/cow_000429.jpeg,cow,cow,0.852,hard_example,high_entropy;rare_class;class_deficit,send_to_review,0.3305,0.3305,0.7444133690522318,0.0,0.0,1.0,,1096.9908175929331,123.68477519379844,55.9874173086011,215,300,0.0,,,,0.9025,96.94892361111111,0.016444444444444446,0.016444444444444446,0.016444444444444446,0.852,0.016444444444444446,0.016444444444444446,0.016444444444444446,0.016444444444444446,0.016444444444444446,0.016444444444444446
430,cow_000430.jpeg,data/demo/images/cow_000430.jpeg,cow,cow,0.977,rare_class_candidate,rare_class;class_deficit,add_to_next_train,0.3305,0.3305,0.16003160824870286,0.0,0.0,1.0,,3500.9749348075443,133.56957345971563,62.11711186198202,300,211,0.0,,,,0.9025,96.94892361111111,0.002555555555555558,0.002555555555555558,0.002555555555555558,0.977,0.002555555555555558,0.002555555555555558,0.002555555555555558,0.002555555555555558,0.002555555555555558,0.002555555555555558
431,cow_000431.jpeg,data/demo/images/cow_000431.jpeg,cow,cow,0.837,hard_example,high_entropy;rare_class;class_deficit,send_to_review,0.3305,0.3305,0.8027588453567481,0.0,0.0,1.0,,5122.554212048888,99.36142222222222,75.67928526632454,300,150,0.0,,,,0.9025,96.94892361111111,0.018111111111111116,0.018111111111111116,0.018111111111111116,0.837,0.018111111111111116,0.018111111111111116,0.018111111111111116,0.018111111111111116,0.018111111111111116,0.018111111111111116
480,cow_000480.jpeg,data/demo/images/cow_000480.jpeg,cow,cow,0.968,rare_class_candidate,rare_class;class_deficit,add_to_next_train,0.3305,0.3305,0.21193824608357975,0.0,0.0,1.0,,2941.8509333420047,110.0948252688172,71.29600288224857,300,248,0.0,,,,0.9025,96.94892361111111,0.0035555555555555588,0.0035555555555555588,0.0035555555555555588,0.968,0.0035555555555555588,0.0035555555555555588,0.0035555555555555588,0.0035555555555555588,0.0035555555555555588,0.0035555555555555588
478,cow_000478.jpeg,data/demo/images/cow_000478.jpeg,cow,cow,0.896,rare_class_candidate,rare_class;class_deficit,add_to_next_train,0.3305,0.3305,0.5622953614888637,0.0,0.0,1.0,,996.9759263263888,98.25731666666667,26.638842031884984,300,200,0.0,,,,0.9025,96.94892361111111,0.011555555555555553,0.011555555555555553,0.011555555555555553,0.896,0.011555555555555553,0.011555555555555553,0.011555555555555553,0.011555555555555553,0.011555555555555553,0.011555555555555553
443,cow_000443.jpeg,data/demo/images/cow_000443.jpeg,cow,cow,0.821,hard_example,high_entropy;rare_class;class_deficit,send_to_review,0.3305,0.3305,0.8631769362193822,0.0,0.0,1.0,,1268.017765069081,128.38094814814815,59.510205075583904,300,225,0.0,,,,0.9025,96.94892361111111,0.019888888888888893,0.019888888888888893,0.019888888888888893,0.821,0.019888888888888893,0.019888888888888893,0.019888888888888893,0.019888888888888893,0.019888888888888893,0.019888888888888893
477,cow_000477.jpeg,data/demo/images/cow_000477.jpeg,cow,cow,0.908,rare_class_candidate,rare_class;class_deficit,add_to_next_train,0.3305,0.3305,0.5092854852385835,0.0,0.0,1.0,,2788.569552888889,119.90223333333333,84.06939241887554,300,200,0.0,,,,0.9025,96.94892361111111,0.01022222222222222,0.01022222222222222,0.01022222222222222,0.908,0.01022222222222222,0.01022222222222222,0.01022222222222222,0.01022222222222222,0.01022222222222222,0.01022222222222222
435,cow_000435.jpeg,data/demo/images/cow_000435.jpeg,cow,cow,0.821,hard_example,high_entropy;rare_class;class_deficit,send_to_review,0.3305,0.3305,0.8631769362193822,0.0,0.0,1.0,,1371.2662752945953,112.07951111111112,64.01894329185254,300,225,0.0,,,,0.9025,96.94892361111111,0.019888888888888893,0.019888888888888893,0.019888888888888893,0.821,0.019888888888888893,0.019888888888888893,0.019888888888888893,0.019888888888888893,0.019888888888888893,0.019888888888888893
436,cow_000436.jpeg,data/demo/images/cow_000436.jpeg,cow,cow,0.874,hard_example,high_entropy;rare_class;class_deficit,send_to_review,0.3305,0.3305,0.6555617971276769,0.0,0.0,1.0,,11590.538505986391,114.9939,66.66225140804951,300,200,0.0,,,,0.9025,96.94892361111111,0.014,0.014,0.014,0.874,0.014,0.014,0.014,0.014,0.014,0.014
476,cow_000476.jpeg,data/demo/images/cow_000476.jpeg,cow,cow,0.925,rare_class_candidate,rare_class;class_deficit,add_to_next_train,0.3305,0.3305,0.4311762965681372,0.0,0.0,1.0,,1423.690704131365,124.77677570093458,63.637844347664725,300,214,0.0,,,,0.9025,96.94892361111111,0.008333333333333328,0.008333333333333328,0.008333333333333328,0.925,0.008333333333333328,0.008333333333333328,0.008333333333333328,0.008333333333333328,0.008333333333333328,0.008333333333333328
437,cow_000437.jpeg,data/demo/images/cow_000437.jpeg,cow,cow,0.875,hard_example,high_entropy;rare_class;class_deficit,send_to_review,0.3305,0.3305,0.6514232234234646,0.0,0.0,1.0,,1012.8945980792776,145.21210437710437,79.15834051877336,300,198,0.0,,,,0.9025,96.94892361111111,0.013888888888888888,0.013888888888888888,0.013888888888888888,0.875,0.013888888888888888,0.013888888888888888,0.013888888888888888,0.013888888888888888,0.013888888888888888,0.013888888888888888
438,cow_000438.jpeg,data/demo/images/cow_000438.jpeg,cow,cow,0.926,rare_class_candidate,rare_class;class_deficit,add_to_next_train,0.3305,0.3305,0.42645952952554694,0.0,0.0,1.0,,1918.5076400801697,160.0794871794872,65.97988050924722,300,221,0.0,,,,0.9025,96.94892361111111,0.008222222222222218,0.008222222222222218,0.008222222222222218,0.926,0.008222222222222218,0.008222222222222218,0.008222222222222218,0.008222222222222218,0.008222222222222218,0.008222222222222218
439,cow_000439.jpeg,data/demo/images/cow_000439.jpeg,cow,cow,0.96,rare_class_candidate,rare_class;class_deficit,add_to_next_train,0.3305,0.3305,0.25583312082762294,0.0,0.0,1.0,,3658.479221709332,132.5208823529412,66.08500953692875,300,204,0.0,,,,0.9025,96.94892361111111,0.004444444444444449,0.004444444444444449,0.004444444444444449,0.96,0.004444444444444449,0.004444444444444449,0.004444444444444449,0.004444444444444449,0.004444444444444449,0.004444444444444449
475,cow_000475.jpeg,data/demo/images/cow_000475.jpeg,cow,cow,0.936,rare_class_candidate,rare_class;class_deficit,add_to_next_train,0.3305,0.3305,0.37845703861361035,0.0,0.0,1.0,,2919.576394748271,115.11723891273247,67.0138516447305,300,233,0.0,,,,0.9025,96.94892361111111,0.007111111111111105,0.007111111111111105,0.007111111111111105,0.936,0.007111111111111105,0.007111111111111105,0.007111111111111105,0.007111111111111105,0.007111111111111105,0.007111111111111105
442,cow_000442.jpeg,data/demo/images/cow_000442.jpeg,cow,cow,0.925,rare_class_candidate,rare_class;class_deficit,add_to_next_train,0.3305,0.3305,0.4311762965681372,0.0,0.0,1.0,,1153.3722598535278,129.6068358714044,52.30853450799474,300,197,0.0,,,,0.9025,96.94892361111111,0.008333333333333328,0.008333333333333328,0.008333333333333328,0.925,0.008333333333333328,0.008333333333333328,0.008333333333333328,0.008333333333333328,0.008333333333333328,0.008333333333333328
462,cow_000462.jpeg,data/demo/images/cow_000462.jpeg,cow,cow,0.82,hard_example,high_entropy;rare_class;class_deficit,send_to_review,0.3305,0.3305,0.8668939007306139,0.0,0.0,1.0,,2027.8033288975,98.55038333333333,44.07647136723162,300,200,0.0,,,,0.9025,96.94892361111111,0.020000000000000004,0.020000000000000004,0.020000000000000004,0.82,0.020000000000000004,0.020000000000000004,0.020000000000000004,0.020000000000000004,0.020000000000000004,0.020000000000000004
394,cow_000394.jpeg,data/demo/images/cow_000394.jpeg,cow,cow,0.856,hard_example,high_entropy;rare_class;class_deficit,send_to_review,0.3305,0.3305,0.7285590510022777,0.0,0.0,1.0,,1395.76097233757,110.02591715976331,62.71467147834018,300,169,0.0,,,,0.9025,96.94892361111111,0.016,0.016,0.016,0.856,0.016,0.016,0.016,0.016,0.016,0.016
376,cow_000376.jpeg,data/demo/images/cow_000376.jpeg,cow,cow,0.854,hard_example,high_entropy;rare_class;class_deficit,send_to_review,0.3305,0.3305,0.7365022510083699,0.0,0.0,1.0,,5930.602012758095,111.72433835845897,43.91736919707334,300,199,0.0,,,,0.9025,96.94892361111111,0.016222222222222225,0.016222222222222225,0.016222222222222225,0.854,0.016222222222222225,0.016222222222222225,0.016222222222222225,0.016222222222222225,0.016222222222222225,0.016222222222222225
367,cow_000367.jpeg,data/demo/images/cow_000367.jpeg,cow,cow,0.905,rare_class_candidate,rare_class;class_deficit,add_to_next_train,0.3305,0.3305,0.5226921750785937,0.0,0.0,1.0,,2337.82453356671,128.81511006289307,54.60208097251209,300,212,0.0,,,,0.9025,96.94892361111111,0.010555555555555552,0.010555555555555552,0.010555555555555552,0.905,0.010555555555555552,0.010555555555555552,0.010555555555555552,0.010555555555555552,0.010555555555555552,0.010555555555555552
361,cow_000361.jpeg,data/demo/images/cow_000361.jpeg,cow,cow,0.842,hard_example,high_entropy;rare_class;class_deficit,send_to_review,0.3305,0.3305,0.7834999649909603,0.0,0.0,1.0,,1843.2416129224987,156.69205729166666,32.457064418449555,240,160,0.0,,,,0.9025,96.94892361111111,0.01755555555555556,0.01755555555555556,0.01755555555555556,0.842,0.01755555555555556,0.01755555555555556,0.01755555555555556,0.01755555555555556,0.01755555555555556,0.01755555555555556
363,cow_000363.jpeg,data/demo/images/cow_000363.jpeg,cow,cow,0.955,rare_class_candidate,rare_class;class_deficit,add_to_next_train,0.3305,0.3305,0.2823962327635063,0.0,0.0,1.0,,2033.8301809327845,125.21678518518519,43.980995354034825,300,225,0.0,,,,0.9025,96.94892361111111,0.0050000000000000044,0.0050000000000000044,0.0050000000000000044,0.955,0.0050000000000000044,0.0050000000000000044,0.0050000000000000044,0.0050000000000000044,0.0050000000000000044,0.0050000000000000044
364,cow_000364.jpeg,data/demo/images/cow_000364.jpeg,cow,cow,0.848,hard_example,high_entropy;rare_class;class_deficit,send_to_review,0.3305,0.3305,0.760140786417075,0.0,0.0,1.0,,2523.1702823802834,153.14358276643992,80.92531183756613,300,147,0.0,,,,0.9025,96.94892361111111,0.01688888888888889,0.01688888888888889,0.01688888888888889,0.848,0.01688888888888889,0.01688888888888889,0.01688888888888889,0.01688888888888889,0.01688888888888889,0.01688888888888889
366,cow_000366.jpeg,data/demo/images/cow_000366.jpeg,cow,cow,0.877,rare_class_candidate,rare_class;class_deficit,add_to_next_train,0.3305,0.3305,0.6431185839732804,0.0,0.0,1.0,,3040.79229554832,107.3780473372781,36.144715968445155,300,169,0.0,,,,0.9025,96.94892361111111,0.013666666666666667,0.013666666666666667,0.013666666666666667,0.877,0.013666666666666667,0.013666666666666667,0.013666666666666667,0.013666666666666667,0.013666666666666667,0.013666666666666667
375,cow_000375.jpeg,data/demo/images/cow_000375.jpeg,cow,cow,0.92,rare_class_candidate,rare_class;class_deficit,add_to_next_train,0.3305,0.3305,0.4545473279554853,0.0,0.0,1.0,,8684.420912959877,122.1264861111111,59.98432261513861,300,240,0.0,,,,0.9025,96.94892361111111,0.008888888888888884,0.008888888888888884,0.008888888888888884,0.92,0.008888888888888884,0.008888888888888884,0.008888888888888884,0.008888888888888884,0.008888888888888884,0.008888888888888884
368,cow_000368.jpeg,data/demo/images/cow_000368.jpeg,cow,cow,0.95,rare_class_candidate,rare_class;class_deficit,add_to_next_train,0.3305,0.3305,0.3083764622126845,0.0,0.0,1.0,,1744.3328552441471,145.75569288389514,55.40326299044197,300,178,0.0,,,,0.9025,96.94892361111111,0.00555555555555556,0.00555555555555556,0.00555555555555556,0.95,0.00555555555555556,0.00555555555555556,0.00555555555555556,0.00555555555555556,0.00555555555555556,0.00555555555555556
369,cow_000369.jpeg,data/demo/images/cow_000369.jpeg,cow,cow,0.828,hard_example,high_entropy;rare_class;class_deficit,send_to_review,0.3305,0.3305,0.8369659544410585,0.0,0.0,1.0,,2975.2971868093277,111.26666666666667,39.07867468088976,300,225,0.0,,,,0.9025,96.94892361111111,0.019111111111111117,0.019111111111111117,0.019111111111111117,0.828,0.019111111111111117,0.019111111111111117,0.019111111111111117,0.019111111111111117,0.019111111111111117,0.019111111111111117
371,cow_000371.jpeg,data/demo/images/cow_000371.jpeg,cow,cow,0.823,hard_example,high_entropy;rare_class;class_deficit,send_to_review,0.3305,0.3305,0.8557225633478518,0.0,0.0,1.0,,5157.244079681788,125.46194871794872,58.61400758720792,300,130,0.0,,,,0.9025,96.94892361111111,0.019666666666666673,0.019666666666666673,0.019666666666666673,0.823,0.019666666666666673,0.019666666666666673,0.019666666666666673,0.019666666666666673,0.019666666666666673,0.019666666666666673
372,cow_000372.jpeg,data/demo/images/cow_000372.jpeg,cow,cow,0.851,hard_example,high_entropy;rare_class;class_deficit,send_to_review,0.3305,0.3305,0.7483570100034195,0.0,0.0,1.0,,2355.6200216207194,129.66454954954955,52.6325229586735,222,300,0.0,,,,0.9025,96.94892361111111,0.01655555555555556,0.01655555555555556,0.01655555555555556,0.851,0.01655555555555556,0.01655555555555556,0.01655555555555556,0.01655555555555556,0.01655555555555556,0.01655555555555556
373,cow_000373.jpeg,data/demo/images/cow_000373.jpeg,cow,cow,0.948,rare_class_candidate,rare_class;class_deficit,add_to_next_train,0.3305,0.3305,0.3186182054996266,0.0,0.0,1.0,,1237.368657780192,128.9490074074074,63.56478089418598,300,225,0.0,,,,0.9025,96.94892361111111,0.005777777777777783,0.005777777777777783,0.005777777777777783,0.948,0.005777777777777783,0.005777777777777783,0.005777777777777783,0.005777777777777783,0.005777777777777783,0.005777777777777783
866,sheep_000866.jpeg,data/demo/images/sheep_000866.jpeg,sheep,sheep,0.93,rare_class_candidate,rare_class;class_deficit,add_to_next_train,0.33033333333333337,0.33033333333333337,0.40744465733522717,0.0,0.0,1.0,,7946.301518036982,176.75294814814814,67.61250466891993,300,225,0.0,,,,0.9016666666666666,96.94892361111111,0.007777777777777772,0.007777777777777772,0.007777777777777772,0.007777777777777772,0.007777777777777772,0.007777777777777772,0.007777777777777772,0.93,0.007777777777777772,0.007777777777777772
960,sheep_000960.jpeg,data/demo/images/sheep_000960.jpeg,sheep,sheep,0.937,rare_class_candidate,rare_class;class_deficit,add_to_next_train,0.33033333333333337,0.33033333333333337,0.3735686941342512,0.0,0.0,1.0,,991.2405834122221,113.64106666666666,71.82888532381817,300,200,0.0,,,,0.9016666666666666,96.94892361111111,0.006999999999999994,0.006999999999999994,0.006999999999999994,0.006999999999999994,0.006999999999999994,0.006999999999999994,0.006999999999999994,0.937,0.006999999999999994,0.006999999999999994
869,sheep_000869.jpeg,data/demo/images/sheep_000869.jpeg,sheep,sheep,0.964,rare_class_candidate,rare_class;class_deficit,add_to_next_train,0.33033333333333337,0.33033333333333337,0.23411666397725633,0.0,0.0,1.0,,5204.1860705233985,126.50046757164404,65.549381174275,300,221,0.0,,,,0.9016666666666666,96.94892361111111,0.0040000000000000036,0.0040000000000000036,0.0040000000000000036,0.0040000000000000036,0.0040000000000000036,0.0040000000000000036,0.0040000000000000036,0.964,0.0040000000000000036,0.0040000000000000036
868,sheep_000868.jpeg,data/demo/images/sheep_000868.jpeg,sheep,sheep,0.979,rare_class_candidate,rare_class;class_deficit,add_to_next_train,0.33033333333333337,0.33033333333333337,0.1480475358766382,0.0,0.0,1.0,,1889.9937793616405,111.3132196969697,57.517080572320815,300,264,0.0,,,,0.9016666666666666,96.94892361111111,0.0023333333333333353,0.0023333333333333353,0.0023333333333333353,0.0023333333333333353,0.0023333333333333353,0.0023333333333333353,0.0023333333333333353,0.979,0.0023333333333333353,0.0023333333333333353
867,sheep_000867.jpeg,data/demo/images/sheep_000867.jpeg,sheep,sheep,0.885,rare_class_candidate,rare_class;class_deficit,add_to_next_train,0.33033333333333337,0.33033333333333337,0.6095238347820113,0.0,0.0,1.0,,4645.540807843259,113.57426116838488,50.45325403447419,300,194,0.0,,,,0.9016666666666666,96.94892361111111,0.012777777777777777,0.012777777777777777,0.012777777777777777,0.012777777777777777,0.012777777777777777,0.012777777777777777,0.012777777777777777,0.885,0.012777777777777777,0.012777777777777777
864,sheep_000864.jpeg,data/demo/images/sheep_000864.jpeg,sheep,sheep,0.922,rare_class_candidate,rare_class;class_deficit,add_to_next_train,0.33033333333333337,0.33033333333333337,0.44524080141339495,0.0,0.0,1.0,,1882.7968650646915,138.66096296296297,62.04155622106816,300,225,0.0,,,,0.9016666666666666,96.94892361111111,0.008666666666666663,0.008666666666666663,0.008666666666666663,0.008666666666666663,0.008666666666666663,0.008666666666666663,0.008666666666666663,0.922,0.008666666666666663,0.008666666666666663
865,sheep_000865.jpeg,data/demo/images/sheep_000865.jpeg,sheep,sheep,0.91,rare_class_candidate,rare_class;class_deficit,add_to_next_train,0.33033333333333337,0.33033333333333337,0.5002880250577583,0.0,0.0,1.0,,5062.575422296233,136.68662698412697,57.313733369958186,300,252,0.0,,,,0.9016666666666666,96.94892361111111,0.009999999999999997,0.009999999999999997,0.009999999999999997,0.009999999999999997,0.009999999999999997,0.009999999999999997,0.009999999999999997,0.91,0.009999999999999997,0.009999999999999997
871,sheep_000871.jpeg,data/demo/images/sheep_000871.jpeg,sheep,sheep,0.905,rare_class_candidate,rare_class;class_deficit,add_to_next_train,0.33033333333333337,0.33033333333333337,0.5226921750785937,0.0,0.0,1.0,,1525.4428896330555,151.9317,49.05232480161703,300,200,0.0,,,,0.9016666666666666,96.94892361111111,0.010555555555555552,0.010555555555555552,0.010555555555555552,0.010555555555555552,0.010555555555555552,0.010555555555555552,0.010555555555555552,0.905,0.010555555555555552,0.010555555555555552
863,sheep_000863.jpeg,data/demo/images/sheep_000863.jpeg,sheep,sheep,0.843,hard_example,high_entropy;rare_class;class_deficit,send_to_review,0.33033333333333337,0.33033333333333337,0.7796257905886755,0.0,0.0,1.0,,2850.0626217863887,118.65131666666667,45.21848666861511,300,200,0.0,,,,0.9016666666666666,96.94892361111111,0.017444444444444446,0.017444444444444446,0.017444444444444446,0.017444444444444446,0.017444444444444446,0.017444444444444446,0.017444444444444446,0.843,0.017444444444444446,0.017444444444444446
862,sheep_000862.jpeg,data/demo/images/sheep_000862.jpeg,sheep,sheep,0.975,rare_class_candidate,rare_class;class_deficit,add_to_next_train,0.33033333333333337,0.33033333333333337,0.1718374535709383,0.0,0.0,1.0,,2248.6037741264477,130.46686468646865,53.04670205036911,300,202,0.0,,,,0.9016666666666666,96.94892361111111,0.00277777777777778,0.00277777777777778,0.00277777777777778,0.00277777777777778,0.00277777777777778,0.00277777777777778,0.00277777777777778,0.975,0.00277777777777778,0.00277777777777778
861,sheep_000861.jpeg,data/demo/images/sheep_000861.jpeg,sheep,sheep,0.872,hard_example,high_entropy;rare_class;class_deficit,send_to_review,0.33033333333333337,0.33033333333333337,0.6638117634508321,0.0,0.0,1.0,,1678.1434812377197,141.6262886597938,46.63019225885371,270,194,0.0,,,,0.9016666666666666,96.94892361111111,0.014222222222222223,0.014222222222222223,0.014222222222222223,0.014222222222222223,0.014222222222222223,0.014222222222222223,0.014222222222222223,0.872,0.014222222222222223,0.014222222222222223
870,sheep_000870.jpeg,data/demo/images/sheep_000870.jpeg,sheep,sheep,0.936,rare_class_candidate,rare_class;class_deficit,add_to_next_train,0.33033333333333337,0.33033333333333337,0.37845703861361035,0.0,0.0,1.0,,4232.560251606771,129.82108225108226,51.241029426273535,300,231,0.0,,,,0.9016666666666666,96.94892361111111,0.007111111111111105,0.007111111111111105,0.007111111111111105,0.007111111111111105,0.007111111111111105,0.007111111111111105,0.007111111111111105,0.936,0.007111111111111105,0.007111111111111105
956,sheep_000956.jpg,data/demo/images/sheep_000956.jpg,sheep,sheep,0.857,hard_example,high_entropy;rare_class;class_deficit,send_to_review,0.33033333333333337,0.33033333333333337,0.7245753051757529,0.0,0.0,1.0,,362.43713321332564,91.9342392899061,75.51040924439182,640,426,0.0,,,,0.9016666666666666,96.94892361111111,0.01588888888888889,0.01588888888888889,0.01588888888888889,0.01588888888888889,0.01588888888888889,0.01588888888888889,0.01588888888888889,0.857,0.01588888888888889,0.01588888888888889
958,sheep_000958.jpg,data/demo/images/sheep_000958.jpg,sheep,sheep,0.96,rare_class_candidate,rare_class;class_deficit,add_to_next_train,0.33033333333333337,0.33033333333333337,0.25583312082762294,0.0,0.0,1.0,,515.1997634363497,90.95950337441315,43.10566748224898,640,426,0.0,,,,0.9016666666666666,96.94892361111111,0.004444444444444449,0.004444444444444449,0.004444444444444449,0.004444444444444449,0.004444444444444449,0.004444444444444449,0.004444444444444449,0.96,0.004444444444444449,0.004444444444444449
955,sheep_000955.jpeg,data/demo/images/sheep_000955.jpeg,sheep,sheep,0.841,hard_example,high_entropy;rare_class;class_deficit,send_to_review,0.33033333333333337,0.33033333333333337,0.7873666225883303,0.0,0.0,1.0,,1990.7796014632888,121.10485333333334,80.3409802805838,300,250,0.0,,,,0.9016666666666666,96.94892361111111,0.01766666666666667,0.01766666666666667,0.01766666666666667,0.01766666666666667,0.01766666666666667,0.01766666666666667,0.01766666666666667,0.841,0.01766666666666667,0.01766666666666667
954,sheep_000954.jpeg,data/demo/images/sheep_000954.jpeg,sheep,sheep,0.937,rare_class_candidate,rare_class;class_deficit,add_to_next_train,0.33033333333333337,0.33033333333333337,0.3735686941342512,0.0,0.0,1.0,,17030.26243667556,100.21941373534338,63.21661424478708,300,199,0.0,,,,0.9016666666666666,96.94892361111111,0.006999999999999994,0.006999999999999994,0.006999999999999994,0.006999999999999994,0.006999999999999994,0.006999999999999994,0.006999999999999994,0.937,0.006999999999999994,0.006999999999999994
953,sheep_000953.jpg,data/demo/images/sheep_000953.jpg,sheep,sheep,0.874,hard_example,high_entropy;rare_class;class_deficit,send_to_review,0.33033333333333337,0.33033333333333337,0.6555617971276769,0.0,0.0,1.0,,1469.3216521798956,150.9072438686709,41.117275746969376,640,316,0.0,,,,0.9016666666666666,96.94892361111111,0.014,0.014,0.014,0.014,0.014,0.014,0.014,0.874,0.014,0.014
860,sheep_000860.jpeg,data/demo/images/sheep_000860.jpeg,sheep,sheep,0.905,rare_class_candidate,rare_class;class_deficit,add_to_next_train,0.33033333333333337,0.33033333333333337,0.5226921750785937,0.0,0.0,1.0,,1086.4229874846149,125.8235808580858,36.47608215468971,300,202,0.0,,,,0.9016666666666666,96.94892361111111,0.010555555555555552,0.010555555555555552,0.010555555555555552,0.010555555555555552,0.010555555555555552,0.010555555555555552,0.010555555555555552,0.905,0.010555555555555552,0.010555555555555552
952,sheep_000952.jpeg,data/demo/images/sheep_000952.jpeg,sheep,sheep,0.846,hard_example,high_entropy;rare_class;class_deficit,send_to_review,0.33033333333333337,0.33033333333333337,0.7679577748933515,0.0,0.0,1.0,,1245.7227555966026,99.81466926070038,54.14007949421839,300,257,0.0,,,,0.9016666666666666,96.94892361111111,0.017111111111111115,0.017111111111111115,0.017111111111111115,0.017111111111111115,0.017111111111111115,0.017111111111111115,0.017111111111111115,0.846,0.017111111111111115,0.017111111111111115
951,sheep_000951.jpeg,data/demo/images/sheep_000951.jpeg,sheep,sheep,0.906,rare_class_candidate,rare_class;class_deficit,add_to_next_train,0.33033333333333337,0.33033333333333337,0.5182350584434224,0.0,0.0,1.0,,3061.217090751665,108.50447916666667,78.68960369665784,300,224,0.0,,,,0.9016666666666666,96.94892361111111,0.010444444444444442,0.010444444444444442,0.010444444444444442,0.010444444444444442,0.010444444444444442,0.010444444444444442,0.010444444444444442,0.906,0.010444444444444442,0.010444444444444442
950,sheep_000950.jpg,data/demo/images/sheep_000950.jpg,sheep,sheep,0.955,rare_class_candidate,rare_class;class_deficit,add_to_next_train,0.33033333333333337,0.33033333333333337,0.2823962327635063,0.0,0.0,1.0,,832.3610173516726,88.79396640258216,58.335850763336964,640,426,0.0,,,,0.9016666666666666,96.94892361111111,0.0050000000000000044,0.0050000000000000044,0.0050000000000000044,0.0050000000000000044,0.0050000000000000044,0.0050000000000000044,0.0050000000000000044,0.955,0.0050000000000000044,0.0050000000000000044
948,sheep_000948.jpeg,data/demo/images/sheep_000948.jpeg,sheep,sheep,0.89,rare_class_candidate,rare_class;class_deficit,add_to_next_train,0.33033333333333337,0.33033333333333337,0.5882100304256507,0.0,0.0,1.0,,4559.131877728395,121.33942222222223,71.72797238305772,300,225,0.0,,,,0.9016666666666666,96.94892361111111,0.012222222222222221,0.012222222222222221,0.012222222222222221,0.012222222222222221,0.012222222222222221,0.012222222222222221,0.012222222222222221,0.89,0.012222222222222221,0.012222222222222221
947,sheep_000947.jpeg,data/demo/images/sheep_000947.jpeg,sheep,sheep,0.828,hard_example,high_entropy;rare_class;class_deficit,send_to_review,0.33033333333333337,0.33033333333333337,0.8369659544410585,0.0,0.0,1.0,,1583.3637812402742,130.7606074074074,71.05228066348685,300,225,0.0,,,,0.9016666666666666,96.94892361111111,0.019111111111111117,0.019111111111111117,0.019111111111111117,0.019111111111111117,0.019111111111111117,0.019111111111111117,0.019111111111111117,0.828,0.019111111111111117,0.019111111111111117
946,sheep_000946.jpg,data/demo/images/sheep_000946.jpg,sheep,sheep,0.911,rare_class_candidate,rare_class;class_deficit,add_to_next_train,0.33033333333333337,0.33033333333333337,0.4957710400550784,0.0,0.0,1.0,,991.6847601912445,143.8252420774648,38.34975740932342,640,426,0.0,,,,0.9016666666666666,96.94892361111111,0.009888888888888885,0.009888888888888885,0.009888888888888885,0.009888888888888885,0.009888888888888885,0.009888888888888885,0.009888888888888885,0.911,0.009888888888888885,0.009888888888888885
872,sheep_000872.jpeg,data/demo/images/sheep_000872.jpeg,sheep,sheep,0.864,hard_example,high_entropy;rare_class;class_deficit,send_to_review,0.33033333333333337,0.33033333333333337,0.6964578747930559,0.0,0.0,1.0,,3451.117999272208,145.00074074074075,43.37056314598015,300,225,0.0,,,,0.9016666666666666,96.94892361111111,0.015111111111111112,0.015111111111111112,0.015111111111111112,0.015111111111111112,0.015111111111111112,0.015111111111111112,0.015111111111111112,0.864,0.015111111111111112,0.015111111111111112
854,sheep_000854.jpg,data/demo/images/sheep_000854.jpg,sheep,sheep,0.46,hard_example,high_entropy;rare_class;class_deficit,send_to_review,0.33033333333333337,0.33033333333333337,1.876445020219958,0.0,0.0,1.0,,13008.72205308775,142.0725330882353,72.21552490112656,640,425,0.0,,,,0.9016666666666666,96.94892361111111,0.060000000000000005,0.060000000000000005,0.060000000000000005,0.060000000000000005,0.060000000000000005,0.060000000000000005,0.060000000000000005,0.46,0.060000000000000005,0.060000000000000005
859,sheep_000859.jpeg,data/demo/images/sheep_000859.jpeg,sheep,sheep,0.899,rare_class_candidate,rare_class;class_deficit,add_to_next_train,0.33033333333333337,0.33033333333333337,0.5491943311021419,0.0,0.0,1.0,,3927.0990126641423,120.58282962962963,39.10034420603268,300,225,0.0,,,,0.9016666666666666,96.94892361111111,0.01122222222222222,0.01122222222222222,0.01122222222222222,0.01122222222222222,0.01122222222222222,0.01122222222222222,0.01122222222222222,0.899,0.01122222222222222,0.01122222222222222
242,chicken_000242.jpeg,data/demo/images/chicken_000242.jpeg,chicken,chicken,0.851,hard_example,high_entropy;rare_class;class_deficit,send_to_review,0.33033333333333337,0.33033333333333337,0.7483570100034195,0.0,0.0,1.0,,3333.178730339755,115.11483775811209,45.781108654492456,300,226,0.0,,,,0.9016666666666666,96.94892361111111,0.01655555555555556,0.01655555555555556,0.851,0.01655555555555556,0.01655555555555556,0.01655555555555556,0.01655555555555556,0.01655555555555556,0.01655555555555556,0.01655555555555556
844,sheep_000844.jpeg,data/demo/images/sheep_000844.jpeg,sheep,sheep,0.876,rare_class_candidate,rare_class;class_deficit,add_to_next_train,0.33033333333333337,0.33033333333333337,0.6472755067765251,0.0,0.0,1.0,,6371.580288827922,107.53973765432099,72.41222055945342,300,216,0.0,,,,0.9016666666666666,96.94892361111111,0.013777777777777778,0.013777777777777778,0.013777777777777778,0.013777777777777778,0.013777777777777778,0.013777777777777778,0.013777777777777778,0.876,0.013777777777777778,0.013777777777777778
249,chicken_000249.jpeg,data/demo/images/chicken_000249.jpeg,chicken,chicken,0.979,rare_class_candidate,rare_class;class_deficit,add_to_next_train,0.33033333333333337,0.33033333333333337,0.1480475358766382,0.0,0.0,1.0,,4854.450069003924,174.67400584795323,75.00667484745928,300,228,0.0,,,,0.9016666666666666,96.94892361111111,0.0023333333333333353,0.0023333333333333353,0.979,0.0023333333333333353,0.0023333333333333353,0.0023333333333333353,0.0023333333333333353,0.0023333333333333353,0.0023333333333333353,0.0023333333333333353
248,chicken_000248.jpeg,data/demo/images/chicken_000248.jpeg,chicken,chicken,0.91,rare_class_candidate,rare_class;class_deficit,add_to_next_train,0.33033333333333337,0.33033333333333337,0.5002880250577583,0.0,0.0,1.0,,3900.4577158552374,173.18056776556776,88.69170321657975,182,300,0.0,,,,0.9016666666666666,96.94892361111111,0.009999999999999997,0.009999999999999997,0.91,0.009999999999999997,0.009999999999999997,0.009999999999999997,0.009999999999999997,0.009999999999999997,0.009999999999999997,0.009999999999999997
247,chicken_000247.jpeg,data/demo/images/chicken_000247.jpeg,chicken,chicken,0.866,hard_example,high_entropy;rare_class;class_deficit,send_to_review,0.33033333333333337,0.33033333333333337,0.6883484983367001,0.0,0.0,1.0,,8693.18478246365,127.6761037037037,50.65053246844888,300,225,0.0,,,,0.9016666666666666,96.94892361111111,0.014888888888888889,0.014888888888888889,0.866,0.014888888888888889,0.014888888888888889,0.014888888888888889,0.014888888888888889,0.014888888888888889,0.014888888888888889,0.014888888888888889
845,sheep_000845.jpeg,data/demo/images/sheep_000845.jpeg,sheep,sheep,0.965,rare_class_candidate,rare_class;class_deficit,add_to_next_train,0.33033333333333337,0.33033333333333337,0.22861732924465517,0.0,0.0,1.0,,4953.031833128341,145.6574962962963,60.15457725964852,300,225,0.0,,,,0.9016666666666666,96.94892361111111,0.0038888888888888922,0.0038888888888888922,0.0038888888888888922,0.0038888888888888922,0.0038888888888888922,0.0038888888888888922,0.0038888888888888922,0.965,0.0038888888888888922,0.0038888888888888922
846,sheep_000846.jpg,data/demo/images/sheep_000846.jpg,sheep,sheep,0.936,rare_class_candidate,rare_class;class_deficit,add_to_next_train,0.33033333333333337,0.33033333333333337,0.37845703861361035,0.0,0.0,1.0,,5825.407181765238,143.93560763888888,57.40563039022244,640,360,0.0,,,,0.9016666666666666,96.94892361111111,0.007111111111111105,0.007111111111111105,0.007111111111111105,0.007111111111111105,0.007111111111111105,0.007111111111111105,0.007111111111111105,0.936,0.007111111111111105,0.007111111111111105
246,chicken_000246.jpeg,data/demo/images/chicken_000246.jpeg,chicken,chicken,0.844,hard_example,high_entropy;rare_class;class_deficit,send_to_review,0.33033333333333337,0.33033333333333337,0.7757440604766718,0.0,0.0,1.0,,1952.854137005432,121.05357037037037,55.594063404027,300,225,0.0,,,,0.9016666666666666,96.94892361111111,0.017333333333333336,0.017333333333333336,0.844,0.017333333333333336,0.017333333333333336,0.017333333333333336,0.017333333333333336,0.017333333333333336,0.017333333333333336,0.017333333333333336
245,chicken_000245.jpeg,data/demo/images/chicken_000245.jpeg,chicken,chicken,0.898,rare_class_candidate,rare_class;class_deficit,add_to_next_train,0.33033333333333337,0.33033333333333337,0.553572227580061,0.0,0.0,1.0,,4273.885078473665,105.90076754385964,51.399502517631426,300,152,0.0,,,,0.9016666666666666,96.94892361111111,0.01133333333333333,0.01133333333333333,0.898,0.01133333333333333,0.01133333333333333,0.01133333333333333,0.01133333333333333,0.01133333333333333,0.01133333333333333,0.01133333333333333
244,chicken_000244.jpeg,data/demo/images/chicken_000244.jpeg,chicken,chicken,0.927,rare_class_candidate,rare_class;class_deficit,add_to_next_train,0.33033333333333337,0.33033333333333337,0.4217281686443011,0.0,0.0,1.0,,1447.2353305775582,136.74317037037036,47.74242954942789,300,225,0.0,,,,0.9016666666666666,96.94892361111111,0.008111111111111105,0.008111111111111105,0.927,0.008111111111111105,0.008111111111111105,0.008111111111111105,0.008111111111111105,0.008111111111111105,0.008111111111111105,0.008111111111111105
243,chicken_000243.jpeg,data/demo/images/chicken_000243.jpeg,chicken,chicken,0.851,hard_example,high_entropy;rare_class;class_deficit,send_to_review,0.33033333333333337,0.33033333333333337,0.7483570100034195,0.0,0.0,1.0,,1668.4762632105012,146.75453634085213,59.49614231695662,300,266,0.0,,,,0.9016666666666666,96.94892361111111,0.01655555555555556,0.01655555555555556,0.851,0.01655555555555556,0.01655555555555556,0.01655555555555556,0.01655555555555556,0.01655555555555556,0.01655555555555556,0.01655555555555556
241,chicken_000241.jpeg,data/demo/images/chicken_000241.jpeg,chicken,chicken,0.891,rare_class_candidate,rare_class;class_deficit,add_to_next_train,0.33033333333333337,0.33033333333333337,0.5839169438723176,0.0,0.0,1.0,,3188.029281208011,100.05835555555555,46.30224714768639,300,225,0.0,,,,0.9016666666666666,96.94892361111111,0.012111111111111109,0.012111111111111109,0.891,0.012111111111111109,0.012111111111111109,0.012111111111111109,0.012111111111111109,0.012111111111111109,0.012111111111111109,0.012111111111111109
858,sheep_000858.jpeg,data/demo/images/sheep_000858.jpeg,sheep,sheep,0.91,rare_class_candidate,rare_class;class_deficit,add_to_next_train,0.33033333333333337,0.33033333333333337,0.5002880250577583,0.0,0.0,1.0,,8525.126380188196,136.59950724637682,52.51827711988705,230,300,0.0,,,,0.9016666666666666,96.94892361111111,0.009999999999999997,0.009999999999999997,0.009999999999999997,0.009999999999999997,0.009999999999999997,0.009999999999999997,0.009999999999999997,0.91,0.009999999999999997,0.009999999999999997
847,sheep_000847.jpeg,data/demo/images/sheep_000847.jpeg,sheep,sheep,0.935,rare_class_candidate,rare_class;class_deficit,add_to_next_train,0.33033333333333337,0.33033333333333337,0.38332868908085305,0.0,0.0,1.0,,1309.1860541422525,99.98510416666667,68.62070812567956,300,192,0.0,,,,0.9016666666666666,96.94892361111111,0.007222222222222217,0.007222222222222217,0.007222222222222217,0.007222222222222217,0.007222222222222217,0.007222222222222217,0.007222222222222217,0.935,0.007222222222222217,0.007222222222222217
848,sheep_000848.jpeg,data/demo/images/sheep_000848.jpeg,sheep,sheep,0.929,rare_class_candidate,rare_class;class_deficit,add_to_next_train,0.33033333333333337,0.33033333333333337,0.41222092434501956,0.0,0.0,1.0,,3557.4930480952535,125.56823703703704,43.882324240448035,300,225,0.0,,,,0.9016666666666666,96.94892361111111,0.007888888888888883,0.007888888888888883,0.007888888888888883,0.007888888888888883,0.007888888888888883,0.007888888888888883,0.007888888888888883,0.929,0.007888888888888883,0.007888888888888883
849,sheep_000849.jpg,data/demo/images/sheep_000849.jpg,sheep,sheep,0.931,rare_class_candidate,rare_class;class_deficit,add_to_next_train,0.33033333333333337,0.33033333333333337,0.40265302885617626,0.0,0.0,1.0,,2477.4064113267737,137.01497794117648,50.80724021253486,640,425,0.0,,,,0.9016666666666666,96.94892361111111,0.007666666666666661,0.007666666666666661,0.007666666666666661,0.007666666666666661,0.007666666666666661,0.007666666666666661,0.007666666666666661,0.931,0.007666666666666661,0.007666666666666661
850,sheep_000850.jpg,data/demo/images/sheep_000850.jpg,sheep,sheep,0.963,rare_class_candidate,rare_class;class_deficit,add_to_next_train,0.33033333333333337,0.33033333333333337,0.2395871800141473,0.0,0.0,1.0,,2136.012515529545,100.22044821009389,39.48116748314279,640,426,0.0,,,,0.9016666666666666,96.94892361111111,0.004111111111111115,0.004111111111111115,0.004111111111111115,0.004111111111111115,0.004111111111111115,0.004111111111111115,0.004111111111111115,0.963,0.004111111111111115,0.004111111111111115
852,sheep_000852.jpg,data/demo/images/sheep_000852.jpg,sheep,sheep,0.856,hard_example,high_entropy;rare_class;class_deficit,send_to_review,0.33033333333333337,0.33033333333333337,0.7285590510022777,0.0,0.0,1.0,,1672.7310950605015,71.49893617021277,38.29229631809008,640,376,0.0,,,,0.9016666666666666,96.94892361111111,0.016,0.016,0.016,0.016,0.016,0.016,0.016,0.856,0.016,0.016
888,sheep_000888.jpg,data/demo/images/sheep_000888.jpg,sheep,sheep,0.894,rare_class_candidate,rare_class;class_deficit,add_to_next_train,0.33033333333333337,0.33033333333333337,0.5709755671987758,0.0,0.0,1.0,,1496.1425346490244,172.34271933685446,39.70685790183093,640,426,0.0,,,,0.9016666666666666,96.94892361111111,0.011777777777777776,0.011777777777777776,0.011777777777777776,0.011777777777777776,0.011777777777777776,0.011777777777777776,0.011777777777777776,0.894,0.011777777777777776,0.011777777777777776
853,sheep_000853.jpeg,data/demo/images/sheep_000853.jpeg,sheep,sheep,0.826,hard_example,high_entropy;rare_class;class_deficit,send_to_review,0.33033333333333337,0.33033333333333337,0.8444894404469838,0.0,0.0,1.0,,1176.9963830163358,90.57889455782313,42.34151884174228,300,196,0.0,,,,0.9016666666666666,96.94892361111111,0.019333333333333338,0.019333333333333338,0.019333333333333338,0.019333333333333338,0.019333333333333338,0.019333333333333338,0.019333333333333338,0.826,0.019333333333333338,0.019333333333333338
944,sheep_000944.jpeg,data/demo/images/sheep_000944.jpeg,sheep,sheep,0.939,rare_class_candidate,rare_class;class_deficit,add_to_next_train,0.33033333333333337,0.33033333333333337,0.36374092750851644,0.0,0.0,1.0,,210.50173320691357,95.56586666666666,42.293425836524875,300,225,0.0,,,,0.9016666666666666,96.94892361111111,0.006777777777777784,0.006777777777777784,0.006777777777777784,0.006777777777777784,0.006777777777777784,0.006777777777777784,0.006777777777777784,0.939,0.006777777777777784,0.006777777777777784
855,sheep_000855.jpg,data/demo/images/sheep_000855.jpg,sheep,sheep,0.974,rare_class_candidate,rare_class;class_deficit,add_to_next_train,0.33033333333333337,0.33033333333333337,0.17767798825649272,0.0,0.0,1.0,,1624.7979161444348,136.97970052083335,42.56086394816815,640,480,0.0,,,,0.9016666666666666,96.94892361111111,0.0028888888888888914,0.0028888888888888914,0.0028888888888888914,0.0028888888888888914,0.0028888888888888914,0.0028888888888888914,0.0028888888888888914,0.974,0.0028888888888888914,0.0028888888888888914
857,sheep_000857.jpeg,data/demo/images/sheep_000857.jpeg,sheep,sheep,0.836,hard_example,high_entropy;rare_class;class_deficit,send_to_review,0.33033333333333337,0.33033333333333337,0.8065884849632984,0.0,0.0,1.0,,1307.295997031114,108.28763033175356,70.85611905026217,300,211,0.0,,,,0.9016666666666666,96.94892361111111,0.018222222222222226,0.018222222222222226,0.018222222222222226,0.018222222222222226,0.018222222222222226,0.018222222222222226,0.018222222222222226,0.836,0.018222222222222226,0.018222222222222226
945,sheep_000945.jpeg,data/demo/images/sheep_000945.jpeg,sheep,sheep,0.824,hard_example,high_entropy;rare_class;class_deficit,send_to_review,0.33033333333333337,0.33033333333333337,0.8519850948211928,0.0,0.0,1.0,,2114.2422648902234,126.09299847792998,45.20385481119364,300,219,0.0,,,,0.9016666666666666,96.94892361111111,0.019555555555555562,0.019555555555555562,0.019555555555555562,0.019555555555555562,0.019555555555555562,0.019555555555555562,0.019555555555555562,0.824,0.019555555555555562,0.019555555555555562
938,sheep_000938.jpeg,data/demo/images/sheep_000938.jpeg,sheep,sheep,0.85,hard_example,high_entropy;rare_class;class_deficit,send_to_review,0.33033333333333337,0.33033333333333337,0.7522927644064243,0.0,0.0,1.0,,1597.031413918025,128.42585185185186,64.94652317424311,300,225,0.0,,,,0.9016666666666666,96.94892361111111,0.01666666666666667,0.01666666666666667,0.01666666666666667,0.01666666666666667,0.01666666666666667,0.01666666666666667,0.01666666666666667,0.85,0.01666666666666667,0.01666666666666667
874,sheep_000874.jpg,data/demo/images/sheep_000874.jpg,sheep,sheep,0.872,hard_example,high_entropy;rare_class;class_deficit,send_to_review,0.33033333333333337,0.33033333333333337,0.6638117634508321,0.0,0.0,1.0,,3803.3583723061447,134.75915798611112,47.433241449746,360,640,0.0,,,,0.9016666666666666,96.94892361111111,0.014222222222222223,0.014222222222222223,0.014222222222222223,0.014222222222222223,0.014222222222222223,0.014222222222222223,0.014222222222222223,0.872,0.014222222222222223,0.014222222222222223
918,sheep_000918.jpg,data/demo/images/sheep_000918.jpg,sheep,sheep,0.861,hard_example,high_entropy;rare_class;class_deficit,send_to_review,0.33033333333333337,0.33033333333333337,0.7085582402144297,0.0,0.0,1.0,,1160.3865719256632,115.79694818501171,44.9969126516539,640,427,0.0,,,,0.9016666666666666,96.94892361111111,0.015444444444444446,0.015444444444444446,0.015444444444444446,0.015444444444444446,0.015444444444444446,0.015444444444444446,0.015444444444444446,0.861,0.015444444444444446,0.015444444444444446
916,sheep_000916.jpeg,data/demo/images/sheep_000916.jpeg,sheep,sheep,0.865,hard_example,high_entropy;rare_class;class_deficit,send_to_review,0.33033333333333337,0.33033333333333337,0.6924074683372634,0.0,0.0,1.0,,10512.593604999507,134.7051111111111,64.95397792245382,300,225,0.0,,,,0.9016666666666666,96.94892361111111,0.015000000000000001,0.015000000000000001,0.015000000000000001,0.015000000000000001,0.015000000000000001,0.015000000000000001,0.015000000000000001,0.865,0.015000000000000001,0.015000000000000001
915,sheep_000915.jpeg,data/demo/images/sheep_000915.jpeg,sheep,sheep,0.91,rare_class_candidate,rare_class;class_deficit,add_to_next_train,0.33033333333333337,0.33033333333333337,0.5002880250577583,0.0,0.0,1.0,,3234.1255857141005,124.03274829931972,52.61276482743505,300,245,0.0,,,,0.9016666666666666,96.94892361111111,0.009999999999999997,0.009999999999999997,0.009999999999999997,0.009999999999999997,0.009999999999999997,0.009999999999999997,0.009999999999999997,0.91,0.009999999999999997,0.009999999999999997
914,sheep_000914.jpeg,data/demo/images/sheep_000914.jpeg,sheep,sheep,0.957,rare_class_candidate,rare_class;class_deficit,add_to_next_train,0.33033333333333337,0.33033333333333337,0.27184447521229527,0.0,0.0,1.0,,821.9447037233333,132.8292,53.550611207467405,300,200,0.0,,,,0.9016666666666666,96.94892361111111,0.004777777777777782,0.004777777777777782,0.004777777777777782,0.004777777777777782,0.004777777777777782,0.004777777777777782,0.004777777777777782,0.957,0.004777777777777782,0.004777777777777782
912,sheep_000912.jpeg,data/demo/images/sheep_000912.jpeg,sheep,sheep,0.876,rare_class_candidate,rare_class;class_deficit,add_to_next_train,0.33033333333333337,0.33033333333333337,0.6472755067765251,0.0,0.0,1.0,,5113.830042192733,127.50745562130177,49.19693592665607,300,169,0.0,,,,0.9016666666666666,96.94892361111111,0.013777777777777778,0.013777777777777778,0.013777777777777778,0.013777777777777778,0.013777777777777778,0.013777777777777778,0.013777777777777778,0.876,0.013777777777777778,0.013777777777777778
911,sheep_000911.jpg,data/demo/images/sheep_000911.jpg,sheep,sheep,0.931,rare_class_candidate,rare_class;class_deficit,add_to_next_train,0.33033333333333337,0.33033333333333337,0.40265302885617626,0.0,0.0,1.0,,1336.5294797951394,112.10105633802817,26.658128793115754,640,426,0.0,,,,0.9016666666666666,96.94892361111111,0.007666666666666661,0.007666666666666661,0.007666666666666661,0.007666666666666661,0.007666666666666661,0.007666666666666661,0.007666666666666661,0.931,0.007666666666666661,0.007666666666666661
910,sheep_000910.jpg,data/demo/images/sheep_000910.jpg,sheep,sheep,0.877,rare_class_candidate,rare_class;class_deficit,add_to_next_train,0.33033333333333337,0.33033333333333337,0.6431185839732804,0.0,0.0,1.0,,1208.9939648321265,76.91672535211268,28.25560009647455,640,426,0.0,,,,0.9016666666666666,96.94892361111111,0.013666666666666667,0.013666666666666667,0.013666666666666667,0.013666666666666667,0.013666666666666667,0.013666666666666667,0.013666666666666667,0.877,0.013666666666666667,0.013666666666666667
909,sheep_000909.jpeg,data/demo/images/sheep_000909.jpeg,sheep,sheep,0.891,rare_class_candidate,rare_class;class_deficit,add_to_next_train,0.33033333333333337,0.33033333333333337,0.5839169438723175,0.0,0.0,1.0,,1826.8464419641664,134.79436666666666,37.47461516278571,300,200,0.0,,,,0.9016666666666666,96.94892361111111,0.012111111111111109,0.012111111111111109,0.012111111111111109,0.012111111111111109,0.012111111111111109,0.012111111111111109,0.012111111111111109,0.891,0.012111111111111109,0.012111111111111109
906,sheep_000906.jpg,data/demo/images/sheep_000906.jpg,sheep,sheep,0.861,hard_example,high_entropy;rare_class;class_deficit,send_to_review,0.33033333333333337,0.33033333333333337,0.7085582402144297,0.0,0.0,1.0,,3546.0865337918053,107.44001127254509,53.930585416687684,640,499,0.0,,,,0.9016666666666666,96.94892361111111,0.015444444444444446,0.015444444444444446,0.015444444444444446,0.015444444444444446,0.015444444444444446,0.015444444444444446,0.015444444444444446,0.861,0.015444444444444446,0.015444444444444446
884,sheep_000884.jpeg,data/demo/images/sheep_000884.jpeg,sheep,sheep,0.896,rare_class_candidate,rare_class;class_deficit,add_to_next_train,0.33033333333333337,0.33033333333333337,0.5622953614888637,0.0,0.0,1.0,,9926.464532100741,97.2607111111111,62.679258310139055,300,225,0.0,,,,0.9016666666666666,96.94892361111111,0.011555555555555553,0.011555555555555553,0.011555555555555553,0.011555555555555553,0.011555555555555553,0.011555555555555553,0.011555555555555553,0.896,0.011555555555555553,0.011555555555555553
904,sheep_000904.jpeg,data/demo/images/sheep_000904.jpeg,sheep,sheep,0.892,rare_class_candidate,rare_class;class_deficit,add_to_next_train,0.33033333333333337,0.33033333333333337,0.5796135605436651,0.0,0.0,1.0,,3650.662434180741,137.89825185185185,41.6570540367181,300,225,0.0,,,,0.9016666666666666,96.94892361111111,0.011999999999999999,0.011999999999999999,0.011999999999999999,0.011999999999999999,0.011999999999999999,0.011999999999999999,0.011999999999999999,0.892,0.011999999999999999,0.011999999999999999
901,sheep_000901.jpeg,data/demo/images/sheep_000901.jpeg,sheep,sheep,0.821,hard_example,high_entropy;rare_class;class_deficit,send_to_review,0.33033333333333337,0.33033333333333337,0.863176936219382,0.0,0.0,1.0,,1714.487359589834,136.78529021558873,37.534288834992076,300,201,0.0,,,,0.9016666666666666,96.94892361111111,0.019888888888888893,0.019888888888888893,0.019888888888888893,0.019888888888888893,0.019888888888888893,0.019888888888888893,0.019888888888888893,0.821,0.019888888888888893,0.019888888888888893
900,sheep_000900.jpg,data/demo/images/sheep_000900.jpg,sheep,sheep,0.979,rare_class_candidate,rare_class;class_deficit,add_to_next_train,0.33033333333333337,0.33033333333333337,0.1480475358766382,0.0,0.0,1.0,,3163.4147983349135,134.08666690503432,54.579839983646686,640,437,0.0,,,,0.9016666666666666,96.94892361111111,0.0023333333333333353,0.0023333333333333353,0.0023333333333333353,0.0023333333333333353,0.0023333333333333353,0.0023333333333333353,0.0023333333333333353,0.979,0.0023333333333333353,0.0023333333333333353
899,sheep_000899.jpeg,data/demo/images/sheep_000899.jpeg,sheep,sheep,0.824,hard_example,high_entropy;rare_class;class_deficit,send_to_review,0.33033333333333337,0.33033333333333337,0.8519850948211928,0.0,0.0,1.0,,2208.355852797356,121.37449799196787,50.93665941150516,300,249,0.0,,,,0.9016666666666666,96.94892361111111,0.019555555555555562,0.019555555555555562,0.019555555555555562,0.019555555555555562,0.019555555555555562,0.019555555555555562,0.019555555555555562,0.824,0.019555555555555562,0.019555555555555562
898,sheep_000898.jpeg,data/demo/images/sheep_000898.jpeg,sheep,sheep,0.827,hard_example,high_entropy;rare_class;class_deficit,send_to_review,0.33033333333333337,0.33033333333333337,0.8407311922285949,0.0,0.0,1.0,,5982.157990939039,120.08474074074074,59.51711578074588,300,225,0.0,,,,0.9016666666666666,96.94892361111111,0.019222222222222227,0.019222222222222227,0.019222222222222227,0.019222222222222227,0.019222222222222227,0.019222222222222227,0.019222222222222227,0.827,0.019222222222222227,0.019222222222222227
886,sheep_000886.jpeg,data/demo/images/sheep_000886.jpeg,sheep,sheep,0.472,hard_example,high_entropy;rare_class;class_deficit,send_to_review,0.33033333333333337,0.33033333333333337,1.8517129268223727,0.0,0.0,1.0,,3606.7771385758024,102.33841481481481,67.65790382126237,300,225,0.0,,,,0.9016666666666666,96.94892361111111,0.05866666666666667,0.05866666666666667,0.05866666666666667,0.05866666666666667,0.05866666666666667,0.05866666666666667,0.05866666666666667,0.472,0.05866666666666667,0.05866666666666667
897,sheep_000897.jpeg,data/demo/images/sheep_000897.jpeg,sheep,sheep,0.973,rare_class_candidate,rare_class;class_deficit,add_to_next_train,0.33033333333333337,0.33033333333333337,0.18347902522111684,0.0,0.0,1.0,,5795.184586159159,94.38793969849246,64.79796346301701,300,199,0.0,,,,0.9016666666666666,96.94892361111111,0.0030000000000000027,0.0030000000000000027,0.0030000000000000027,0.0030000000000000027,0.0030000000000000027,0.0030000000000000027,0.0030000000000000027,0.973,0.0030000000000000027,0.0030000000000000027
896,sheep_000896.jpeg,data/demo/images/sheep_000896.jpeg,sheep,sheep,0.921,rare_class_candidate,rare_class;class_deficit,add_to_next_train,0.33033333333333337,0.33033333333333337,0.44990093685566646,0.0,0.0,1.0,,3390.372574237805,95.67791111111111,49.56603742639774,300,225,0.0,,,,0.9016666666666666,96.94892361111111,0.008777777777777773,0.008777777777777773,0.008777777777777773,0.008777777777777773,0.008777777777777773,0.008777777777777773,0.008777777777777773,0.921,0.008777777777777773,0.008777777777777773
895,sheep_000895.jpg,data/demo/images/sheep_000895.jpg,sheep,sheep,0.964,rare_class_candidate,rare_class;class_deficit,add_to_next_train,0.33033333333333337,0.33033333333333337,0.23411666397725633,0.0,0.0,1.0,,1342.323190911975,107.84850079957356,40.13617091729999,640,469,0.0,,,,0.9016666666666666,96.94892361111111,0.0040000000000000036,0.0040000000000000036,0.0040000000000000036,0.0040000000000000036,0.0040000000000000036,0.0040000000000000036,0.0040000000000000036,0.964,0.0040000000000000036,0.0040000000000000036
894,sheep_000894.jpeg,data/demo/images/sheep_000894.jpeg,sheep,sheep,0.858,hard_example,high_entropy;rare_class;class_deficit,send_to_review,0.33033333333333337,0.33033333333333337,0.72058339942383,0.0,0.0,1.0,,5335.563963719287,111.77398518518518,45.02149937743492,300,225,0.0,,,,0.9016666666666666,96.94892361111111,0.01577777777777778,0.01577777777777778,0.01577777777777778,0.01577777777777778,0.01577777777777778,0.01577777777777778,0.01577777777777778,0.858,0.01577777777777778,0.01577777777777778
893,sheep_000893.jpg,data/demo/images/sheep_000893.jpg,sheep,sheep,0.974,rare_class_candidate,rare_class;class_deficit,add_to_next_train,0.33033333333333337,0.33033333333333337,0.17767798825649272,0.0,0.0,1.0,,10753.502212700803,125.55472972972973,49.935089314623106,640,370,0.0,,,,0.9016666666666666,96.94892361111111,0.0028888888888888914,0.0028888888888888914,0.0028888888888888914,0.0028888888888888914,0.0028888888888888914,0.0028888888888888914,0.0028888888888888914,0.974,0.0028888888888888914,0.0028888888888888914
892,sheep_000892.jpeg,data/demo/images/sheep_000892.jpeg,sheep,sheep,0.942,rare_class_candidate,rare_class;class_deficit,add_to_next_train,0.33033333333333337,0.33033333333333337,0.3488676312050124,0.0,0.0,1.0,,2865.75085854613,128.32747927031508,31.36356757331964,300,201,0.0,,,,0.9016666666666666,96.94892361111111,0.0064444444444444506,0.0064444444444444506,0.0064444444444444506,0.0064444444444444506,0.0064444444444444506,0.0064444444444444506,0.0064444444444444506,0.942,0.0064444444444444506,0.0064444444444444506
891,sheep_000891.jpeg,data/demo/images/sheep_000891.jpeg,sheep,sheep,0.943,rare_class_candidate,rare_class;class_deficit,add_to_next_train,0.33033333333333337,0.33033333333333337,0.3438736431003827,0.0,0.0,1.0,,3907.8023848888893,129.36358333333334,52.078791177340655,300,200,0.0,,,,0.9016666666666666,96.94892361111111,0.006333333333333339,0.006333333333333339,0.006333333333333339,0.006333333333333339,0.006333333333333339,0.006333333333333339,0.006333333333333339,0.943,0.006333333333333339,0.006333333333333339
890,sheep_000890.jpeg,data/demo/images/sheep_000890.jpeg,sheep,sheep,0.963,rare_class_candidate,rare_class;class_deficit,add_to_next_train,0.33033333333333337,0.33033333333333337,0.2395871800141473,0.0,0.0,1.0,,914.3426014308334,131.33763333333334,41.8652250728321,300,200,0.0,,,,0.9016666666666666,96.94892361111111,0.004111111111111115,0.004111111111111115,0.004111111111111115,0.004111111111111115,0.004111111111111115,0.004111111111111115,0.004111111111111115,0.963,0.004111111111111115,0.004111111111111115
917,sheep_000917.jpeg,data/demo/images/sheep_000917.jpeg,sheep,sheep,0.941,rare_class_candidate,rare_class;class_deficit,add_to_next_train,0.33033333333333337,0.33033333333333337,0.3538433155046953,0.0,0.0,1.0,,164.97953084000002,109.65808,39.58800252661067,250,300,0.0,,,,0.9016666666666666,96.94892361111111,0.006555555555555561,0.006555555555555561,0.006555555555555561,0.006555555555555561,0.006555555555555561,0.006555555555555561,0.006555555555555561,0.941,0.006555555555555561,0.006555555555555561
919,sheep_000919.jpeg,data/demo/images/sheep_000919.jpeg,sheep,sheep,0.839,hard_example,high_entropy;rare_class;class_deficit,send_to_review,0.33033333333333337,0.33033333333333337,0.7950775404447841,0.0,0.0,1.0,,655.4207506327,126.24955197132617,40.17700709909646,300,186,0.0,,,,0.9016666666666666,96.94892361111111,0.01788888888888889,0.01788888888888889,0.01788888888888889,0.01788888888888889,0.01788888888888889,0.01788888888888889,0.01788888888888889,0.839,0.01788888888888889,0.01788888888888889
942,sheep_000942.jpeg,data/demo/images/sheep_000942.jpeg,sheep,sheep,0.849,hard_example,high_entropy;rare_class;class_deficit,send_to_review,0.33033333333333337,0.33033333333333337,0.7562206756225192,0.0,0.0,1.0,,4798.57037142083,108.25344884488449,56.84169585300392,300,202,0.0,,,,0.9016666666666666,96.94892361111111,0.01677777777777778,0.01677777777777778,0.01677777777777778,0.01677777777777778,0.01677777777777778,0.01677777777777778,0.01677777777777778,0.849,0.01677777777777778,0.01677777777777778
883,sheep_000883.jpeg,data/demo/images/sheep_000883.jpeg,sheep,sheep,0.871,hard_example,high_entropy;rare_class;class_deficit,send_to_review,0.33033333333333337,0.33033333333333337,0.6679232774573239,0.0,0.0,1.0,,1945.9624924047187,110.63345185185185,57.39317534157195,300,225,0.0,,,,0.9016666666666666,96.94892361111111,0.014333333333333333,0.014333333333333333,0.014333333333333333,0.014333333333333333,0.014333333333333333,0.014333333333333333,0.014333333333333333,0.871,0.014333333333333333,0.014333333333333333
941,sheep_000941.jpeg,data/demo/images/sheep_000941.jpeg,sheep,sheep,0.842,hard_example,high_entropy;rare_class;class_deficit,send_to_review,0.33033333333333337,0.33033333333333337,0.7834999649909603,0.0,0.0,1.0,,2498.3939366129066,114.82945981554677,62.380752805052495,300,253,0.0,,,,0.9016666666666666,96.94892361111111,0.01755555555555556,0.01755555555555556,0.01755555555555556,0.01755555555555556,0.01755555555555556,0.01755555555555556,0.01755555555555556,0.842,0.01755555555555556,0.01755555555555556
876,sheep_000876.jpeg,data/demo/images/sheep_000876.jpeg,sheep,sheep,0.884,rare_class_candidate,rare_class;class_deficit,add_to_next_train,0.33033333333333337,0.33033333333333337,0.6137568144131238,0.0,0.0,1.0,,339.606084766812,133.98262931034483,31.649633652352225,300,232,0.0,,,,0.9016666666666666,96.94892361111111,0.012888888888888887,0.012888888888888887,0.012888888888888887,0.012888888888888887,0.012888888888888887,0.012888888888888887,0.012888888888888887,0.884,0.012888888888888887,0.012888888888888887
939,sheep_000939.jpeg,data/demo/images/sheep_000939.jpeg,sheep,sheep,0.832,hard_example,high_entropy;rare_class;class_deficit,send_to_review,0.33033333333333337,0.33033333333333337,0.8218344586716293,0.0,0.0,1.0,,2937.739565090423,159.5313223140496,62.72351204943983,242,300,0.0,,,,0.9016666666666666,96.94892361111111,0.01866666666666667,0.01866666666666667,0.01866666666666667,0.01866666666666667,0.01866666666666667,0.01866666666666667,0.01866666666666667,0.832,0.01866666666666667,0.01866666666666667
843,sheep_000843.jpeg,data/demo/images/sheep_000843.jpeg,sheep,sheep,0.826,hard_example,high_entropy;rare_class;class_deficit,send_to_review,0.33033333333333337,0.33033333333333337,0.8444894404469838,0.0,0.0,1.0,,457.5186159342099,105.97602870813397,58.551572568612954,300,209,0.0,,,,0.9016666666666666,96.94892361111111,0.019333333333333338,0.019333333333333338,0.019333333333333338,0.019333333333333338,0.019333333333333338,0.019333333333333338,0.019333333333333338,0.826,0.019333333333333338,0.019333333333333338
937,sheep_000937.jpeg,data/demo/images/sheep_000937.jpeg,sheep,sheep,0.971,rare_class_candidate,rare_class;class_deficit,add_to_next_train,0.33033333333333337,0.33033333333333337,0.19496820194440478,0.0,0.0,1.0,,1163.0293724409328,119.53419259259259,37.872369305240696,300,225,0.0,,,,0.9016666666666666,96.94892361111111,0.0032222222222222253,0.0032222222222222253,0.0032222222222222253,0.0032222222222222253,0.0032222222222222253,0.0032222222222222253,0.0032222222222222253,0.971,0.0032222222222222253,0.0032222222222222253
877,sheep_000877.jpeg,data/demo/images/sheep_000877.jpeg,sheep,sheep,0.87,hard_example,high_entropy;rare_class;class_deficit,send_to_review,0.33033333333333337,0.33033333333333337,0.6720258913423126,0.0,0.0,1.0,,4478.992312720374,132.68054964539007,48.34873858119698,300,188,0.0,,,,0.9016666666666666,96.94892361111111,0.014444444444444446,0.014444444444444446,0.014444444444444446,0.014444444444444446,0.014444444444444446,0.014444444444444446,0.014444444444444446,0.87,0.014444444444444446,0.014444444444444446
879,sheep_000879.jpeg,data/demo/images/sheep_000879.jpeg,sheep,sheep,0.926,rare_class_candidate,rare_class;class_deficit,add_to_next_train,0.33033333333333337,0.33033333333333337,0.426459529525547,0.0,0.0,1.0,,867.5969165609877,139.0638111111111,58.83567422470343,300,300,0.0,,,,0.9016666666666666,96.94892361111111,0.008222222222222218,0.008222222222222218,0.008222222222222218,0.008222222222222218,0.008222222222222218,0.008222222222222218,0.008222222222222218,0.926,0.008222222222222218,0.008222222222222218
936,sheep_000936.jpeg,data/demo/images/sheep_000936.jpeg,sheep,sheep,0.889,rare_class_candidate,rare_class;class_deficit,add_to_next_train,0.33033333333333337,0.33033333333333337,0.5924929023489276,0.0,0.0,1.0,,1236.1922447361803,78.2975354609929,46.11738031345333,300,188,0.0,,,,0.9016666666666666,96.94892361111111,0.012333333333333332,0.012333333333333332,0.012333333333333332,0.012333333333333332,0.012333333333333332,0.012333333333333332,0.012333333333333332,0.889,0.012333333333333332,0.012333333333333332
935,sheep_000935.jpg,data/demo/images/sheep_000935.jpg,sheep,sheep,0.92,rare_class_candidate,rare_class;class_deficit,add_to_next_train,0.33033333333333337,0.33033333333333337,0.45454732795548536,0.0,0.0,1.0,,1727.7561234377126,104.54808257180157,40.335186544448106,640,383,0.0,,,,0.9016666666666666,96.94892361111111,0.008888888888888884,0.008888888888888884,0.008888888888888884,0.008888888888888884,0.008888888888888884,0.008888888888888884,0.008888888888888884,0.92,0.008888888888888884,0.008888888888888884
934,sheep_000934.jpg,data/demo/images/sheep_000934.jpg,sheep,sheep,0.877,rare_class_candidate,rare_class;class_deficit,add_to_next_train,0.33033333333333337,0.33033333333333337,0.6431185839732804,0.0,0.0,1.0,,868.5759201217269,108.25039167789757,40.43070438091266,640,371,0.0,,,,0.9016666666666666,96.94892361111111,0.013666666666666667,0.013666666666666667,0.013666666666666667,0.013666666666666667,0.013666666666666667,0.013666666666666667,0.013666666666666667,0.877,0.013666666666666667,0.013666666666666667
933,sheep_000933.jpg,data/demo/images/sheep_000933.jpg,sheep,sheep,0.853,hard_example,high_entropy;rare_class;class_deficit,send_to_review,0.33033333333333337,0.33033333333333337,0.7404617975836851,0.0,0.0,1.0,,7496.698682603379,97.63247505868544,39.772527409855996,640,426,0.0,,,,0.9016666666666666,96.94892361111111,0.016333333333333335,0.016333333333333335,0.016333333333333335,0.016333333333333335,0.016333333333333335,0.016333333333333335,0.016333333333333335,0.853,0.016333333333333335,0.016333333333333335
932,sheep_000932.jpeg,data/demo/images/sheep_000932.jpeg,sheep,sheep,0.938,rare_class_candidate,rare_class;class_deficit,add_to_next_train,0.33033333333333337,0.33033333333333337,0.3686634087363492,0.0,0.0,1.0,,4167.054977103133,143.588322147651,49.62523585485651,300,149,0.0,,,,0.9016666666666666,96.94892361111111,0.006888888888888895,0.006888888888888895,0.006888888888888895,0.006888888888888895,0.006888888888888895,0.006888888888888895,0.006888888888888895,0.938,0.006888888888888895,0.006888888888888895
880,sheep_000880.jpeg,data/demo/images/sheep_000880.jpeg,sheep,sheep,0.863,hard_example,high_entropy;rare_class;class_deficit,send_to_review,0.33033333333333337,0.33033333333333337,0.7004997708337481,0.0,0.0,1.0,,9985.921831747599,87.1155111111111,69.75149416797242,300,225,0.0,,,,0.9016666666666666,96.94892361111111,0.015222222222222224,0.015222222222222224,0.015222222222222224,0.015222222222222224,0.015222222222222224,0.015222222222222224,0.015222222222222224,0.863,0.015222222222222224,0.015222222222222224
881,sheep_000881.jpeg,data/demo/images/sheep_000881.jpeg,sheep,sheep,0.875,hard_example,high_entropy;rare_class;class_deficit,send_to_review,0.33033333333333337,0.33033333333333337,0.6514232234234646,0.0,0.0,1.0,,4141.419636449082,109.57258382642998,38.49429064239934,300,169,0.0,,,,0.9016666666666666,96.94892361111111,0.013888888888888888,0.013888888888888888,0.013888888888888888,0.013888888888888888,0.013888888888888888,0.013888888888888888,0.013888888888888888,0.875,0.013888888888888888,0.013888888888888888
929,sheep_000929.jpeg,data/demo/images/sheep_000929.jpeg,sheep,sheep,0.841,hard_example,high_entropy;rare_class;class_deficit,send_to_review,0.33033333333333337,0.33033333333333337,0.7873666225883303,0.0,0.0,1.0,,1192.0150455789765,156.29031073446328,52.14039594373043,300,236,0.0,,,,0.9016666666666666,96.94892361111111,0.01766666666666667,0.01766666666666667,0.01766666666666667,0.01766666666666667,0.01766666666666667,0.01766666666666667,0.01766666666666667,0.841,0.01766666666666667,0.01766666666666667
927,sheep_000927.jpeg,data/demo/images/sheep_000927.jpeg,sheep,sheep,0.868,hard_example,high_entropy;rare_class;class_deficit,send_to_review,0.33033333333333337,0.33033333333333337,0.6802046510839334,0.0,0.0,1.0,,430.1892859529634,141.57915492957747,39.83355719864926,300,142,0.0,,,,0.9016666666666666,96.94892361111111,0.014666666666666668,0.014666666666666668,0.014666666666666668,0.014666666666666668,0.014666666666666668,0.014666666666666668,0.014666666666666668,0.868,0.014666666666666668,0.014666666666666668
926,sheep_000926.jpeg,data/demo/images/sheep_000926.jpeg,sheep,sheep,0.838,hard_example,high_entropy;rare_class;class_deficit,send_to_review,0.33033333333333337,0.33033333333333337,0.7989218759989734,0.0,0.0,1.0,,835.8320305108333,174.1157,58.042180181111966,300,200,0.0,,,,0.9016666666666666,96.94892361111111,0.018000000000000002,0.018000000000000002,0.018000000000000002,0.018000000000000002,0.018000000000000002,0.018000000000000002,0.018000000000000002,0.838,0.018000000000000002,0.018000000000000002
925,sheep_000925.jpeg,data/demo/images/sheep_000925.jpeg,sheep,sheep,0.975,rare_class_candidate,rare_class;class_deficit,add_to_next_train,0.33033333333333337,0.33033333333333337,0.1718374535709383,0.0,0.0,1.0,,1711.21135975674,121.93103448275862,57.38224764377419,300,261,0.0,,,,0.9016666666666666,96.94892361111111,0.00277777777777778,0.00277777777777778,0.00277777777777778,0.00277777777777778,0.00277777777777778,0.00277777777777778,0.00277777777777778,0.975,0.00277777777777778,0.00277777777777778
924,sheep_000924.jpeg,data/demo/images/sheep_000924.jpeg,sheep,sheep,0.97,rare_class_candidate,rare_class;class_deficit,add_to_next_train,0.33033333333333337,0.33033333333333337,0.20065889549985488,0.0,0.0,1.0,,695.4034445233334,174.22005,46.073629058976536,300,200,0.0,,,,0.9016666666666666,96.94892361111111,0.003333333333333336,0.003333333333333336,0.003333333333333336,0.003333333333333336,0.003333333333333336,0.003333333333333336,0.003333333333333336,0.97,0.003333333333333336,0.003333333333333336
922,sheep_000922.jpeg,data/demo/images/sheep_000922.jpeg,sheep,sheep,0.904,rare_class_candidate,rare_class;class_deficit,add_to_next_train,0.33033333333333337,0.33033333333333337,0.5271376602309746,0.0,0.0,1.0,,3097.2582293333335,98.41163888888889,59.686078295646496,300,240,0.0,,,,0.9016666666666666,96.94892361111111,0.010666666666666665,0.010666666666666665,0.010666666666666665,0.010666666666666665,0.010666666666666665,0.010666666666666665,0.010666666666666665,0.904,0.010666666666666665,0.010666666666666665
921,sheep_000921.jpeg,data/demo/images/sheep_000921.jpeg,sheep,sheep,0.856,hard_example,high_entropy;rare_class;class_deficit,send_to_review,0.33033333333333337,0.33033333333333337,0.7285590510022777,0.0,0.0,1.0,,2907.4132615202784,136.0002329749104,53.55062271807966,300,186,0.0,,,,0.9016666666666666,96.94892361111111,0.016,0.016,0.016,0.016,0.016,0.016,0.016,0.856,0.016,0.016
920,sheep_000920.jpeg,data/demo/images/sheep_000920.jpeg,sheep,sheep,0.933,rare_class_candidate,rare_class;class_deficit,add_to_next_train,0.33033333333333337,0.33033333333333337,0.39302285777389756,0.0,0.0,1.0,,2424.2185869950067,111.17035555555556,50.88768840138588,300,225,0.0,,,,0.9016666666666666,96.94892361111111,0.007444444444444438,0.007444444444444438,0.007444444444444438,0.007444444444444438,0.007444444444444438,0.007444444444444438,0.007444444444444438,0.933,0.007444444444444438,0.007444444444444438
882,sheep_000882.jpeg,data/demo/images/sheep_000882.jpeg,sheep,sheep,0.927,rare_class_candidate,rare_class;class_deficit,add_to_next_train,0.33033333333333337,0.33033333333333337,0.4217281686443011,0.0,0.0,1.0,,2243.3252521233335,138.77246666666667,39.019452779977435,300,200,0.0,,,,0.9016666666666666,96.94892361111111,0.008111111111111105,0.008111111111111105,0.008111111111111105,0.008111111111111105,0.008111111111111105,0.008111111111111105,0.008111111111111105,0.927,0.008111111111111105,0.008111111111111105
250,chicken_000250.jpeg,data/demo/images/chicken_000250.jpeg,chicken,chicken,0.975,rare_class_candidate,rare_class;class_deficit,add_to_next_train,0.33033333333333337,0.33033333333333337,0.1718374535709383,0.0,0.0,1.0,,2242.8522045330556,141.62698333333333,57.766303689086094,200,300,0.0,,,,0.9016666666666666,96.94892361111111,0.00277777777777778,0.00277777777777778,0.975,0.00277777777777778,0.00277777777777778,0.00277777777777778,0.00277777777777778,0.00277777777777778,0.00277777777777778,0.00277777777777778
889,sheep_000889.jpeg,data/demo/images/sheep_000889.jpeg,sheep,sheep,0.904,rare_class_candidate,rare_class;class_deficit,add_to_next_train,0.33033333333333337,0.33033333333333337,0.5271376602309746,0.0,0.0,1.0,,1905.6896811189097,104.363949044586,59.35524974867652,300,157,0.0,,,,0.9016666666666666,96.94892361111111,0.010666666666666665,0.010666666666666665,0.010666666666666665,0.010666666666666665,0.010666666666666665,0.010666666666666665,0.010666666666666665,0.904,0.010666666666666665,0.010666666666666665
317,chicken_000317.jpeg,data/demo/images/chicken_000317.jpeg,chicken,chicken,0.838,hard_example,high_entropy;rare_class;class_deficit,send_to_review,0.33033333333333337,0.33033333333333337,0.7989218759989734,0.0,0.0,1.0,,11709.10343442413,133.31729824561404,54.3385080966915,285,300,0.0,,,,0.9016666666666666,96.94892361111111,0.018000000000000002,0.018000000000000002,0.838,0.018000000000000002,0.018000000000000002,0.018000000000000002,0.018000000000000002,0.018000000000000002,0.018000000000000002,0.018000000000000002
299,chicken_000299.jpeg,data/demo/images/chicken_000299.jpeg,chicken,chicken,0.928,rare_class_candidate,rare_class;class_deficit,add_to_next_train,0.33033333333333337,0.33033333333333337,0.41698202995559513,0.0,0.0,1.0,,13272.848072333336,140.92703333333333,48.68767101843021,300,200,0.0,,,,0.9016666666666666,96.94892361111111,0.007999999999999995,0.007999999999999995,0.928,0.007999999999999995,0.007999999999999995,0.007999999999999995,0.007999999999999995,0.007999999999999995,0.007999999999999995,0.007999999999999995
301,chicken_000301.jpeg,data/demo/images/chicken_000301.jpeg,chicken,chicken,0.847,hard_example,high_entropy;rare_class;class_deficit,send_to_review,0.33033333333333337,0.33033333333333337,0.7640531389712464,0.0,0.0,1.0,,4142.362187919722,127.9582,50.32800068311874,300,200,0.0,,,,0.9016666666666666,96.94892361111111,0.017,0.017,0.847,0.017,0.017,0.017,0.017,0.017,0.017,0.017
302,chicken_000302.jpeg,data/demo/images/chicken_000302.jpeg,chicken,chicken,0.915,rare_class_candidate,rare_class;class_deficit,add_to_next_train,0.33033333333333337,0.33033333333333337,0.47757848152693727,0.0,0.0,1.0,,3956.838275687778,119.1917888888889,56.70411591292596,300,300,0.0,,,,0.9016666666666666,96.94892361111111,0.009444444444444441,0.009444444444444441,0.915,0.009444444444444441,0.009444444444444441,0.009444444444444441,0.009444444444444441,0.009444444444444441,0.009444444444444441,0.009444444444444441
303,chicken_000303.jpeg,data/demo/images/chicken_000303.jpeg,chicken,chicken,0.936,rare_class_candidate,rare_class;class_deficit,add_to_next_train,0.33033333333333337,0.33033333333333337,0.37845703861361035,0.0,0.0,1.0,,377.09677103999996,128.86495,51.69020614678858,300,200,0.0,,,,0.9016666666666666,96.94892361111111,0.007111111111111105,0.007111111111111105,0.936,0.007111111111111105,0.007111111111111105,0.007111111111111105,0.007111111111111105,0.007111111111111105,0.007111111111111105,0.007111111111111105
304,chicken_000304.jpeg,data/demo/images/chicken_000304.jpeg,chicken,chicken,0.915,rare_class_candidate,rare_class;class_deficit,add_to_next_train,0.33033333333333337,0.33033333333333337,0.47757848152693727,0.0,0.0,1.0,,10713.566893980711,118.56554166666666,63.52771297159249,300,240,0.0,,,,0.9016666666666666,96.94892361111111,0.009444444444444441,0.009444444444444441,0.915,0.009444444444444441,0.009444444444444441,0.009444444444444441,0.009444444444444441,0.009444444444444441,0.009444444444444441,0.009444444444444441
269,chicken_000269.jpeg,data/demo/images/chicken_000269.jpeg,chicken,chicken,0.878,rare_class_candidate,rare_class;class_deficit,add_to_next_train,0.33033333333333337,0.33033333333333337,0.6389523907480663,0.0,0.0,1.0,,2233.4723294312207,96.02711111111111,66.76056391775974,300,225,0.0,,,,0.9016666666666666,96.94892361111111,0.013555555555555555,0.013555555555555555,0.878,0.013555555555555555,0.013555555555555555,0.013555555555555555,0.013555555555555555,0.013555555555555555,0.013555555555555555,0.013555555555555555
305,chicken_000305.jpeg,data/demo/images/chicken_000305.jpeg,chicken,chicken,0.972,rare_class_candidate,rare_class;class_deficit,add_to_next_train,0.33033333333333337,0.33033333333333337,0.18924198892710029,0.0,0.0,1.0,,297.82473359888894,165.30616666666666,32.166451394357374,300,200,0.0,,,,0.9016666666666666,96.94892361111111,0.003111111111111114,0.003111111111111114,0.972,0.003111111111111114,0.003111111111111114,0.003111111111111114,0.003111111111111114,0.003111111111111114,0.003111111111111114,0.003111111111111114
306,chicken_000306.jpeg,data/demo/images/chicken_000306.jpeg,chicken,chicken,0.893,rare_class_candidate,rare_class;class_deficit,add_to_next_train,0.33033333333333337,0.33033333333333337,0.5752997967469753,0.0,0.0,1.0,,12056.256577507786,92.72203626220363,61.79839654601386,300,239,0.0,,,,0.9016666666666666,96.94892361111111,0.011888888888888886,0.011888888888888886,0.893,0.011888888888888886,0.011888888888888886,0.011888888888888886,0.011888888888888886,0.011888888888888886,0.011888888888888886,0.011888888888888886
307,chicken_000307.jpeg,data/demo/images/chicken_000307.jpeg,chicken,chicken,0.921,rare_class_candidate,rare_class;class_deficit,add_to_next_train,0.33033333333333337,0.33033333333333337,0.44990093685566634,0.0,0.0,1.0,,2341.3527472098767,152.07754074074074,80.17878893348872,300,225,0.0,,,,0.9016666666666666,96.94892361111111,0.008777777777777773,0.008777777777777773,0.921,0.008777777777777773,0.008777777777777773,0.008777777777777773,0.008777777777777773,0.008777777777777773,0.008777777777777773,0.008777777777777773
309,chicken_000309.jpeg,data/demo/images/chicken_000309.jpeg,chicken,chicken,0.929,rare_class_candidate,rare_class;class_deficit,add_to_next_train,0.33033333333333337,0.33033333333333337,0.4122209243450195,0.0,0.0,1.0,,3295.3240657479287,129.42561481481482,53.794084145623735,300,225,0.0,,,,0.9016666666666666,96.94892361111111,0.007888888888888883,0.007888888888888883,0.929,0.007888888888888883,0.007888888888888883,0.007888888888888883,0.007888888888888883,0.007888888888888883,0.007888888888888883,0.007888888888888883
310,chicken_000310.jpeg,data/demo/images/chicken_000310.jpeg,chicken,chicken,0.942,rare_class_candidate,rare_class;class_deficit,add_to_next_train,0.33033333333333337,0.33033333333333337,0.3488676312050125,0.0,0.0,1.0,,1100.3807332886113,84.08662805662806,69.38604779161973,259,300,0.0,,,,0.9016666666666666,96.94892361111111,0.0064444444444444506,0.0064444444444444506,0.942,0.0064444444444444506,0.0064444444444444506,0.0064444444444444506,0.0064444444444444506,0.0064444444444444506,0.0064444444444444506,0.0064444444444444506
268,chicken_000268.jpeg,data/demo/images/chicken_000268.jpeg,chicken,chicken,0.952,rare_class_candidate,rare_class;class_deficit,add_to_next_train,0.33033333333333337,0.33033333333333337,0.2980504870493181,0.0,0.0,1.0,,283.0391969439781,122.98567407407407,49.99765759651363,225,300,0.0,,,,0.9016666666666666,96.94892361111111,0.005333333333333338,0.005333333333333338,0.952,0.005333333333333338,0.005333333333333338,0.005333333333333338,0.005333333333333338,0.005333333333333338,0.005333333333333338,0.005333333333333338
311,chicken_000311.jpeg,data/demo/images/chicken_000311.jpeg,chicken,chicken,0.926,rare_class_candidate,rare_class;class_deficit,add_to_next_train,0.33033333333333337,0.33033333333333337,0.42645952952554694,0.0,0.0,1.0,,722.9134207746517,82.18311881188119,30.534089840999467,300,202,0.0,,,,0.9016666666666666,96.94892361111111,0.008222222222222218,0.008222222222222218,0.926,0.008222222222222218,0.008222222222222218,0.008222222222222218,0.008222222222222218,0.008222222222222218,0.008222222222222218,0.008222222222222218
312,chicken_000312.jpeg,data/demo/images/chicken_000312.jpeg,chicken,chicken,0.95,rare_class_candidate,rare_class;class_deficit,add_to_next_train,0.33033333333333337,0.33033333333333337,0.3083764622126845,0.0,0.0,1.0,,4187.388949918025,95.45952592592593,74.70102983323338,300,225,0.0,,,,0.9016666666666666,96.94892361111111,0.00555555555555556,0.00555555555555556,0.95,0.00555555555555556,0.00555555555555556,0.00555555555555556,0.00555555555555556,0.00555555555555556,0.00555555555555556,0.00555555555555556
314,chicken_000314.jpeg,data/demo/images/chicken_000314.jpeg,chicken,chicken,0.88,rare_class_candidate,rare_class;class_deficit,add_to_next_train,0.33033333333333337,0.33033333333333337,0.6305919305530563,0.0,0.0,1.0,,17037.13672129898,114.82339233038348,68.45824635569345,300,226,0.0,,,,0.9016666666666666,96.94892361111111,0.013333333333333332,0.013333333333333332,0.88,0.013333333333333332,0.013333333333333332,0.013333333333333332,0.013333333333333332,0.013333333333333332,0.013333333333333332,0.013333333333333332
316,chicken_000316.jpeg,data/demo/images/chicken_000316.jpeg,chicken,chicken,0.889,rare_class_candidate,rare_class;class_deficit,add_to_next_train,0.33033333333333337,0.33033333333333337,0.5924929023489276,0.0,0.0,1.0,,4159.216502915995,108.54669629629629,39.19257522528018,300,225,0.0,,,,0.9016666666666666,96.94892361111111,0.012333333333333332,0.012333333333333332,0.889,0.012333333333333332,0.012333333333333332,0.012333333333333332,0.012333333333333332,0.012333333333333332,0.012333333333333332,0.012333333333333332
278,chicken_000278.jpeg,data/demo/images/chicken_000278.jpeg,chicken,chicken,0.977,rare_class_candidate,rare_class;class_deficit,add_to_next_train,0.33033333333333337,0.33033333333333337,0.16003160824870286,0.0,0.0,1.0,,2913.987440416474,112.75952777777778,48.84084761070964,300,240,0.0,,,,0.9016666666666666,96.94892361111111,0.002555555555555558,0.002555555555555558,0.977,0.002555555555555558,0.002555555555555558,0.002555555555555558,0.002555555555555558,0.002555555555555558,0.002555555555555558,0.002555555555555558
318,chicken_000318.jpeg,data/demo/images/chicken_000318.jpeg,chicken,chicken,0.912,rare_class_candidate,rare_class;class_deficit,add_to_next_train,0.33033333333333337,0.33033333333333337,0.49124172116585224,0.0,0.0,1.0,,1577.870164614321,119.28121481481482,56.79755915209152,300,225,0.0,,,,0.9016666666666666,96.94892361111111,0.009777777777777774,0.009777777777777774,0.912,0.009777777777777774,0.009777777777777774,0.009777777777777774,0.009777777777777774,0.009777777777777774,0.009777777777777774,0.009777777777777774
319,chicken_000319.jpeg,data/demo/images/chicken_000319.jpeg,chicken,chicken,0.829,hard_example,high_entropy;rare_class;class_deficit,send_to_review,0.33033333333333337,0.33033333333333337,0.8331936949375167,0.0,0.0,1.0,,5210.492752821728,120.9530962962963,48.78656243389826,300,225,0.0,,,,0.9016666666666666,96.94892361111111,0.019000000000000003,0.019000000000000003,0.829,0.019000000000000003,0.019000000000000003,0.019000000000000003,0.019000000000000003,0.019000000000000003,0.019000000000000003,0.019000000000000003
267,chicken_000267.jpeg,data/demo/images/chicken_000267.jpeg,chicken,chicken,0.835,hard_example,high_entropy;rare_class;class_deficit,send_to_review,0.33033333333333337,0.33033333333333337,0.8104108307985532,0.0,0.0,1.0,,3437.0768608425296,110.80968253968254,41.32906124113905,300,210,0.0,,,,0.9016666666666666,96.94892361111111,0.018333333333333337,0.018333333333333337,0.835,0.018333333333333337,0.018333333333333337,0.018333333333333337,0.018333333333333337,0.018333333333333337,0.018333333333333337,0.018333333333333337
320,chicken_000320.jpeg,data/demo/images/chicken_000320.jpeg,chicken,chicken,0.919,rare_class_candidate,rare_class;class_deficit,add_to_next_train,0.33033333333333337,0.33033333333333337,0.4591801317730272,0.0,0.0,1.0,,12099.346085886202,142.14795555555557,47.32942978706161,300,225,0.0,,,,0.9016666666666666,96.94892361111111,0.008999999999999996,0.008999999999999996,0.919,0.008999999999999996,0.008999999999999996,0.008999999999999996,0.008999999999999996,0.008999999999999996,0.008999999999999996,0.008999999999999996
282,chicken_000282.jpeg,data/demo/images/chicken_000282.jpeg,chicken,chicken,0.945,rare_class_candidate,rare_class;class_deficit,add_to_next_train,0.33033333333333337,0.33033333333333337,0.3338295390662573,0.0,0.0,1.0,,2263.1003220356656,105.39546666666666,37.49871610894511,300,225,0.0,,,,0.9016666666666666,96.94892361111111,0.006111111111111117,0.006111111111111117,0.945,0.006111111111111117,0.006111111111111117,0.006111111111111117,0.006111111111111117,0.006111111111111117,0.006111111111111117,0.006111111111111117
300,chicken_000300.jpeg,data/demo/images/chicken_000300.jpeg,chicken,chicken,0.914,rare_class_candidate,rare_class;class_deficit,add_to_next_train,0.33033333333333337,0.33033333333333337,0.4821455728461575,0.0,0.0,1.0,,2220.194514874207,84.17585798816567,59.82412290592372,300,169,0.0,,,,0.9016666666666666,96.94892361111111,0.009555555555555552,0.009555555555555552,0.914,0.009555555555555552,0.009555555555555552,0.009555555555555552,0.009555555555555552,0.009555555555555552,0.009555555555555552,0.009555555555555552
298,chicken_000298.jpeg,data/demo/images/chicken_000298.jpeg,chicken,chicken,0.899,rare_class_candidate,rare_class;class_deficit,add_to_next_train,0.33033333333333337,0.33033333333333337,0.5491943311021419,0.0,0.0,1.0,,299.80978327711506,122.31453634085213,53.05873101162964,300,266,0.0,,,,0.9016666666666666,96.94892361111111,0.01122222222222222,0.01122222222222222,0.899,0.01122222222222222,0.01122222222222222,0.01122222222222222,0.01122222222222222,0.01122222222222222,0.01122222222222222,0.01122222222222222
321,chicken_000321.jpeg,data/demo/images/chicken_000321.jpeg,chicken,chicken,0.83,hard_example,high_entropy;rare_class;class_deficit,send_to_review,0.33033333333333337,0.33033333333333337,0.829414381174516,0.0,0.0,1.0,,10194.039989416173,125.28157777777778,46.35696283023674,300,300,0.0,,,,0.9016666666666666,96.94892361111111,0.018888888888888893,0.018888888888888893,0.83,0.018888888888888893,0.018888888888888893,0.018888888888888893,0.018888888888888893,0.018888888888888893,0.018888888888888893,0.018888888888888893
297,chicken_000297.jpeg,data/demo/images/chicken_000297.jpeg,chicken,chicken,0.97,rare_class_candidate,rare_class;class_deficit,add_to_next_train,0.33033333333333337,0.33033333333333337,0.20065889549985488,0.0,0.0,1.0,,5015.533862824208,138.4874358974359,62.67413563856116,169,300,0.0,,,,0.9016666666666666,96.94892361111111,0.003333333333333336,0.003333333333333336,0.97,0.003333333333333336,0.003333333333333336,0.003333333333333336,0.003333333333333336,0.003333333333333336,0.003333333333333336,0.003333333333333336
281,chicken_000281.jpeg,data/demo/images/chicken_000281.jpeg,chicken,chicken,0.827,hard_example,high_entropy;rare_class;class_deficit,send_to_review,0.33033333333333337,0.33033333333333337,0.8407311922285948,0.0,0.0,1.0,,4733.892353775803,125.08122962962963,45.30676470101564,300,225,0.0,,,,0.9016666666666666,96.94892361111111,0.019222222222222227,0.019222222222222227,0.827,0.019222222222222227,0.019222222222222227,0.019222222222222227,0.019222222222222227,0.019222222222222227,0.019222222222222227,0.019222222222222227
283,chicken_000283.jpeg,data/demo/images/chicken_000283.jpeg,chicken,chicken,0.927,rare_class_candidate,rare_class;class_deficit,add_to_next_train,0.33033333333333337,0.33033333333333337,0.4217281686443011,0.0,0.0,1.0,,3655.5458953133375,104.38072289156626,65.37614819558492,300,249,0.0,,,,0.9016666666666666,96.94892361111111,0.008111111111111105,0.008111111111111105,0.927,0.008111111111111105,0.008111111111111105,0.008111111111111105,0.008111111111111105,0.008111111111111105,0.008111111111111105,0.008111111111111105
276,chicken_000276.jpeg,data/demo/images/chicken_000276.jpeg,chicken,chicken,0.939,rare_class_candidate,rare_class;class_deficit,add_to_next_train,0.33033333333333337,0.33033333333333337,0.36374092750851644,0.0,0.0,1.0,,5833.159635291961,106.88438518518518,38.697915293067275,300,225,0.0,,,,0.9016666666666666,96.94892361111111,0.006777777777777784,0.006777777777777784,0.939,0.006777777777777784,0.006777777777777784,0.006777777777777784,0.006777777777777784,0.006777777777777784,0.006777777777777784,0.006777777777777784
277,chicken_000277.jpeg,data/demo/images/chicken_000277.jpeg,chicken,chicken,0.843,hard_example,high_entropy;rare_class;class_deficit,send_to_review,0.33033333333333337,0.33033333333333337,0.7796257905886755,0.0,0.0,1.0,,5480.043465319723,117.87473333333334,34.89350811056725,300,200,0.0,,,,0.9016666666666666,96.94892361111111,0.017444444444444446,0.017444444444444446,0.843,0.017444444444444446,0.017444444444444446,0.017444444444444446,0.017444444444444446,0.017444444444444446,0.017444444444444446,0.017444444444444446
279,chicken_000279.jpeg,data/demo/images/chicken_000279.jpeg,chicken,chicken,0.832,hard_example,high_entropy;rare_class;class_deficit,send_to_review,0.33033333333333337,0.33033333333333337,0.8218344586716295,0.0,0.0,1.0,,1462.3797013198223,152.0599885844749,64.09179986586062,292,300,0.0,,,,0.9016666666666666,96.94892361111111,0.01866666666666667,0.01866666666666667,0.832,0.01866666666666667,0.01866666666666667,0.01866666666666667,0.01866666666666667,0.01866666666666667,0.01866666666666667,0.01866666666666667
284,chicken_000284.jpeg,data/demo/images/chicken_000284.jpeg,chicken,chicken,0.971,rare_class_candidate,rare_class;class_deficit,add_to_next_train,0.33033333333333337,0.33033333333333337,0.1949682019444048,0.0,0.0,1.0,,1542.9471899239504,109.30988148148148,55.03085050043083,225,300,0.0,,,,0.9016666666666666,96.94892361111111,0.0032222222222222253,0.0032222222222222253,0.971,0.0032222222222222253,0.0032222222222222253,0.0032222222222222253,0.0032222222222222253,0.0032222222222222253,0.0032222222222222253,0.0032222222222222253
275,chicken_000275.jpeg,data/demo/images/chicken_000275.jpeg,chicken,chicken,0.978,rare_class_candidate,rare_class;class_deficit,add_to_next_train,0.33033333333333337,0.33033333333333337,0.15406281841560157,0.0,0.0,1.0,,1370.8052061387652,103.59641111111111,55.75589469990185,300,300,0.0,,,,0.9016666666666666,96.94892361111111,0.0024444444444444466,0.0024444444444444466,0.978,0.0024444444444444466,0.0024444444444444466,0.0024444444444444466,0.0024444444444444466,0.0024444444444444466,0.0024444444444444466,0.0024444444444444466
285,chicken_000285.jpeg,data/demo/images/chicken_000285.jpeg,chicken,chicken,0.945,rare_class_candidate,rare_class;class_deficit,add_to_next_train,0.33033333333333337,0.33033333333333337,0.3338295390662573,0.0,0.0,1.0,,3928.9664744530555,114.65366666666667,61.70507072536439,300,200,0.0,,,,0.9016666666666666,96.94892361111111,0.006111111111111117,0.006111111111111117,0.945,0.006111111111111117,0.006111111111111117,0.006111111111111117,0.006111111111111117,0.006111111111111117,0.006111111111111117,0.006111111111111117
287,chicken_000287.jpeg,data/demo/images/chicken_000287.jpeg,chicken,chicken,0.847,hard_example,high_entropy;rare_class;class_deficit,send_to_review,0.33033333333333337,0.33033333333333337,0.7640531389712464,0.0,0.0,1.0,,914.6969199778997,115.83756172839506,58.013870757153164,180,180,0.0,,,,0.9016666666666666,96.94892361111111,0.017,0.017,0.847,0.017,0.017,0.017,0.017,0.017,0.017,0.017
274,chicken_000274.jpeg,data/demo/images/chicken_000274.jpeg,chicken,chicken,0.87,hard_example,high_entropy;rare_class;class_deficit,send_to_review,0.33033333333333337,0.33033333333333337,0.6720258913423126,0.0,0.0,1.0,,620.9446235137139,117.20309111880046,59.586290153837815,289,300,0.0,,,,0.9016666666666666,96.94892361111111,0.014444444444444446,0.014444444444444446,0.87,0.014444444444444446,0.014444444444444446,0.014444444444444446,0.014444444444444446,0.014444444444444446,0.014444444444444446,0.014444444444444446
289,chicken_000289.jpeg,data/demo/images/chicken_000289.jpeg,chicken,chicken,0.89,rare_class_candidate,rare_class;class_deficit,add_to_next_train,0.33033333333333337,0.33033333333333337,0.5882100304256507,0.0,0.0,1.0,,2683.8443017402474,123.80503703703704,58.25985572796308,300,225,0.0,,,,0.9016666666666666,96.94892361111111,0.012222222222222221,0.012222222222222221,0.89,0.012222222222222221,0.012222222222222221,0.012222222222222221,0.012222222222222221,0.012222222222222221,0.012222222222222221,0.012222222222222221
290,chicken_000290.jpeg,data/demo/images/chicken_000290.jpeg,chicken,chicken,0.881,rare_class_candidate,rare_class;class_deficit,add_to_next_train,0.33033333333333337,0.33033333333333337,0.6263975295551015,0.0,0.0,1.0,,6993.561472798025,134.49555555555557,55.40247857360504,300,225,0.0,,,,0.9016666666666666,96.94892361111111,0.013222222222222222,0.013222222222222222,0.881,0.013222222222222222,0.013222222222222222,0.013222222222222222,0.013222222222222222,0.013222222222222222,0.013222222222222222,0.013222222222222222
291,chicken_000291.jpeg,data/demo/images/chicken_000291.jpeg,chicken,chicken,0.942,rare_class_candidate,rare_class;class_deficit,add_to_next_train,0.33033333333333337,0.33033333333333337,0.3488676312050125,0.0,0.0,1.0,,2968.493629779147,116.30098619329388,51.39562083715397,300,169,0.0,,,,0.9016666666666666,96.94892361111111,0.0064444444444444506,0.0064444444444444506,0.942,0.0064444444444444506,0.0064444444444444506,0.0064444444444444506,0.0064444444444444506,0.0064444444444444506,0.0064444444444444506,0.0064444444444444506
273,chicken_000273.jpeg,data/demo/images/chicken_000273.jpeg,chicken,chicken,0.839,hard_example,high_entropy;rare_class;class_deficit,send_to_review,0.33033333333333337,0.33033333333333337,0.795077540444784,0.0,0.0,1.0,,4303.7836352869135,140.22303703703705,49.7980429746967,300,225,0.0,,,,0.9016666666666666,96.94892361111111,0.01788888888888889,0.01788888888888889,0.839,0.01788888888888889,0.01788888888888889,0.01788888888888889,0.01788888888888889,0.01788888888888889,0.01788888888888889,0.01788888888888889
272,chicken_000272.jpeg,data/demo/images/chicken_000272.jpeg,chicken,chicken,0.85,hard_example,high_entropy;rare_class;class_deficit,send_to_review,0.33033333333333337,0.33033333333333337,0.7522927644064243,0.0,0.0,1.0,,3168.099948554184,141.82937777777778,52.4559155925228,300,225,0.0,,,,0.9016666666666666,96.94892361111111,0.01666666666666667,0.01666666666666667,0.85,0.01666666666666667,0.01666666666666667,0.01666666666666667,0.01666666666666667,0.01666666666666667,0.01666666666666667,0.01666666666666667
292,chicken_000292.jpeg,data/demo/images/chicken_000292.jpeg,chicken,chicken,0.564,hard_example,high_entropy;rare_class;class_deficit,send_to_review,0.33033333333333337,0.33033333333333337,1.6429225687556452,0.0,0.0,1.0,,3700.5408706291355,142.6002074074074,42.65636771484006,300,225,0.0,,,,0.9016666666666666,96.94892361111111,0.04844444444444445,0.04844444444444445,0.564,0.04844444444444445,0.04844444444444445,0.04844444444444445,0.04844444444444445,0.04844444444444445,0.04844444444444445,0.04844444444444445
293,chicken_000293.jpeg,data/demo/images/chicken_000293.jpeg,chicken,chicken,0.826,hard_example,high_entropy;rare_class;class_deficit,send_to_review,0.33033333333333337,0.33033333333333337,0.8444894404469837,0.0,0.0,1.0,,3080.1292794229894,123.30996055226825,42.3949407986836,300,169,0.0,,,,0.9016666666666666,96.94892361111111,0.019333333333333338,0.019333333333333338,0.826,0.019333333333333338,0.019333333333333338,0.019333333333333338,0.019333333333333338,0.019333333333333338,0.019333333333333338,0.019333333333333338
271,chicken_000271.jpeg,data/demo/images/chicken_000271.jpeg,chicken,chicken,0.846,hard_example,high_entropy;rare_class;class_deficit,send_to_review,0.33033333333333337,0.33033333333333337,0.7679577748933515,0.0,0.0,1.0,,5617.231690250246,113.83435510887772,46.341453008755295,300,199,0.0,,,,0.9016666666666666,96.94892361111111,0.017111111111111115,0.017111111111111115,0.846,0.017111111111111115,0.017111111111111115,0.017111111111111115,0.017111111111111115,0.017111111111111115,0.017111111111111115,0.017111111111111115
294,chicken_000294.jpeg,data/demo/images/chicken_000294.jpeg,chicken,chicken,0.893,rare_class_candidate,rare_class;class_deficit,add_to_next_train,0.33033333333333337,0.33033333333333337,0.5752997967469753,0.0,0.0,1.0,,2876.8775649772842,144.28155555555554,71.15323631136005,300,300,0.0,,,,0.9016666666666666,96.94892361111111,0.011888888888888886,0.011888888888888886,0.893,0.011888888888888886,0.011888888888888886,0.011888888888888886,0.011888888888888886,0.011888888888888886,0.011888888888888886,0.011888888888888886
295,chicken_000295.jpeg,data/demo/images/chicken_000295.jpeg,chicken,chicken,0.856,hard_example,high_entropy;rare_class;class_deficit,send_to_review,0.33033333333333337,0.33033333333333337,0.7285590510022777,0.0,0.0,1.0,,1476.330885360918,92.88280555555555,48.88278854016198,300,240,0.0,,,,0.9016666666666666,96.94892361111111,0.016,0.016,0.856,0.016,0.016,0.016,0.016,0.016,0.016,0.016
296,chicken_000296.jpeg,data/demo/images/chicken_000296.jpeg,chicken,chicken,0.85,hard_example,high_entropy;rare_class;class_deficit,send_to_review,0.33033333333333337,0.33033333333333337,0.7522927644064243,0.0,0.0,1.0,,20189.60257928792,92.3872619047619,51.57916234812834,225,224,0.0,,,,0.9016666666666666,96.94892361111111,0.01666666666666667,0.01666666666666667,0.85,0.01666666666666667,0.01666666666666667,0.01666666666666667,0.01666666666666667,0.01666666666666667,0.01666666666666667,0.01666666666666667
264,chicken_000264.jpeg,data/demo/images/chicken_000264.jpeg,chicken,chicken,0.877,rare_class_candidate,rare_class;class_deficit,add_to_next_train,0.33033333333333337,0.33033333333333337,0.6431185839732804,0.0,0.0,1.0,,3626.640264480194,96.12456497175141,41.16998561095486,300,295,0.0,,,,0.9016666666666666,96.94892361111111,0.013666666666666667,0.013666666666666667,0.877,0.013666666666666667,0.013666666666666667,0.013666666666666667,0.013666666666666667,0.013666666666666667,0.013666666666666667,0.013666666666666667
265,chicken_000265.jpeg,data/demo/images/chicken_000265.jpeg,chicken,chicken,0.966,rare_class_candidate,rare_class;class_deficit,add_to_next_train,0.33033333333333337,0.33033333333333337,0.223088382925328,0.0,0.0,1.0,,3979.0045292664663,93.93205761316872,50.02984465693682,300,243,0.0,,,,0.9016666666666666,96.94892361111111,0.003777777777777781,0.003777777777777781,0.966,0.003777777777777781,0.003777777777777781,0.003777777777777781,0.003777777777777781,0.003777777777777781,0.003777777777777781,0.003777777777777781
263,chicken_000263.jpeg,data/demo/images/chicken_000263.jpeg,chicken,chicken,0.829,hard_example,high_entropy;rare_class;class_deficit,send_to_review,0.33033333333333337,0.33033333333333337,0.8331936949375167,0.0,0.0,1.0,,2799.86446875033,127.50917678812415,73.25860952749936,247,300,0.0,,,,0.9016666666666666,96.94892361111111,0.019000000000000003,0.019000000000000003,0.829,0.019000000000000003,0.019000000000000003,0.019000000000000003,0.019000000000000003,0.019000000000000003,0.019000000000000003,0.019000000000000003
345,chicken_000345.jpeg,data/demo/images/chicken_000345.jpeg,chicken,chicken,0.863,hard_example,high_entropy;rare_class;class_deficit,send_to_review,0.33033333333333337,0.33033333333333337,0.7004997708337481,0.0,0.0,1.0,,296.17297029090463,121.23937853107344,57.616797247308924,236,300,0.0,,,,0.9016666666666666,96.94892361111111,0.015222222222222224,0.015222222222222224,0.863,0.015222222222222224,0.015222222222222224,0.015222222222222224,0.015222222222222224,0.015222222222222224,0.015222222222222224,0.015222222222222224
262,chicken_000262.jpeg,data/demo/images/chicken_000262.jpeg,chicken,chicken,0.88,rare_class_candidate,rare_class;class_deficit,add_to_next_train,0.33033333333333337,0.33033333333333337,0.6305919305530563,0.0,0.0,1.0,,8609.176124781068,154.87478758169934,73.76820673649507,300,204,0.0,,,,0.9016666666666666,96.94892361111111,0.013333333333333332,0.013333333333333332,0.88,0.013333333333333332,0.013333333333333332,0.013333333333333332,0.013333333333333332,0.013333333333333332,0.013333333333333332,0.013333333333333332
348,chicken_000348.jpeg,data/demo/images/chicken_000348.jpeg,chicken,chicken,0.89,rare_class_candidate,rare_class;class_deficit,add_to_next_train,0.33033333333333337,0.33033333333333337,0.5882100304256507,0.0,0.0,1.0,,8290.211211297987,101.99372034956305,45.20656982753981,300,267,0.0,,,,0.9016666666666666,96.94892361111111,0.012222222222222221,0.012222222222222221,0.89,0.012222222222222221,0.012222222222222221,0.012222222222222221,0.012222222222222221,0.012222222222222221,0.012222222222222221,0.012222222222222221
349,chicken_000349.jpeg,data/demo/images/chicken_000349.jpeg,chicken,chicken,0.864,hard_example,high_entropy;rare_class;class_deficit,send_to_review,0.33033333333333337,0.33033333333333337,0.6964578747930559,0.0,0.0,1.0,,3290.1154130971627,104.10363636363637,47.62746652976701,242,300,0.0,,,,0.9016666666666666,96.94892361111111,0.015111111111111112,0.015111111111111112,0.864,0.015111111111111112,0.015111111111111112,0.015111111111111112,0.015111111111111112,0.015111111111111112,0.015111111111111112,0.015111111111111112
350,chicken_000350.jpeg,data/demo/images/chicken_000350.jpeg,chicken,chicken,0.949,rare_class_candidate,rare_class;class_deficit,add_to_next_train,0.33033333333333337,0.33033333333333337,0.31350766527652313,0.0,0.0,1.0,,5983.668211961143,116.79232741617356,50.59525638580033,300,169,0.0,,,,0.9016666666666666,96.94892361111111,0.005666666666666671,0.005666666666666671,0.949,0.005666666666666671,0.005666666666666671,0.005666666666666671,0.005666666666666671,0.005666666666666671,0.005666666666666671,0.005666666666666671
351,chicken_000351.jpeg,data/demo/images/chicken_000351.jpeg,chicken,chicken,0.827,hard_example,high_entropy;rare_class;class_deficit,send_to_review,0.33033333333333337,0.33033333333333337,0.8407311922285948,0.0,0.0,1.0,,7734.126770320988,117.4825037037037,59.52612029675141,300,225,0.0,,,,0.9016666666666666,96.94892361111111,0.019222222222222227,0.019222222222222227,0.827,0.019222222222222227,0.019222222222222227,0.019222222222222227,0.019222222222222227,0.019222222222222227,0.019222222222222227,0.019222222222222227
352,chicken_000352.jpeg,data/demo/images/chicken_000352.jpeg,chicken,chicken,0.829,hard_example,high_entropy;rare_class;class_deficit,send_to_review,0.33033333333333337,0.33033333333333337,0.8331936949375167,0.0,0.0,1.0,,5912.754018135803,130.85791666666665,57.00463242475952,300,240,0.0,,,,0.9016666666666666,96.94892361111111,0.019000000000000003,0.019000000000000003,0.829,0.019000000000000003,0.019000000000000003,0.019000000000000003,0.019000000000000003,0.019000000000000003,0.019000000000000003,0.019000000000000003
353,chicken_000353.jpeg,data/demo/images/chicken_000353.jpeg,chicken,chicken,0.868,hard_example,high_entropy;rare_class;class_deficit,send_to_review,0.33033333333333337,0.33033333333333337,0.6802046510839334,0.0,0.0,1.0,,8211.14712205391,107.03610696517413,73.96798825058922,268,300,0.0,,,,0.9016666666666666,96.94892361111111,0.014666666666666668,0.014666666666666668,0.868,0.014666666666666668,0.014666666666666668,0.014666666666666668,0.014666666666666668,0.014666666666666668,0.014666666666666668,0.014666666666666668
354,chicken_000354.jpeg,data/demo/images/chicken_000354.jpeg,chicken,chicken,0.885,rare_class_candidate,rare_class;class_deficit,add_to_next_train,0.33033333333333337,0.33033333333333337,0.6095238347820113,0.0,0.0,1.0,,10393.448807929539,123.17081148564294,53.8517861206125,300,267,0.0,,,,0.9016666666666666,96.94892361111111,0.012777777777777777,0.012777777777777777,0.885,0.012777777777777777,0.012777777777777777,0.012777777777777777,0.012777777777777777,0.012777777777777777,0.012777777777777777,0.012777777777777777
258,chicken_000258.jpeg,data/demo/images/chicken_000258.jpeg,chicken,chicken,0.896,rare_class_candidate,rare_class;class_deficit,add_to_next_train,0.33033333333333337,0.33033333333333337,0.5622953614888638,0.0,0.0,1.0,,9559.008153942865,113.24221300138312,48.360898663940816,241,300,0.0,,,,0.9016666666666666,96.94892361111111,0.011555555555555553,0.011555555555555553,0.896,0.011555555555555553,0.011555555555555553,0.011555555555555553,0.011555555555555553,0.011555555555555553,0.011555555555555553,0.011555555555555553
355,chicken_000355.jpeg,data/demo/images/chicken_000355.jpeg,chicken,chicken,0.962,rare_class_candidate,rare_class;class_deficit,add_to_next_train,0.33033333333333337,0.33033333333333337,0.24502962731090233,0.0,0.0,1.0,,1850.0664181017287,114.37895555555555,52.87258661072991,300,150,0.0,,,,0.9016666666666666,96.94892361111111,0.004222222222222226,0.004222222222222226,0.962,0.004222222222222226,0.004222222222222226,0.004222222222222226,0.004222222222222226,0.004222222222222226,0.004222222222222226,0.004222222222222226
356,chicken_000356.jpeg,data/demo/images/chicken_000356.jpeg,chicken,chicken,0.936,rare_class_candidate,rare_class;class_deficit,add_to_next_train,0.33033333333333337,0.33033333333333337,0.37845703861361035,0.0,0.0,1.0,,6182.161483182099,127.68785555555556,71.2654422974123,300,300,0.0,,,,0.9016666666666666,96.94892361111111,0.007111111111111105,0.007111111111111105,0.936,0.007111111111111105,0.007111111111111105,0.007111111111111105,0.007111111111111105,0.007111111111111105,0.007111111111111105,0.007111111111111105
357,chicken_000357.jpeg,data/demo/images/chicken_000357.jpeg,chicken,chicken,0.911,rare_class_candidate,rare_class;class_deficit,add_to_next_train,0.33033333333333337,0.33033333333333337,0.4957710400550783,0.0,0.0,1.0,,11975.260168746447,106.51672592592593,49.29155229500091,225,300,0.0,,,,0.9016666666666666,96.94892361111111,0.009888888888888885,0.009888888888888885,0.911,0.009888888888888885,0.009888888888888885,0.009888888888888885,0.009888888888888885,0.009888888888888885,0.009888888888888885,0.009888888888888885
358,chicken_000358.jpeg,data/demo/images/chicken_000358.jpeg,chicken,chicken,0.953,rare_class_candidate,rare_class;class_deficit,add_to_next_train,0.33033333333333337,0.33033333333333337,0.29285488365411305,0.0,0.0,1.0,,1548.0254209657064,90.12585185185185,53.93257544976615,300,225,0.0,,,,0.9016666666666666,96.94892361111111,0.005222222222222227,0.005222222222222227,0.953,0.005222222222222227,0.005222222222222227,0.005222222222222227,0.005222222222222227,0.005222222222222227,0.005222222222222227,0.005222222222222227
257,chicken_000257.jpeg,data/demo/images/chicken_000257.jpeg,chicken,chicken,0.845,hard_example,high_entropy;rare_class;class_deficit,send_to_review,0.33033333333333337,0.33033333333333337,0.7718547352299565,0.0,0.0,1.0,,2910.1401021846914,102.5057037037037,42.53342960700948,300,225,0.0,,,,0.9016666666666666,96.94892361111111,0.017222222222222226,0.017222222222222226,0.845,0.017222222222222226,0.017222222222222226,0.017222222222222226,0.017222222222222226,0.017222222222222226,0.017222222222222226,0.017222222222222226
359,chicken_000359.jpeg,data/demo/images/chicken_000359.jpeg,chicken,chicken,0.834,hard_example,high_entropy;rare_class;class_deficit,send_to_review,0.33033333333333337,0.33033333333333337,0.8142259183855688,0.0,0.0,1.0,,5185.197335528411,76.03064465408805,66.8756540288443,300,212,0.0,,,,0.9016666666666666,96.94892361111111,0.018444444444444447,0.018444444444444447,0.834,0.018444444444444447,0.018444444444444447,0.018444444444444447,0.018444444444444447,0.018444444444444447,0.018444444444444447,0.018444444444444447
360,chicken_000360.jpeg,data/demo/images/chicken_000360.jpeg,chicken,chicken,0.87,hard_example,high_entropy;rare_class;class_deficit,send_to_review,0.33033333333333337,0.33033333333333337,0.6720258913423126,0.0,0.0,1.0,,4223.855342709246,115.2381925925926,48.98457933306137,300,225,0.0,,,,0.9016666666666666,96.94892361111111,0.014444444444444446,0.014444444444444446,0.87,0.014444444444444446,0.014444444444444446,0.014444444444444446,0.014444444444444446,0.014444444444444446,0.014444444444444446,0.014444444444444446
255,chicken_000255.jpeg,data/demo/images/chicken_000255.jpeg,chicken,chicken,0.866,hard_example,high_entropy;rare_class;class_deficit,send_to_review,0.33033333333333337,0.33033333333333337,0.6883484983367001,0.0,0.0,1.0,,6976.277506939623,122.80199074074073,47.64282480391156,240,180,0.0,,,,0.9016666666666666,96.94892361111111,0.014888888888888889,0.014888888888888889,0.866,0.014888888888888889,0.014888888888888889,0.014888888888888889,0.014888888888888889,0.014888888888888889,0.014888888888888889,0.014888888888888889
842,sheep_000842.jpeg,data/demo/images/sheep_000842.jpeg,sheep,sheep,0.884,rare_class_candidate,rare_class;class_deficit,add_to_next_train,0.33033333333333337,0.33033333333333337,0.6137568144131238,0.0,0.0,1.0,,5805.143521771729,137.33796666666666,73.597450670515,300,300,0.0,,,,0.9016666666666666,96.94892361111111,0.012888888888888887,0.012888888888888887,0.012888888888888887,0.012888888888888887,0.012888888888888887,0.012888888888888887,0.012888888888888887,0.884,0.012888888888888887,0.012888888888888887
253,chicken_000253.jpeg,data/demo/images/chicken_000253.jpeg,chicken,chicken,0.941,rare_class_candidate,rare_class;class_deficit,add_to_next_train,0.33033333333333337,0.33033333333333337,0.3538433155046953,0.0,0.0,1.0,,7080.639584582223,158.52676666666667,68.81843200440966,300,200,0.0,,,,0.9016666666666666,96.94892361111111,0.006555555555555561,0.006555555555555561,0.941,0.006555555555555561,0.006555555555555561,0.006555555555555561,0.006555555555555561,0.006555555555555561,0.006555555555555561,0.006555555555555561
252,chicken_000252.jpeg,data/demo/images/chicken_000252.jpeg,chicken,chicken,0.978,rare_class_candidate,rare_class;class_deficit,add_to_next_train,0.33033333333333337,0.33033333333333337,0.15406281841560157,0.0,0.0,1.0,,835.457433635685,197.63099056603772,58.69491378615945,212,300,0.0,,,,0.9016666666666666,96.94892361111111,0.0024444444444444466,0.0024444444444444466,0.978,0.0024444444444444466,0.0024444444444444466,0.0024444444444444466,0.0024444444444444466,0.0024444444444444466,0.0024444444444444466,0.0024444444444444466
251,chicken_000251.jpeg,data/demo/images/chicken_000251.jpeg,chicken,chicken,0.954,rare_class_candidate,rare_class;class_deficit,add_to_next_train,0.33033333333333337,0.33033333333333337,0.28763695273944057,0.0,0.0,1.0,,1877.4731303822223,103.77128888888889,64.09633185989914,300,300,0.0,,,,0.9016666666666666,96.94892361111111,0.005111111111111116,0.005111111111111116,0.954,0.005111111111111116,0.005111111111111116,0.005111111111111116,0.005111111111111116,0.005111111111111116,0.005111111111111116,0.005111111111111116
346,chicken_000346.jpeg,data/demo/images/chicken_000346.jpeg,chicken,chicken,0.916,rare_class_candidate,rare_class;class_deficit,add_to_next_train,0.33033333333333337,0.33033333333333337,0.4729985323340382,0.0,0.0,1.0,,5313.35979142148,115.46820512820513,38.4136968470484,300,169,0.0,,,,0.9016666666666666,96.94892361111111,0.009333333333333329,0.009333333333333329,0.916,0.009333333333333329,0.009333333333333329,0.009333333333333329,0.009333333333333329,0.009333333333333329,0.009333333333333329,0.009333333333333329
347,chicken_000347.jpeg,data/demo/images/chicken_000347.jpeg,chicken,chicken,0.824,hard_example,high_entropy;rare_class;class_deficit,send_to_review,0.33033333333333337,0.33033333333333337,0.8519850948211928,0.0,0.0,1.0,,1650.9700455693865,131.29622306717363,57.35312499284183,300,263,0.0,,,,0.9016666666666666,96.94892361111111,0.019555555555555562,0.019555555555555562,0.824,0.019555555555555562,0.019555555555555562,0.019555555555555562,0.019555555555555562,0.019555555555555562,0.019555555555555562,0.019555555555555562
344,chicken_000344.jpeg,data/demo/images/chicken_000344.jpeg,chicken,chicken,0.958,rare_class_candidate,rare_class;class_deficit,add_to_next_train,0.33033333333333337,0.33033333333333337,0.2665324059662736,0.0,0.0,1.0,,1751.428306836543,122.93819259259259,58.04382075632631,300,225,0.0,,,,0.9016666666666666,96.94892361111111,0.0046666666666666705,0.0046666666666666705,0.958,0.0046666666666666705,0.0046666666666666705,0.0046666666666666705,0.0046666666666666705,0.0046666666666666705,0.0046666666666666705,0.0046666666666666705
332,chicken_000332.jpeg,data/demo/images/chicken_000332.jpeg,chicken,chicken,0.946,rare_class_candidate,rare_class;class_deficit,add_to_next_train,0.33033333333333337,0.33033333333333337,0.3287787873207462,0.0,0.0,1.0,,2247.523097449877,110.42402962962963,71.19810353528628,300,225,0.0,,,,0.9016666666666666,96.94892361111111,0.006000000000000005,0.006000000000000005,0.946,0.006000000000000005,0.006000000000000005,0.006000000000000005,0.006000000000000005,0.006000000000000005,0.006000000000000005,0.006000000000000005
322,chicken_000322.jpeg,data/demo/images/chicken_000322.jpeg,chicken,chicken,0.95,rare_class_candidate,rare_class;class_deficit,add_to_next_train,0.33033333333333337,0.33033333333333337,0.3083764622126845,0.0,0.0,1.0,,313.4614318202469,93.28881481481481,50.57988453264872,300,225,0.0,,,,0.9016666666666666,96.94892361111111,0.00555555555555556,0.00555555555555556,0.95,0.00555555555555556,0.00555555555555556,0.00555555555555556,0.00555555555555556,0.00555555555555556,0.00555555555555556,0.00555555555555556
323,chicken_000323.jpeg,data/demo/images/chicken_000323.jpeg,chicken,chicken,0.881,rare_class_candidate,rare_class;class_deficit,add_to_next_train,0.33033333333333337,0.33033333333333337,0.6263975295551015,0.0,0.0,1.0,,1902.7851770122224,84.11526666666667,72.6080623181445,300,200,0.0,,,,0.9016666666666666,96.94892361111111,0.013222222222222222,0.013222222222222222,0.881,0.013222222222222222,0.013222222222222222,0.013222222222222222,0.013222222222222222,0.013222222222222222,0.013222222222222222,0.013222222222222222
324,chicken_000324.jpeg,data/demo/images/chicken_000324.jpeg,chicken,chicken,0.876,rare_class_candidate,rare_class;class_deficit,add_to_next_train,0.33033333333333337,0.33033333333333337,0.6472755067765251,0.0,0.0,1.0,,997.8395184653191,131.65637931034482,67.53052544849905,290,300,0.0,,,,0.9016666666666666,96.94892361111111,0.013777777777777778,0.013777777777777778,0.876,0.013777777777777778,0.013777777777777778,0.013777777777777778,0.013777777777777778,0.013777777777777778,0.013777777777777778,0.013777777777777778
325,chicken_000325.jpeg,data/demo/images/chicken_000325.jpeg,chicken,chicken,0.915,rare_class_candidate,rare_class;class_deficit,add_to_next_train,0.33033333333333337,0.33033333333333337,0.47757848152693727,0.0,0.0,1.0,,6747.304738551221,97.56394074074075,60.49314488641122,300,225,0.0,,,,0.9016666666666666,96.94892361111111,0.009444444444444441,0.009444444444444441,0.915,0.009444444444444441,0.009444444444444441,0.009444444444444441,0.009444444444444441,0.009444444444444441,0.009444444444444441,0.009444444444444441
326,chicken_000326.jpeg,data/demo/images/chicken_000326.jpeg,chicken,chicken,0.455,hard_example,high_entropy;rare_class;class_deficit,send_to_review,0.33033333333333337,0.33033333333333337,1.8865790799162265,0.0,0.0,1.0,,9914.314821680988,130.2594962962963,75.95856342749319,300,225,0.0,,,,0.9016666666666666,96.94892361111111,0.06055555555555555,0.06055555555555555,0.455,0.06055555555555555,0.06055555555555555,0.06055555555555555,0.06055555555555555,0.06055555555555555,0.06055555555555555,0.06055555555555555
329,chicken_000329.jpeg,data/demo/images/chicken_000329.jpeg,chicken,chicken,0.836,hard_example,high_entropy;rare_class;class_deficit,send_to_review,0.33033333333333337,0.33033333333333337,0.8065884849632985,0.0,0.0,1.0,,9830.958918860566,120.91545722713865,42.74846603206691,300,226,0.0,,,,0.9016666666666666,96.94892361111111,0.018222222222222226,0.018222222222222226,0.836,0.018222222222222226,0.018222222222222226,0.018222222222222226,0.018222222222222226,0.018222222222222226,0.018222222222222226,0.018222222222222226
330,chicken_000330.jpeg,data/demo/images/chicken_000330.jpeg,chicken,chicken,0.874,hard_example,high_entropy;rare_class;class_deficit,send_to_review,0.33033333333333337,0.33033333333333337,0.6555617971276769,0.0,0.0,1.0,,2464.9120643408332,99.9678795180723,39.334625043475185,250,166,0.0,,,,0.9016666666666666,96.94892361111111,0.014,0.014,0.874,0.014,0.014,0.014,0.014,0.014,0.014,0.014
261,chicken_000261.jpeg,data/demo/images/chicken_000261.jpeg,chicken,chicken,0.959,rare_class_candidate,rare_class;class_deficit,add_to_next_train,0.33033333333333337,0.33033333333333337,0.2611954811048294,0.0,0.0,1.0,,4339.044759531914,120.45134430727023,47.29261165180594,243,300,0.0,,,,0.9016666666666666,96.94892361111111,0.004555555555555559,0.004555555555555559,0.959,0.004555555555555559,0.004555555555555559,0.004555555555555559,0.004555555555555559,0.004555555555555559,0.004555555555555559,0.004555555555555559
343,chicken_000343.jpeg,data/demo/images/chicken_000343.jpeg,chicken,chicken,0.844,hard_example,high_entropy;rare_class;class_deficit,send_to_review,0.33033333333333337,0.33033333333333337,0.7757440604766718,0.0,0.0,1.0,,1894.5078526198834,144.2702512562814,50.62270128639433,300,199,0.0,,,,0.9016666666666666,96.94892361111111,0.017333333333333336,0.017333333333333336,0.844,0.017333333333333336,0.017333333333333336,0.017333333333333336,0.017333333333333336,0.017333333333333336,0.017333333333333336,0.017333333333333336
331,chicken_000331.jpeg,data/demo/images/chicken_000331.jpeg,chicken,chicken,0.975,rare_class_candidate,rare_class;class_deficit,add_to_next_train,0.33033333333333337,0.33033333333333337,0.1718374535709383,0.0,0.0,1.0,,1985.277929399722,146.9431,50.08359307920443,300,200,0.0,,,,0.9016666666666666,96.94892361111111,0.00277777777777778,0.00277777777777778,0.975,0.00277777777777778,0.00277777777777778,0.00277777777777778,0.00277777777777778,0.00277777777777778,0.00277777777777778,0.00277777777777778
334,chicken_000334.jpeg,data/demo/images/chicken_000334.jpeg,chicken,chicken,0.935,rare_class_candidate,rare_class;class_deficit,add_to_next_train,0.33033333333333337,0.33033333333333337,0.3833286890808531,0.0,0.0,1.0,,3050.660824226667,120.4547,55.45812156853133,200,300,0.0,,,,0.9016666666666666,96.94892361111111,0.007222222222222217,0.007222222222222217,0.935,0.007222222222222217,0.007222222222222217,0.007222222222222217,0.007222222222222217,0.007222222222222217,0.007222222222222217,0.007222222222222217
335,chicken_000335.jpeg,data/demo/images/chicken_000335.jpeg,chicken,chicken,0.911,rare_class_candidate,rare_class;class_deficit,add_to_next_train,0.33033333333333337,0.33033333333333337,0.4957710400550783,0.0,0.0,1.0,,12509.863455990599,102.62545454545455,65.44503949491022,300,275,0.0,,,,0.9016666666666666,96.94892361111111,0.009888888888888885,0.009888888888888885,0.911,0.009888888888888885,0.009888888888888885,0.009888888888888885,0.009888888888888885,0.009888888888888885,0.009888888888888885,0.009888888888888885
336,chicken_000336.jpeg,data/demo/images/chicken_000336.jpeg,chicken,chicken,0.832,hard_example,high_entropy;rare_class;class_deficit,send_to_review,0.33033333333333337,0.33033333333333337,0.8218344586716295,0.0,0.0,1.0,,276.4310545758024,122.51705185185185,42.67156523499834,300,225,0.0,,,,0.9016666666666666,96.94892361111111,0.01866666666666667,0.01866666666666667,0.832,0.01866666666666667,0.01866666666666667,0.01866666666666667,0.01866666666666667,0.01866666666666667,0.01866666666666667,0.01866666666666667
337,chicken_000337.jpeg,data/demo/images/chicken_000337.jpeg,chicken,chicken,0.926,rare_class_candidate,rare_class;class_deficit,add_to_next_train,0.33033333333333337,0.33033333333333337,0.42645952952554694,0.0,0.0,1.0,,12000.735007644169,106.70528333333333,46.287459339289605,300,200,0.0,,,,0.9016666666666666,96.94892361111111,0.008222222222222218,0.008222222222222218,0.926,0.008222222222222218,0.008222222222222218,0.008222222222222218,0.008222222222222218,0.008222222222222218,0.008222222222222218,0.008222222222222218
338,chicken_000338.jpeg,data/demo/images/chicken_000338.jpeg,chicken,chicken,0.92,rare_class_candidate,rare_class;class_deficit,add_to_next_train,0.33033333333333337,0.33033333333333337,0.45454732795548536,0.0,0.0,1.0,,1134.76018653476,122.208,69.61015695151688,300,225,0.0,,,,0.9016666666666666,96.94892361111111,0.008888888888888884,0.008888888888888884,0.92,0.008888888888888884,0.008888888888888884,0.008888888888888884,0.008888888888888884,0.008888888888888884,0.008888888888888884,0.008888888888888884
259,chicken_000259.jpeg,data/demo/images/chicken_000259.jpeg,chicken,chicken,0.93,rare_class_candidate,rare_class;class_deficit,add_to_next_train,0.33033333333333337,0.33033333333333337,0.4074446573352272,0.0,0.0,1.0,,4466.332013798119,158.89260089686098,55.543252290437245,300,223,0.0,,,,0.9016666666666666,96.94892361111111,0.007777777777777772,0.007777777777777772,0.93,0.007777777777777772,0.007777777777777772,0.007777777777777772,0.007777777777777772,0.007777777777777772,0.007777777777777772,0.007777777777777772
339,chicken_000339.jpeg,data/demo/images/chicken_000339.jpeg,chicken,chicken,0.961,rare_class_candidate,rare_class;class_deficit,add_to_next_train,0.33033333333333337,0.33033333333333337,0.2504447162787436,0.0,0.0,1.0,,7027.365515982661,110.0385037037037,44.642908595152846,300,225,0.0,,,,0.9016666666666666,96.94892361111111,0.0043333333333333375,0.0043333333333333375,0.961,0.0043333333333333375,0.0043333333333333375,0.0043333333333333375,0.0043333333333333375,0.0043333333333333375,0.0043333333333333375,0.0043333333333333375
340,chicken_000340.jpeg,data/demo/images/chicken_000340.jpeg,chicken,chicken,0.974,rare_class_candidate,rare_class;class_deficit,add_to_next_train,0.33033333333333337,0.33033333333333337,0.17767798825649272,0.0,0.0,1.0,,1698.015126426118,103.77594074074074,53.67020489754662,300,225,0.0,,,,0.9016666666666666,96.94892361111111,0.0028888888888888914,0.0028888888888888914,0.974,0.0028888888888888914,0.0028888888888888914,0.0028888888888888914,0.0028888888888888914,0.0028888888888888914,0.0028888888888888914,0.0028888888888888914
341,chicken_000341.jpeg,data/demo/images/chicken_000341.jpeg,chicken,chicken,0.949,rare_class_candidate,rare_class;class_deficit,add_to_next_train,0.33033333333333337,0.33033333333333337,0.31350766527652313,0.0,0.0,1.0,,564.8105291563087,210.50069033530573,62.54406903548527,300,169,0.0,,,,0.9016666666666666,96.94892361111111,0.005666666666666671,0.005666666666666671,0.949,0.005666666666666671,0.005666666666666671,0.005666666666666671,0.005666666666666671,0.005666666666666671,0.005666666666666671,0.005666666666666671
342,chicken_000342.jpeg,data/demo/images/chicken_000342.jpeg,chicken,chicken,0.83,hard_example,high_entropy;rare_class;class_deficit,send_to_review,0.33033333333333337,0.33033333333333337,0.829414381174516,0.0,0.0,1.0,,3215.338414780526,147.2585268414482,56.96547790754982,300,267,0.0,,,,0.9016666666666666,96.94892361111111,0.018888888888888893,0.018888888888888893,0.83,0.018888888888888893,0.018888888888888893,0.018888888888888893,0.018888888888888893,0.018888888888888893,0.018888888888888893,0.018888888888888893
977,spider_000977.jpeg,data/demo/images/spider_000977.jpeg,spider,spider,0.892,rare_class_candidate,rare_class;class_deficit,add_to_next_train,0.33,0.33,0.5796135605436651,0.0,0.0,1.0,,1743.2505644375,110.69688333333333,61.63066690876971,300,200,0.0,,,,0.9,96.94892361111111,0.011999999999999999,0.011999999999999999,0.011999999999999999,0.011999999999999999,0.011999999999999999,0.011999999999999999,0.011999999999999999,0.011999999999999999,0.892,0.011999999999999999
976,spider_000976.jpeg,data/demo/images/spider_000976.jpeg,spider,spider,0.86,hard_example,high_entropy;rare_class;class_deficit,send_to_review,0.33,0.33,0.7125749158910097,0.0,0.0,1.0,,2476.592315024071,105.97318124207858,34.20228189518755,300,263,0.0,,,,0.9,96.94892361111111,0.015555555555555557,0.015555555555555557,0.015555555555555557,0.015555555555555557,0.015555555555555557,0.015555555555555557,0.015555555555555557,0.015555555555555557,0.86,0.015555555555555557
975,spider_000975.jpeg,data/demo/images/spider_000975.jpeg,spider,spider,0.873,hard_example,high_entropy;rare_class;class_deficit,send_to_review,0.33,0.33,0.6596912900756234,0.0,0.0,1.0,,4005.2040716739457,89.72401294498381,56.104974247855985,300,206,0.0,,,,0.9,96.94892361111111,0.01411111111111111,0.01411111111111111,0.01411111111111111,0.01411111111111111,0.01411111111111111,0.01411111111111111,0.01411111111111111,0.01411111111111111,0.873,0.01411111111111111
973,spider_000973.jpg,data/demo/images/spider_000973.jpg,spider,spider,0.856,hard_example,high_entropy;rare_class;class_deficit,send_to_review,0.33,0.33,0.7285590510022777,0.0,0.0,1.0,,2737.9505795185637,115.59862455985916,37.286771425966194,640,426,0.0,,,,0.9,96.94892361111111,0.016,0.016,0.016,0.016,0.016,0.016,0.016,0.016,0.856,0.016
972,spider_000972.jpeg,data/demo/images/spider_000972.jpeg,spider,spider,0.96,rare_class_candidate,rare_class;class_deficit,add_to_next_train,0.33,0.33,0.25583312082762294,0.0,0.0,1.0,,3123.3535394844444,122.42213333333333,58.53183948141831,300,225,0.0,,,,0.9,96.94892361111111,0.004444444444444449,0.004444444444444449,0.004444444444444449,0.004444444444444449,0.004444444444444449,0.004444444444444449,0.004444444444444449,0.004444444444444449,0.96,0.004444444444444449
984,spider_000984.jpeg,data/demo/images/spider_000984.jpeg,spider,spider,0.832,hard_example,high_entropy;rare_class;class_deficit,send_to_review,0.33,0.33,0.8218344586716294,0.0,0.0,1.0,,186.1781531878153,128.39721979621544,28.72031807940097,229,300,0.0,,,,0.9,96.94892361111111,0.01866666666666667,0.01866666666666667,0.01866666666666667,0.01866666666666667,0.01866666666666667,0.01866666666666667,0.01866666666666667,0.01866666666666667,0.832,0.01866666666666667
970,spider_000970.jpeg,data/demo/images/spider_000970.jpeg,spider,spider,0.87,hard_example,high_entropy;rare_class;class_deficit,send_to_review,0.33,0.33,0.6720258913423126,0.0,0.0,1.0,,2008.3502194266666,99.54113333333333,69.04049807696607,300,200,0.0,,,,0.9,96.94892361111111,0.014444444444444446,0.014444444444444446,0.014444444444444446,0.014444444444444446,0.014444444444444446,0.014444444444444446,0.014444444444444446,0.014444444444444446,0.87,0.014444444444444446
969,spider_000969.jpeg,data/demo/images/spider_000969.jpeg,spider,spider,0.901,rare_class_candidate,rare_class;class_deficit,add_to_next_train,0.33,0.33,0.5404053998699861,0.0,0.0,1.0,,774.1449954017587,153.72620817843867,52.713297111009275,300,269,0.0,,,,0.9,96.94892361111111,0.010999999999999998,0.010999999999999998,0.010999999999999998,0.010999999999999998,0.010999999999999998,0.010999999999999998,0.010999999999999998,0.010999999999999998,0.901,0.010999999999999998
968,spider_000968.jpeg,data/demo/images/spider_000968.jpeg,spider,spider,0.933,rare_class_candidate,rare_class;class_deficit,add_to_next_train,0.33,0.33,0.3930228577738976,0.0,0.0,1.0,,466.2070196719762,166.60236043220993,31.476194337424843,299,208,0.0,,,,0.9,96.94892361111111,0.007444444444444438,0.007444444444444438,0.007444444444444438,0.007444444444444438,0.007444444444444438,0.007444444444444438,0.007444444444444438,0.007444444444444438,0.933,0.007444444444444438
967,spider_000967.jpeg,data/demo/images/spider_000967.jpeg,spider,spider,0.911,rare_class_candidate,rare_class;class_deficit,add_to_next_train,0.33,0.33,0.4957710400550784,0.0,0.0,1.0,,2165.7415913099926,180.90770833333335,53.55781763170047,300,240,0.0,,,,0.9,96.94892361111111,0.009888888888888885,0.009888888888888885,0.009888888888888885,0.009888888888888885,0.009888888888888885,0.009888888888888885,0.009888888888888885,0.009888888888888885,0.911,0.009888888888888885
966,spider_000966.jpg,data/demo/images/spider_000966.jpg,spider,spider,0.904,rare_class_candidate,rare_class;class_deficit,add_to_next_train,0.33,0.33,0.5271376602309746,0.0,0.0,1.0,,583.3769808944264,209.7659841528436,30.563307172513763,640,422,0.0,,,,0.9,96.94892361111111,0.010666666666666665,0.010666666666666665,0.010666666666666665,0.010666666666666665,0.010666666666666665,0.010666666666666665,0.010666666666666665,0.010666666666666665,0.904,0.010666666666666665
964,spider_000964.jpg,data/demo/images/spider_000964.jpg,spider,spider,0.971,rare_class_candidate,rare_class;class_deficit,add_to_next_train,0.33,0.33,0.19496820194440478,0.0,0.0,1.0,,767.6458502256294,96.65085464509394,27.547420419895193,640,479,0.0,,,,0.9,96.94892361111111,0.0032222222222222253,0.0032222222222222253,0.0032222222222222253,0.0032222222222222253,0.0032222222222222253,0.0032222222222222253,0.0032222222222222253,0.0032222222222222253,0.971,0.0032222222222222253
963,spider_000963.jpeg,data/demo/images/spider_000963.jpeg,spider,spider,0.977,rare_class_candidate,rare_class;class_deficit,add_to_next_train,0.33,0.33,0.16003160824870286,0.0,0.0,1.0,,447.1811053825431,111.27175824175823,32.47653806592405,300,273,0.0,,,,0.9,96.94892361111111,0.002555555555555558,0.002555555555555558,0.002555555555555558,0.002555555555555558,0.002555555555555558,0.002555555555555558,0.002555555555555558,0.002555555555555558,0.977,0.002555555555555558
961,spider_000961.jpeg,data/demo/images/spider_000961.jpeg,spider,spider,0.968,rare_class_candidate,rare_class;class_deficit,add_to_next_train,0.33,0.33,0.21193824608357975,0.0,0.0,1.0,,6170.134248167439,89.37181347150259,61.613479224110705,193,300,0.0,,,,0.9,96.94892361111111,0.0035555555555555588,0.0035555555555555588,0.0035555555555555588,0.0035555555555555588,0.0035555555555555588,0.0035555555555555588,0.0035555555555555588,0.0035555555555555588,0.968,0.0035555555555555588
979,spider_000979.jpeg,data/demo/images/spider_000979.jpeg,spider,spider,0.952,rare_class_candidate,rare_class;class_deficit,add_to_next_train,0.33,0.33,0.2980504870493181,0.0,0.0,1.0,,627.0672657694845,140.43905923344948,43.49493398935848,300,287,0.0,,,,0.9,96.94892361111111,0.005333333333333338,0.005333333333333338,0.005333333333333338,0.005333333333333338,0.005333333333333338,0.005333333333333338,0.005333333333333338,0.005333333333333338,0.952,0.005333333333333338
978,spider_000978.jpeg,data/demo/images/spider_000978.jpeg,spider,spider,0.915,rare_class_candidate,rare_class;class_deficit,add_to_next_train,0.33,0.33,0.4775784815269372,0.0,0.0,1.0,,3456.493808852243,196.338399122807,48.422979439394986,240,190,0.0,,,,0.9,96.94892361111111,0.009444444444444441,0.009444444444444441,0.009444444444444441,0.009444444444444441,0.009444444444444441,0.009444444444444441,0.009444444444444441,0.009444444444444441,0.915,0.009444444444444441
1042,spider_001042.jpeg,data/demo/images/spider_001042.jpeg,spider,spider,0.892,rare_class_candidate,rare_class;class_deficit,add_to_next_train,0.33,0.33,0.5796135605436651,0.0,0.0,1.0,,868.4591328888889,144.86826666666667,40.23029223104842,300,200,0.0,,,,0.9,96.94892361111111,0.011999999999999999,0.011999999999999999,0.011999999999999999,0.011999999999999999,0.011999999999999999,0.011999999999999999,0.011999999999999999,0.011999999999999999,0.892,0.011999999999999999
980,spider_000980.jpeg,data/demo/images/spider_000980.jpeg,spider,spider,0.939,rare_class_candidate,rare_class;class_deficit,add_to_next_train,0.33,0.33,0.36374092750851644,0.0,0.0,1.0,,2796.0709864691353,92.39634074074074,38.82776015252069,300,225,0.0,,,,0.9,96.94892361111111,0.006777777777777784,0.006777777777777784,0.006777777777777784,0.006777777777777784,0.006777777777777784,0.006777777777777784,0.006777777777777784,0.006777777777777784,0.939,0.006777777777777784
1039,spider_001039.jpeg,data/demo/images/spider_001039.jpeg,spider,spider,0.951,rare_class_candidate,rare_class;class_deficit,add_to_next_train,0.33,0.33,0.30322420518352605,0.0,0.0,1.0,,1275.768194229742,208.82916666666668,66.04855329903373,208,300,0.0,,,,0.9,96.94892361111111,0.00544444444444445,0.00544444444444445,0.00544444444444445,0.00544444444444445,0.00544444444444445,0.00544444444444445,0.00544444444444445,0.00544444444444445,0.951,0.00544444444444445
1052,spider_001052.jpeg,data/demo/images/spider_001052.jpeg,spider,spider,0.854,hard_example,high_entropy;rare_class;class_deficit,send_to_review,0.33,0.33,0.7365022510083697,0.0,0.0,1.0,,1134.0524022460545,90.05031425364758,45.13806497351566,300,297,0.0,,,,0.9,96.94892361111111,0.016222222222222225,0.016222222222222225,0.016222222222222225,0.016222222222222225,0.016222222222222225,0.016222222222222225,0.016222222222222225,0.016222222222222225,0.854,0.016222222222222225
1051,spider_001051.jpeg,data/demo/images/spider_001051.jpeg,spider,spider,0.942,rare_class_candidate,rare_class;class_deficit,add_to_next_train,0.33,0.33,0.3488676312050124,0.0,0.0,1.0,,605.7808732590663,142.99373842592593,33.72526727725548,300,288,0.0,,,,0.9,96.94892361111111,0.0064444444444444506,0.0064444444444444506,0.0064444444444444506,0.0064444444444444506,0.0064444444444444506,0.0064444444444444506,0.0064444444444444506,0.0064444444444444506,0.942,0.0064444444444444506
1049,spider_001049.jpeg,data/demo/images/spider_001049.jpeg,spider,spider,0.894,rare_class_candidate,rare_class;class_deficit,add_to_next_train,0.33,0.33,0.5709755671987758,0.0,0.0,1.0,,2851.660317545556,94.12898333333334,50.784103943061965,300,200,0.0,,,,0.9,96.94892361111111,0.011777777777777776,0.011777777777777776,0.011777777777777776,0.011777777777777776,0.011777777777777776,0.011777777777777776,0.011777777777777776,0.011777777777777776,0.894,0.011777777777777776
1048,spider_001048.jpeg,data/demo/images/spider_001048.jpeg,spider,spider,0.907,rare_class_candidate,rare_class;class_deficit,add_to_next_train,0.33,0.33,0.513766199556724,0.0,0.0,1.0,,3637.1927106519743,138.2930303030303,53.622831918302076,300,220,0.0,,,,0.9,96.94892361111111,0.01033333333333333,0.01033333333333333,0.01033333333333333,0.01033333333333333,0.01033333333333333,0.01033333333333333,0.01033333333333333,0.01033333333333333,0.907,0.01033333333333333
1047,spider_001047.jpeg,data/demo/images/spider_001047.jpeg,spider,spider,0.852,hard_example,high_entropy;rare_class;class_deficit,send_to_review,0.33,0.33,0.7444133690522318,0.0,0.0,1.0,,5680.317175311666,135.36148325358852,51.33891236828854,300,209,0.0,,,,0.9,96.94892361111111,0.016444444444444446,0.016444444444444446,0.016444444444444446,0.016444444444444446,0.016444444444444446,0.016444444444444446,0.016444444444444446,0.016444444444444446,0.852,0.016444444444444446
1046,spider_001046.jpeg,data/demo/images/spider_001046.jpeg,spider,spider,0.831,hard_example,high_entropy;rare_class;class_deficit,send_to_review,0.33,0.33,0.8256279802050818,0.0,0.0,1.0,,429.03543505305555,110.43868333333333,30.297162797854888,300,200,0.0,,,,0.9,96.94892361111111,0.018777777777777782,0.018777777777777782,0.018777777777777782,0.018777777777777782,0.018777777777777782,0.018777777777777782,0.018777777777777782,0.018777777777777782,0.831,0.018777777777777782
1041,spider_001041.jpeg,data/demo/images/spider_001041.jpeg,spider,spider,0.894,rare_class_candidate,rare_class;class_deficit,add_to_next_train,0.33,0.33,0.5709755671987758,0.0,0.0,1.0,,1807.9692340749689,122.8661689291101,32.473950929057054,300,221,0.0,,,,0.9,96.94892361111111,0.011777777777777776,0.011777777777777776,0.011777777777777776,0.011777777777777776,0.011777777777777776,0.011777777777777776,0.011777777777777776,0.011777777777777776,0.894,0.011777777777777776
1040,spider_001040.jpeg,data/demo/images/spider_001040.jpeg,spider,spider,0.954,rare_class_candidate,rare_class;class_deficit,add_to_next_train,0.33,0.33,0.28763695273944057,0.0,0.0,1.0,,2438.695898966943,129.2350826446281,66.24859734930804,242,300,0.0,,,,0.9,96.94892361111111,0.005111111111111116,0.005111111111111116,0.005111111111111116,0.005111111111111116,0.005111111111111116,0.005111111111111116,0.005111111111111116,0.005111111111111116,0.954,0.005111111111111116
1038,spider_001038.jpeg,data/demo/images/spider_001038.jpeg,spider,spider,0.867,hard_example,high_entropy;rare_class;class_deficit,send_to_review,0.33,0.33,0.6842809108456316,0.0,0.0,1.0,,2576.2572522566666,136.51285,46.64450808913628,300,200,0.0,,,,0.9,96.94892361111111,0.014777777777777779,0.014777777777777779,0.014777777777777779,0.014777777777777779,0.014777777777777779,0.014777777777777779,0.014777777777777779,0.014777777777777779,0.867,0.014777777777777779
1026,spider_001026.jpg,data/demo/images/spider_001026.jpg,spider,spider,0.878,rare_class_candidate,rare_class;class_deficit,add_to_next_train,0.33,0.33,0.6389523907480663,0.0,0.0,1.0,,538.4350152334705,69.51394879694836,32.90086079145024,640,426,0.0,,,,0.9,96.94892361111111,0.013555555555555555,0.013555555555555555,0.013555555555555555,0.013555555555555555,0.013555555555555555,0.013555555555555555,0.013555555555555555,0.013555555555555555,0.878,0.013555555555555555
1037,spider_001037.jpeg,data/demo/images/spider_001037.jpeg,spider,spider,0.905,rare_class_candidate,rare_class;class_deficit,add_to_next_train,0.33,0.33,0.5226921750785937,0.0,0.0,1.0,,479.83417750613273,205.21414414414414,38.61577118871474,300,259,0.0,,,,0.9,96.94892361111111,0.010555555555555552,0.010555555555555552,0.010555555555555552,0.010555555555555552,0.010555555555555552,0.010555555555555552,0.010555555555555552,0.010555555555555552,0.905,0.010555555555555552
981,spider_000981.jpeg,data/demo/images/spider_000981.jpeg,spider,spider,0.9,rare_class_candidate,rare_class;class_deficit,add_to_next_train,0.33,0.33,0.5448054211250705,0.0,0.0,1.0,,1570.0144299455553,128.77941666666666,42.839899155573676,300,200,0.0,,,,0.9,96.94892361111111,0.011111111111111108,0.011111111111111108,0.011111111111111108,0.011111111111111108,0.011111111111111108,0.011111111111111108,0.011111111111111108,0.011111111111111108,0.9,0.011111111111111108
1035,spider_001035.jpeg,data/demo/images/spider_001035.jpeg,spider,spider,0.851,hard_example,high_entropy;rare_class;class_deficit,send_to_review,0.33,0.33,0.7483570100034195,0.0,0.0,1.0,,860.1496881397836,101.4968578255675,57.94263572130833,279,300,0.0,,,,0.9,96.94892361111111,0.01655555555555556,0.01655555555555556,0.01655555555555556,0.01655555555555556,0.01655555555555556,0.01655555555555556,0.01655555555555556,0.01655555555555556,0.851,0.01655555555555556
1034,spider_001034.jpeg,data/demo/images/spider_001034.jpeg,spider,spider,0.897,rare_class_candidate,rare_class;class_deficit,add_to_next_train,0.33,0.33,0.5579392063933755,0.0,0.0,1.0,,2223.250768788148,123.55282962962963,77.94591939140223,300,225,0.0,,,,0.9,96.94892361111111,0.011444444444444443,0.011444444444444443,0.011444444444444443,0.011444444444444443,0.011444444444444443,0.011444444444444443,0.011444444444444443,0.011444444444444443,0.897,0.011444444444444443
1032,spider_001032.jpg,data/demo/images/spider_001032.jpg,spider,spider,0.855,hard_example,high_entropy;rare_class;class_deficit,send_to_review,0.33,0.33,0.7325346841039759,0.0,0.0,1.0,,494.79994933792904,110.93606401821863,38.01782779508891,640,494,0.0,,,,0.9,96.94892361111111,0.016111111111111114,0.016111111111111114,0.016111111111111114,0.016111111111111114,0.016111111111111114,0.016111111111111114,0.016111111111111114,0.016111111111111114,0.855,0.016111111111111114
1031,spider_001031.jpeg,data/demo/images/spider_001031.jpeg,spider,spider,0.864,hard_example,high_entropy;rare_class;class_deficit,send_to_review,0.33,0.33,0.6964578747930561,0.0,0.0,1.0,,1152.5206246709627,208.60683513374485,54.2543962474943,243,256,0.0,,,,0.9,96.94892361111111,0.015111111111111112,0.015111111111111112,0.015111111111111112,0.015111111111111112,0.015111111111111112,0.015111111111111112,0.015111111111111112,0.015111111111111112,0.864,0.015111111111111112
1030,spider_001030.jpeg,data/demo/images/spider_001030.jpeg,spider,spider,0.923,rare_class_candidate,rare_class;class_deficit,add_to_next_train,0.33,0.33,0.4405667605081601,0.0,0.0,1.0,,1070.8051377263641,188.87513513513514,34.12413944230691,300,259,0.0,,,,0.9,96.94892361111111,0.00855555555555555,0.00855555555555555,0.00855555555555555,0.00855555555555555,0.00855555555555555,0.00855555555555555,0.00855555555555555,0.00855555555555555,0.923,0.00855555555555555
1029,spider_001029.jpeg,data/demo/images/spider_001029.jpeg,spider,spider,0.941,rare_class_candidate,rare_class;class_deficit,add_to_next_train,0.33,0.33,0.3538433155046953,0.0,0.0,1.0,,832.4118377066667,111.6994,36.32916009176834,300,200,0.0,,,,0.9,96.94892361111111,0.006555555555555561,0.006555555555555561,0.006555555555555561,0.006555555555555561,0.006555555555555561,0.006555555555555561,0.006555555555555561,0.006555555555555561,0.941,0.006555555555555561
1053,spider_001053.jpeg,data/demo/images/spider_001053.jpeg,spider,spider,0.853,hard_example,high_entropy;rare_class;class_deficit,send_to_review,0.33,0.33,0.7404617975836851,0.0,0.0,1.0,,849.7909650644996,121.80050056882821,38.50608650941403,300,293,0.0,,,,0.9,96.94892361111111,0.016333333333333335,0.016333333333333335,0.016333333333333335,0.016333333333333335,0.016333333333333335,0.016333333333333335,0.016333333333333335,0.016333333333333335,0.853,0.016333333333333335
1054,spider_001054.jpeg,data/demo/images/spider_001054.jpeg,spider,spider,0.93,rare_class_candidate,rare_class;class_deficit,add_to_next_train,0.33,0.33,0.40744465733522717,0.0,0.0,1.0,,3133.310415096632,155.6848611111111,42.31607128349226,300,192,0.0,,,,0.9,96.94892361111111,0.007777777777777772,0.007777777777777772,0.007777777777777772,0.007777777777777772,0.007777777777777772,0.007777777777777772,0.007777777777777772,0.007777777777777772,0.93,0.007777777777777772
1055,spider_001055.jpeg,data/demo/images/spider_001055.jpeg,spider,spider,0.884,rare_class_candidate,rare_class;class_deficit,add_to_next_train,0.33,0.33,0.6137568144131238,0.0,0.0,1.0,,1189.54839751,124.97356666666667,43.015939696181874,300,200,0.0,,,,0.9,96.94892361111111,0.012888888888888887,0.012888888888888887,0.012888888888888887,0.012888888888888887,0.012888888888888887,0.012888888888888887,0.012888888888888887,0.012888888888888887,0.884,0.012888888888888887
1056,spider_001056.jpeg,data/demo/images/spider_001056.jpeg,spider,spider,0.946,rare_class_candidate,rare_class;class_deficit,add_to_next_train,0.33,0.33,0.3287787873207462,0.0,0.0,1.0,,376.35125332888884,99.3592,34.69668296384157,300,200,0.0,,,,0.9,96.94892361111111,0.006000000000000005,0.006000000000000005,0.006000000000000005,0.006000000000000005,0.006000000000000005,0.006000000000000005,0.006000000000000005,0.006000000000000005,0.946,0.006000000000000005
1080,spider_001080.jpeg,data/demo/images/spider_001080.jpeg,spider,spider,0.852,hard_example,high_entropy;rare_class;class_deficit,send_to_review,0.33,0.33,0.7444133690522318,0.0,0.0,1.0,,306.773109234613,68.72276625172891,26.241918238684015,241,300,0.0,,,,0.9,96.94892361111111,0.016444444444444446,0.016444444444444446,0.016444444444444446,0.016444444444444446,0.016444444444444446,0.016444444444444446,0.016444444444444446,0.016444444444444446,0.852,0.016444444444444446
1078,spider_001078.jpeg,data/demo/images/spider_001078.jpeg,spider,spider,0.972,rare_class_candidate,rare_class;class_deficit,add_to_next_train,0.33,0.33,0.18924198892710029,0.0,0.0,1.0,,1777.0639954795315,130.83908004778974,66.38705012997745,300,279,0.0,,,,0.9,96.94892361111111,0.003111111111111114,0.003111111111111114,0.003111111111111114,0.003111111111111114,0.003111111111111114,0.003111111111111114,0.003111111111111114,0.003111111111111114,0.972,0.003111111111111114
1076,spider_001076.jpeg,data/demo/images/spider_001076.jpeg,spider,spider,0.87,hard_example,high_entropy;rare_class;class_deficit,send_to_review,0.33,0.33,0.6720258913423126,0.0,0.0,1.0,,742.9621468080256,188.02130325814537,66.81656795828391,266,177,0.0,,,,0.9,96.94892361111111,0.014444444444444446,0.014444444444444446,0.014444444444444446,0.014444444444444446,0.014444444444444446,0.014444444444444446,0.014444444444444446,0.014444444444444446,0.87,0.014444444444444446
1075,spider_001075.jpeg,data/demo/images/spider_001075.jpeg,spider,spider,0.934,rare_class_candidate,rare_class;class_deficit,add_to_next_train,0.33,0.33,0.3881838848068448,0.0,0.0,1.0,,7336.63283654461,45.94806763285024,45.118864576919506,300,207,0.0,,,,0.9,96.94892361111111,0.007333333333333327,0.007333333333333327,0.007333333333333327,0.007333333333333327,0.007333333333333327,0.007333333333333327,0.007333333333333327,0.007333333333333327,0.934,0.007333333333333327
1074,spider_001074.jpeg,data/demo/images/spider_001074.jpeg,spider,spider,0.904,rare_class_candidate,rare_class;class_deficit,add_to_next_train,0.33,0.33,0.5271376602309746,0.0,0.0,1.0,,917.3885991100091,144.5131780167264,43.13828123397311,300,279,0.0,,,,0.9,96.94892361111111,0.010666666666666665,0.010666666666666665,0.010666666666666665,0.010666666666666665,0.010666666666666665,0.010666666666666665,0.010666666666666665,0.010666666666666665,0.904,0.010666666666666665
1072,spider_001072.jpeg,data/demo/images/spider_001072.jpeg,spider,spider,0.943,rare_class_candidate,rare_class;class_deficit,add_to_next_train,0.33,0.33,0.34387364310038276,0.0,0.0,1.0,,1568.2192798327535,81.66962481962481,47.76037908552601,300,231,0.0,,,,0.9,96.94892361111111,0.006333333333333339,0.006333333333333339,0.006333333333333339,0.006333333333333339,0.006333333333333339,0.006333333333333339,0.006333333333333339,0.006333333333333339,0.943,0.006333333333333339
1070,spider_001070.jpeg,data/demo/images/spider_001070.jpeg,spider,spider,0.954,rare_class_candidate,rare_class;class_deficit,add_to_next_train,0.33,0.33,0.28763695273944057,0.0,0.0,1.0,,1391.395872888889,125.59291666666667,51.667734933512634,300,200,0.0,,,,0.9,96.94892361111111,0.005111111111111116,0.005111111111111116,0.005111111111111116,0.005111111111111116,0.005111111111111116,0.005111111111111116,0.005111111111111116,0.005111111111111116,0.954,0.005111111111111116
1068,spider_001068.jpeg,data/demo/images/spider_001068.jpeg,spider,spider,0.877,rare_class_candidate,rare_class;class_deficit,add_to_next_train,0.33,0.33,0.6431185839732804,0.0,0.0,1.0,,2079.306232814812,120.72469696969696,47.99507615332295,300,242,0.0,,,,0.9,96.94892361111111,0.013666666666666667,0.013666666666666667,0.013666666666666667,0.013666666666666667,0.013666666666666667,0.013666666666666667,0.013666666666666667,0.013666666666666667,0.877,0.013666666666666667
1067,spider_001067.jpeg,data/demo/images/spider_001067.jpeg,spider,spider,0.958,rare_class_candidate,rare_class;class_deficit,add_to_next_train,0.33,0.33,0.2665324059662736,0.0,0.0,1.0,,1631.73447766022,98.96013136288998,26.51189750550401,203,300,0.0,,,,0.9,96.94892361111111,0.0046666666666666705,0.0046666666666666705,0.0046666666666666705,0.0046666666666666705,0.0046666666666666705,0.0046666666666666705,0.0046666666666666705,0.0046666666666666705,0.958,0.0046666666666666705
1066,spider_001066.jpeg,data/demo/images/spider_001066.jpeg,spider,spider,0.887,rare_class_candidate,rare_class;class_deficit,add_to_next_train,0.33,0.33,0.6010283233980387,0.0,0.0,1.0,,531.2580392156863,215.3451515151515,72.35762291658878,300,187,0.0,,,,0.9,96.94892361111111,0.012555555555555554,0.012555555555555554,0.012555555555555554,0.012555555555555554,0.012555555555555554,0.012555555555555554,0.012555555555555554,0.012555555555555554,0.887,0.012555555555555554
1065,spider_001065.jpeg,data/demo/images/spider_001065.jpeg,spider,spider,0.893,rare_class_candidate,rare_class;class_deficit,add_to_next_train,0.33,0.33,0.5752997967469753,0.0,0.0,1.0,,6676.578196219136,150.5231,57.360512935012856,300,300,0.0,,,,0.9,96.94892361111111,0.011888888888888886,0.011888888888888886,0.011888888888888886,0.011888888888888886,0.011888888888888886,0.011888888888888886,0.011888888888888886,0.011888888888888886,0.893,0.011888888888888886
1064,spider_001064.jpeg,data/demo/images/spider_001064.jpeg,spider,spider,0.902,rare_class_candidate,rare_class;class_deficit,add_to_next_train,0.33,0.33,0.5359941675548843,0.0,0.0,1.0,,3422.488781013114,140.84773333333334,50.017788984142655,300,225,0.0,,,,0.9,96.94892361111111,0.010888888888888885,0.010888888888888885,0.010888888888888885,0.010888888888888885,0.010888888888888885,0.010888888888888885,0.010888888888888885,0.010888888888888885,0.902,0.010888888888888885
1063,spider_001063.jpeg,data/demo/images/spider_001063.jpeg,spider,spider,0.843,hard_example,high_entropy;rare_class;class_deficit,send_to_review,0.33,0.33,0.7796257905886755,0.0,0.0,1.0,,4226.351730666666,104.28905,49.40887099935429,300,200,0.0,,,,0.9,96.94892361111111,0.017444444444444446,0.017444444444444446,0.017444444444444446,0.017444444444444446,0.017444444444444446,0.017444444444444446,0.017444444444444446,0.017444444444444446,0.843,0.017444444444444446
1061,spider_001061.jpeg,data/demo/images/spider_001061.jpeg,spider,spider,0.975,rare_class_candidate,rare_class;class_deficit,add_to_next_train,0.33,0.33,0.1718374535709383,0.0,0.0,1.0,,426.3918570861678,162.99893650793652,43.88276461909637,300,210,0.0,,,,0.9,96.94892361111111,0.00277777777777778,0.00277777777777778,0.00277777777777778,0.00277777777777778,0.00277777777777778,0.00277777777777778,0.00277777777777778,0.00277777777777778,0.975,0.00277777777777778
1059,spider_001059.jpeg,data/demo/images/spider_001059.jpeg,spider,spider,0.836,hard_example,high_entropy;rare_class;class_deficit,send_to_review,0.33,0.33,0.8065884849632984,0.0,0.0,1.0,,456.98572773574756,118.63925925925926,35.41333374392632,300,225,0.0,,,,0.9,96.94892361111111,0.018222222222222226,0.018222222222222226,0.018222222222222226,0.018222222222222226,0.018222222222222226,0.018222222222222226,0.018222222222222226,0.018222222222222226,0.836,0.018222222222222226
1058,spider_001058.jpeg,data/demo/images/spider_001058.jpeg,spider,spider,0.946,rare_class_candidate,rare_class;class_deficit,add_to_next_train,0.33,0.33,0.3287787873207462,0.0,0.0,1.0,,1585.3825178663888,138.70713333333333,49.071041994733406,300,200,0.0,,,,0.9,96.94892361111111,0.006000000000000005,0.006000000000000005,0.006000000000000005,0.006000000000000005,0.006000000000000005,0.006000000000000005,0.006000000000000005,0.006000000000000005,0.946,0.006000000000000005
1057,spider_001057.jpeg,data/demo/images/spider_001057.jpeg,spider,spider,0.834,hard_example,high_entropy;rare_class;class_deficit,send_to_review,0.33,0.33,0.8142259183855688,0.0,0.0,1.0,,4289.462533270464,132.81141592920355,61.375924286856495,300,226,0.0,,,,0.9,96.94892361111111,0.018444444444444447,0.018444444444444447,0.018444444444444447,0.018444444444444447,0.018444444444444447,0.018444444444444447,0.018444444444444447,0.018444444444444447,0.834,0.018444444444444447
1028,spider_001028.jpeg,data/demo/images/spider_001028.jpeg,spider,spider,0.93,rare_class_candidate,rare_class;class_deficit,add_to_next_train,0.33,0.33,0.40744465733522717,0.0,0.0,1.0,,1908.9994917402992,94.25202127659574,45.33265822066684,300,282,0.0,,,,0.9,96.94892361111111,0.007777777777777772,0.007777777777777772,0.007777777777777772,0.007777777777777772,0.007777777777777772,0.007777777777777772,0.007777777777777772,0.007777777777777772,0.93,0.007777777777777772
1036,spider_001036.jpeg,data/demo/images/spider_001036.jpeg,spider,spider,0.914,rare_class_candidate,rare_class;class_deficit,add_to_next_train,0.33,0.33,0.4821455728461575,0.0,0.0,1.0,,1119.7907229809562,134.22474548440064,75.47026784467974,300,203,0.0,,,,0.9,96.94892361111111,0.009555555555555552,0.009555555555555552,0.009555555555555552,0.009555555555555552,0.009555555555555552,0.009555555555555552,0.009555555555555552,0.009555555555555552,0.914,0.009555555555555552
1022,spider_001022.jpeg,data/demo/images/spider_001022.jpeg,spider,spider,0.877,rare_class_candidate,rare_class;class_deficit,add_to_next_train,0.33,0.33,0.6431185839732804,0.0,0.0,1.0,,815.2976739858917,168.42318644067797,56.938221533768655,300,295,0.0,,,,0.9,96.94892361111111,0.013666666666666667,0.013666666666666667,0.013666666666666667,0.013666666666666667,0.013666666666666667,0.013666666666666667,0.013666666666666667,0.013666666666666667,0.877,0.013666666666666667
995,spider_000995.jpeg,data/demo/images/spider_000995.jpeg,spider,spider,0.884,rare_class_candidate,rare_class;class_deficit,add_to_next_train,0.33,0.33,0.6137568144131238,0.0,0.0,1.0,,453.1129598663542,171.6146511627907,61.19838184447517,215,300,0.0,,,,0.9,96.94892361111111,0.012888888888888887,0.012888888888888887,0.012888888888888887,0.012888888888888887,0.012888888888888887,0.012888888888888887,0.012888888888888887,0.012888888888888887,0.884,0.012888888888888887
1005,spider_001005.jpeg,data/demo/images/spider_001005.jpeg,spider,spider,0.959,rare_class_candidate,rare_class;class_deficit,add_to_next_train,0.33,0.33,0.2611954811048294,0.0,0.0,1.0,,1652.5212675530556,72.60563333333333,34.51346560786899,300,200,0.0,,,,0.9,96.94892361111111,0.004555555555555559,0.004555555555555559,0.004555555555555559,0.004555555555555559,0.004555555555555559,0.004555555555555559,0.004555555555555559,0.004555555555555559,0.959,0.004555555555555559
1004,spider_001004.jpeg,data/demo/images/spider_001004.jpeg,spider,spider,0.823,hard_example,high_entropy;rare_class;class_deficit,send_to_review,0.33,0.33,0.855722563347852,0.0,0.0,1.0,,289.1279853028258,115.0299111111111,28.130165332285706,300,225,0.0,,,,0.9,96.94892361111111,0.019666666666666673,0.019666666666666673,0.019666666666666673,0.019666666666666673,0.019666666666666673,0.019666666666666673,0.019666666666666673,0.019666666666666673,0.823,0.019666666666666673
1002,spider_001002.jpeg,data/demo/images/spider_001002.jpeg,spider,spider,0.914,rare_class_candidate,rare_class;class_deficit,add_to_next_train,0.33,0.33,0.4821455728461575,0.0,0.0,1.0,,1205.9937354604492,108.27873684210526,83.65483526770936,300,190,0.0,,,,0.9,96.94892361111111,0.009555555555555552,0.009555555555555552,0.009555555555555552,0.009555555555555552,0.009555555555555552,0.009555555555555552,0.009555555555555552,0.009555555555555552,0.914,0.009555555555555552
1001,spider_001001.jpeg,data/demo/images/spider_001001.jpeg,spider,spider,0.861,hard_example,high_entropy;rare_class;class_deficit,send_to_review,0.33,0.33,0.7085582402144297,0.0,0.0,1.0,,1215.8656089733333,54.686233333333334,41.5674494103125,300,200,0.0,,,,0.9,96.94892361111111,0.015444444444444446,0.015444444444444446,0.015444444444444446,0.015444444444444446,0.015444444444444446,0.015444444444444446,0.015444444444444446,0.015444444444444446,0.861,0.015444444444444446
1000,spider_001000.jpeg,data/demo/images/spider_001000.jpeg,spider,spider,0.876,rare_class_candidate,rare_class;class_deficit,add_to_next_train,0.33,0.33,0.6472755067765251,0.0,0.0,1.0,,11916.343837233055,93.06513333333334,51.397369170502195,300,200,0.0,,,,0.9,96.94892361111111,0.013777777777777778,0.013777777777777778,0.013777777777777778,0.013777777777777778,0.013777777777777778,0.013777777777777778,0.013777777777777778,0.013777777777777778,0.876,0.013777777777777778
999,spider_000999.jpeg,data/demo/images/spider_000999.jpeg,spider,spider,0.867,hard_example,high_entropy;rare_class;class_deficit,send_to_review,0.33,0.33,0.6842809108456316,0.0,0.0,1.0,,135.36602936098646,181.48078880407124,33.61552126037607,262,300,0.0,,,,0.9,96.94892361111111,0.014777777777777779,0.014777777777777779,0.014777777777777779,0.014777777777777779,0.014777777777777779,0.014777777777777779,0.014777777777777779,0.014777777777777779,0.867,0.014777777777777779
1021,spider_001021.jpeg,data/demo/images/spider_001021.jpeg,spider,spider,0.949,rare_class_candidate,rare_class;class_deficit,add_to_next_train,0.33,0.33,0.31350766527652313,0.0,0.0,1.0,,971.2367138705812,199.67507537688442,51.15316919602014,300,199,0.0,,,,0.9,96.94892361111111,0.005666666666666671,0.005666666666666671,0.005666666666666671,0.005666666666666671,0.005666666666666671,0.005666666666666671,0.005666666666666671,0.005666666666666671,0.949,0.005666666666666671
996,spider_000996.jpeg,data/demo/images/spider_000996.jpeg,spider,spider,0.899,rare_class_candidate,rare_class;class_deficit,add_to_next_train,0.33,0.33,0.5491943311021419,0.0,0.0,1.0,,928.6705535791357,129.96354444444444,50.70278179847315,300,300,0.0,,,,0.9,96.94892361111111,0.01122222222222222,0.01122222222222222,0.01122222222222222,0.01122222222222222,0.01122222222222222,0.01122222222222222,0.01122222222222222,0.01122222222222222,0.899,0.01122222222222222
994,spider_000994.jpeg,data/demo/images/spider_000994.jpeg,spider,spider,0.864,hard_example,high_entropy;rare_class;class_deficit,send_to_review,0.33,0.33,0.6964578747930561,0.0,0.0,1.0,,978.5064553598611,96.67699004975124,45.665106842971475,300,268,0.0,,,,0.9,96.94892361111111,0.015111111111111112,0.015111111111111112,0.015111111111111112,0.015111111111111112,0.015111111111111112,0.015111111111111112,0.015111111111111112,0.015111111111111112,0.864,0.015111111111111112
1007,spider_001007.jpeg,data/demo/images/spider_001007.jpeg,spider,spider,0.97,rare_class_candidate,rare_class;class_deficit,add_to_next_train,0.33,0.33,0.20065889549985488,0.0,0.0,1.0,,1313.9410079930553,77.58286666666666,34.6897165326492,300,200,0.0,,,,0.9,96.94892361111111,0.003333333333333336,0.003333333333333336,0.003333333333333336,0.003333333333333336,0.003333333333333336,0.003333333333333336,0.003333333333333336,0.003333333333333336,0.97,0.003333333333333336
993,spider_000993.jpeg,data/demo/images/spider_000993.jpeg,spider,spider,0.871,hard_example,high_entropy;rare_class;class_deficit,send_to_review,0.33,0.33,0.6679232774573239,0.0,0.0,1.0,,1371.7716194612553,146.64366876310274,32.62993713511635,300,159,0.0,,,,0.9,96.94892361111111,0.014333333333333333,0.014333333333333333,0.014333333333333333,0.014333333333333333,0.014333333333333333,0.014333333333333333,0.014333333333333333,0.014333333333333333,0.871,0.014333333333333333
992,spider_000992.jpeg,data/demo/images/spider_000992.jpeg,spider,spider,0.841,hard_example,high_entropy;rare_class;class_deficit,send_to_review,0.33,0.33,0.7873666225883303,0.0,0.0,1.0,,2028.7084672587653,121.56348888888888,38.9374483020151,300,300,0.0,,,,0.9,96.94892361111111,0.01766666666666667,0.01766666666666667,0.01766666666666667,0.01766666666666667,0.01766666666666667,0.01766666666666667,0.01766666666666667,0.01766666666666667,0.841,0.01766666666666667
991,spider_000991.jpeg,data/demo/images/spider_000991.jpeg,spider,spider,0.464,hard_example,high_entropy;rare_class;class_deficit,send_to_review,0.33,0.33,1.8682652998674183,0.0,0.0,1.0,,1038.0885165178622,135.88122287968443,24.268560974211123,300,169,0.0,,,,0.9,96.94892361111111,0.059555555555555556,0.059555555555555556,0.059555555555555556,0.059555555555555556,0.059555555555555556,0.059555555555555556,0.059555555555555556,0.059555555555555556,0.464,0.059555555555555556
990,spider_000990.jpeg,data/demo/images/spider_000990.jpeg,spider,spider,0.891,rare_class_candidate,rare_class;class_deficit,add_to_next_train,0.33,0.33,0.5839169438723175,0.0,0.0,1.0,,2717.6717281835054,122.59924242424242,64.06908050961991,300,154,0.0,,,,0.9,96.94892361111111,0.012111111111111109,0.012111111111111109,0.012111111111111109,0.012111111111111109,0.012111111111111109,0.012111111111111109,0.012111111111111109,0.012111111111111109,0.891,0.012111111111111109
989,spider_000989.jpeg,data/demo/images/spider_000989.jpeg,spider,spider,0.859,hard_example,high_entropy;rare_class;class_deficit,send_to_review,0.33,0.33,0.7165832858587473,0.0,0.0,1.0,,469.26153211766183,171.25407936507938,40.689067591356995,300,210,0.0,,,,0.9,96.94892361111111,0.01566666666666667,0.01566666666666667,0.01566666666666667,0.01566666666666667,0.01566666666666667,0.01566666666666667,0.01566666666666667,0.01566666666666667,0.859,0.01566666666666667
988,spider_000988.jpeg,data/demo/images/spider_000988.jpeg,spider,spider,0.911,rare_class_candidate,rare_class;class_deficit,add_to_next_train,0.33,0.33,0.4957710400550784,0.0,0.0,1.0,,1407.2395864342905,146.25038812785388,37.42322307632165,300,292,0.0,,,,0.9,96.94892361111111,0.009888888888888885,0.009888888888888885,0.009888888888888885,0.009888888888888885,0.009888888888888885,0.009888888888888885,0.009888888888888885,0.009888888888888885,0.911,0.009888888888888885
987,spider_000987.jpeg,data/demo/images/spider_000987.jpeg,spider,spider,0.872,hard_example,high_entropy;rare_class;class_deficit,send_to_review,0.33,0.33,0.6638117634508321,0.0,0.0,1.0,,1970.1073085495746,184.26605925925926,32.33685635829848,300,225,0.0,,,,0.9,96.94892361111111,0.014222222222222223,0.014222222222222223,0.014222222222222223,0.014222222222222223,0.014222222222222223,0.014222222222222223,0.014222222222222223,0.014222222222222223,0.872,0.014222222222222223
986,spider_000986.jpeg,data/demo/images/spider_000986.jpeg,spider,spider,0.912,rare_class_candidate,rare_class;class_deficit,add_to_next_train,0.33,0.33,0.4912417211658523,0.0,0.0,1.0,,1331.7931434930495,109.3941384180791,33.65236842586426,300,236,0.0,,,,0.9,96.94892361111111,0.009777777777777774,0.009777777777777774,0.009777777777777774,0.009777777777777774,0.009777777777777774,0.009777777777777774,0.009777777777777774,0.009777777777777774,0.912,0.009777777777777774
1006,spider_001006.jpeg,data/demo/images/spider_001006.jpeg,spider,spider,0.885,rare_class_candidate,rare_class;class_deficit,add_to_next_train,0.33,0.33,0.6095238347820113,0.0,0.0,1.0,,3838.1389039079395,215.42898936170212,68.77813075059532,300,188,0.0,,,,0.9,96.94892361111111,0.012777777777777777,0.012777777777777777,0.012777777777777777,0.012777777777777777,0.012777777777777777,0.012777777777777777,0.012777777777777777,0.012777777777777777,0.885,0.012777777777777777
997,spider_000997.jpeg,data/demo/images/spider_000997.jpeg,spider,spider,0.895,rare_class_candidate,rare_class;class_deficit,add_to_next_train,0.33,0.33,0.5666407849799048,0.0,0.0,1.0,,2763.797303286694,63.12447407407407,73.844662403346,300,225,0.0,,,,0.9,96.94892361111111,0.011666666666666665,0.011666666666666665,0.011666666666666665,0.011666666666666665,0.011666666666666665,0.011666666666666665,0.011666666666666665,0.011666666666666665,0.895,0.011666666666666665
1016,spider_001016.jpeg,data/demo/images/spider_001016.jpeg,spider,spider,0.931,rare_class_candidate,rare_class;class_deficit,add_to_next_train,0.33,0.33,0.4026530288561762,0.0,0.0,1.0,,5387.049571081851,116.65833948339484,56.2032514167411,300,271,0.0,,,,0.9,96.94892361111111,0.007666666666666661,0.007666666666666661,0.007666666666666661,0.007666666666666661,0.007666666666666661,0.007666666666666661,0.007666666666666661,0.007666666666666661,0.931,0.007666666666666661
1017,spider_001017.jpeg,data/demo/images/spider_001017.jpeg,spider,spider,0.822,hard_example,high_entropy;rare_class;class_deficit,send_to_review,0.33,0.33,0.8594531670598133,0.0,0.0,1.0,,937.7651643438419,199.26421227197346,42.455924774122145,201,300,0.0,,,,0.9,96.94892361111111,0.019777777777777783,0.019777777777777783,0.019777777777777783,0.019777777777777783,0.019777777777777783,0.019777777777777783,0.019777777777777783,0.019777777777777783,0.822,0.019777777777777783
1008,spider_001008.jpg,data/demo/images/spider_001008.jpg,spider,spider,0.886,rare_class_candidate,rare_class;class_deficit,add_to_next_train,0.33,0.33,0.6052810294453922,0.0,0.0,1.0,,2912.3962610906747,105.06552526595745,51.232593359768714,640,423,0.0,,,,0.9,96.94892361111111,0.012666666666666666,0.012666666666666666,0.012666666666666666,0.012666666666666666,0.012666666666666666,0.012666666666666666,0.012666666666666666,0.012666666666666666,0.886,0.012666666666666666
1018,spider_001018.jpeg,data/demo/images/spider_001018.jpeg,spider,spider,0.856,hard_example,high_entropy;rare_class;class_deficit,send_to_review,0.33,0.33,0.7285590510022777,0.0,0.0,1.0,,5551.375941130652,112.03042767295598,55.971238503051936,300,265,0.0,,,,0.9,96.94892361111111,0.016,0.016,0.016,0.016,0.016,0.016,0.016,0.016,0.856,0.016
1011,spider_001011.jpeg,data/demo/images/spider_001011.jpeg,spider,spider,0.831,hard_example,high_entropy;rare_class;class_deficit,send_to_review,0.33,0.33,0.8256279802050818,0.0,0.0,1.0,,561.4440080194117,146.83366313309776,56.60270078407408,283,300,0.0,,,,0.9,96.94892361111111,0.018777777777777782,0.018777777777777782,0.018777777777777782,0.018777777777777782,0.018777777777777782,0.018777777777777782,0.018777777777777782,0.018777777777777782,0.831,0.018777777777777782
1012,spider_001012.jpeg,data/demo/images/spider_001012.jpeg,spider,spider,0.967,rare_class_candidate,rare_class;class_deficit,add_to_next_train,0.33,0.33,0.21752898540250426,0.0,0.0,1.0,,583.4975871111111,104.50371851851853,29.97495202891212,300,225,0.0,,,,0.9,96.94892361111111,0.00366666666666667,0.00366666666666667,0.00366666666666667,0.00366666666666667,0.00366666666666667,0.00366666666666667,0.00366666666666667,0.00366666666666667,0.967,0.00366666666666667
1013,spider_001013.jpeg,data/demo/images/spider_001013.jpeg,spider,spider,0.978,rare_class_candidate,rare_class;class_deficit,add_to_next_train,0.33,0.33,0.15406281841560157,0.0,0.0,1.0,,1413.1170787053716,100.5314749262537,39.29988456386541,226,300,0.0,,,,0.9,96.94892361111111,0.0024444444444444466,0.0024444444444444466,0.0024444444444444466,0.0024444444444444466,0.0024444444444444466,0.0024444444444444466,0.0024444444444444466,0.0024444444444444466,0.978,0.0024444444444444466
1014,spider_001014.jpeg,data/demo/images/spider_001014.jpeg,spider,spider,0.918,rare_class_candidate,rare_class;class_deficit,add_to_next_train,0.33,0.33,0.4637995014584284,0.0,0.0,1.0,,1043.2096410488887,60.80403333333334,38.91607975801548,300,200,0.0,,,,0.9,96.94892361111111,0.009111111111111106,0.009111111111111106,0.009111111111111106,0.009111111111111106,0.009111111111111106,0.009111111111111106,0.009111111111111106,0.009111111111111106,0.918,0.009111111111111106
1019,spider_001019.jpeg,data/demo/images/spider_001019.jpeg,spider,spider,0.914,rare_class_candidate,rare_class;class_deficit,add_to_next_train,0.33,0.33,0.4821455728461575,0.0,0.0,1.0,,2982.142839844261,174.70936170212767,57.71132118752435,300,188,0.0,,,,0.9,96.94892361111111,0.009555555555555552,0.009555555555555552,0.009555555555555552,0.009555555555555552,0.009555555555555552,0.009555555555555552,0.009555555555555552,0.009555555555555552,0.914,0.009555555555555552
1015,spider_001015.jpeg,data/demo/images/spider_001015.jpeg,spider,spider,0.894,rare_class_candidate,rare_class;class_deficit,add_to_next_train,0.33,0.33,0.5709755671987758,0.0,0.0,1.0,,715.7275083956756,158.16471400394477,41.26393458342035,300,169,0.0,,,,0.9,96.94892361111111,0.011777777777777776,0.011777777777777776,0.011777777777777776,0.011777777777777776,0.011777777777777776,0.011777777777777776,0.011777777777777776,0.011777777777777776,0.894,0.011777777777777776
1020,spider_001020.jpeg,data/demo/images/spider_001020.jpeg,spider,spider,0.82,hard_example,high_entropy;rare_class;class_deficit,send_to_review,0.33,0.33,0.8668939007306141,0.0,0.0,1.0,,1506.546145688011,151.70226666666667,68.50895215395279,300,225,0.0,,,,0.9,96.94892361111111,0.020000000000000004,0.020000000000000004,0.020000000000000004,0.020000000000000004,0.020000000000000004,0.020000000000000004,0.020000000000000004,0.020000000000000004,0.82,0.020000000000000004
1187,squirrel_001187.jpeg,data/demo/images/squirrel_001187.jpeg,squirrel,squirrel,0.916,rare_class_candidate,rare_class;class_deficit,add_to_next_train,0.3298333333333333,0.3298333333333333,0.4729985323340382,0.0,0.0,1.0,,1517.4495347352376,149.2336224489796,33.04612930507795,300,196,0.0,,,,0.8991666666666667,96.94892361111111,0.009333333333333329,0.009333333333333329,0.009333333333333329,0.009333333333333329,0.009333333333333329,0.009333333333333329,0.009333333333333329,0.009333333333333329,0.009333333333333329,0.916
1184,squirrel_001184.jpeg,data/demo/images/squirrel_001184.jpeg,squirrel,squirrel,0.902,rare_class_candidate,rare_class;class_deficit,add_to_next_train,0.3298333333333333,0.3298333333333333,0.5359941675548843,0.0,0.0,1.0,,4269.276425328889,106.52236666666667,36.53318856052519,300,200,0.0,,,,0.8991666666666667,96.94892361111111,0.010888888888888885,0.010888888888888885,0.010888888888888885,0.010888888888888885,0.010888888888888885,0.010888888888888885,0.010888888888888885,0.010888888888888885,0.010888888888888885,0.902
1195,squirrel_001195.jpeg,data/demo/images/squirrel_001195.jpeg,squirrel,squirrel,0.891,rare_class_candidate,rare_class;class_deficit,add_to_next_train,0.3298333333333333,0.3298333333333333,0.5839169438723176,0.0,0.0,1.0,,1689.2257441097395,108.6590962962963,35.643930960184946,300,225,0.0,,,,0.8991666666666667,96.94892361111111,0.012111111111111109,0.012111111111111109,0.012111111111111109,0.012111111111111109,0.012111111111111109,0.012111111111111109,0.012111111111111109,0.012111111111111109,0.012111111111111109,0.891
1180,squirrel_001180.jpeg,data/demo/images/squirrel_001180.jpeg,squirrel,squirrel,0.973,rare_class_candidate,rare_class;class_deficit,add_to_next_train,0.3298333333333333,0.3298333333333333,0.18347902522111684,0.0,0.0,1.0,,11705.498179304357,114.86952645135725,58.75788592642979,245,206,0.0,,,,0.8991666666666667,96.94892361111111,0.0030000000000000027,0.0030000000000000027,0.0030000000000000027,0.0030000000000000027,0.0030000000000000027,0.0030000000000000027,0.0030000000000000027,0.0030000000000000027,0.0030000000000000027,0.973
1166,squirrel_001166.jpeg,data/demo/images/squirrel_001166.jpeg,squirrel,squirrel,0.887,rare_class_candidate,rare_class;class_deficit,add_to_next_train,0.3298333333333333,0.3298333333333333,0.6010283233980387,0.0,0.0,1.0,,6270.221496319768,133.0651479289941,63.070675396715394,300,169,0.0,,,,0.8991666666666667,96.94892361111111,0.012555555555555554,0.012555555555555554,0.012555555555555554,0.012555555555555554,0.012555555555555554,0.012555555555555554,0.012555555555555554,0.012555555555555554,0.012555555555555554,0.887
1194,squirrel_001194.jpeg,data/demo/images/squirrel_001194.jpeg,squirrel,squirrel,0.968,rare_class_candidate,rare_class;class_deficit,add_to_next_train,0.3298333333333333,0.3298333333333333,0.21193824608357975,0.0,0.0,1.0,,13628.817626872098,100.42404444444445,53.18982325050767,300,225,0.0,,,,0.8991666666666667,96.94892361111111,0.0035555555555555588,0.0035555555555555588,0.0035555555555555588,0.0035555555555555588,0.0035555555555555588,0.0035555555555555588,0.0035555555555555588,0.0035555555555555588,0.0035555555555555588,0.968
1179,squirrel_001179.jpeg,data/demo/images/squirrel_001179.jpeg,squirrel,squirrel,0.959,rare_class_candidate,rare_class;class_deficit,add_to_next_train,0.3298333333333333,0.3298333333333333,0.2611954811048294,0.0,0.0,1.0,,1221.6555511170245,112.3376911976912,40.19552848401856,225,154,0.0,,,,0.8991666666666667,96.94892361111111,0.004555555555555559,0.004555555555555559,0.004555555555555559,0.004555555555555559,0.004555555555555559,0.004555555555555559,0.004555555555555559,0.004555555555555559,0.004555555555555559,0.959
1196,squirrel_001196.jpeg,data/demo/images/squirrel_001196.jpeg,squirrel,squirrel,0.908,rare_class_candidate,rare_class;class_deficit,add_to_next_train,0.3298333333333333,0.3298333333333333,0.5092854852385835,0.0,0.0,1.0,,481.1283252541015,83.32991111111112,27.516689133705523,300,225,0.0,,,,0.8991666666666667,96.94892361111111,0.01022222222222222,0.01022222222222222,0.01022222222222222,0.01022222222222222,0.01022222222222222,0.01022222222222222,0.01022222222222222,0.01022222222222222,0.01022222222222222,0.908
1193,squirrel_001193.jpeg,data/demo/images/squirrel_001193.jpeg,squirrel,squirrel,0.879,rare_class_candidate,rare_class;class_deficit,add_to_next_train,0.3298333333333333,0.3298333333333333,0.6347768617573437,0.0,0.0,1.0,,1721.857658236332,84.74560777315091,40.852057098116425,246,205,0.0,,,,0.8991666666666667,96.94892361111111,0.013444444444444445,0.013444444444444445,0.013444444444444445,0.013444444444444445,0.013444444444444445,0.013444444444444445,0.013444444444444445,0.013444444444444445,0.013444444444444445,0.879
1190,squirrel_001190.jpeg,data/demo/images/squirrel_001190.jpeg,squirrel,squirrel,0.896,rare_class_candidate,rare_class;class_deficit,add_to_next_train,0.3298333333333333,0.3298333333333333,0.5622953614888638,0.0,0.0,1.0,,1244.1577659722225,113.73331666666667,54.5082592824218,300,200,0.0,,,,0.8991666666666667,96.94892361111111,0.011555555555555553,0.011555555555555553,0.011555555555555553,0.011555555555555553,0.011555555555555553,0.011555555555555553,0.011555555555555553,0.011555555555555553,0.011555555555555553,0.896
1192,squirrel_001192.jpeg,data/demo/images/squirrel_001192.jpeg,squirrel,squirrel,0.824,hard_example,high_entropy;rare_class;class_deficit,send_to_review,0.3298333333333333,0.3298333333333333,0.8519850948211928,0.0,0.0,1.0,,5255.141732638888,144.96008333333333,34.82780388319638,300,200,0.0,,,,0.8991666666666667,96.94892361111111,0.019555555555555562,0.019555555555555562,0.019555555555555562,0.019555555555555562,0.019555555555555562,0.019555555555555562,0.019555555555555562,0.019555555555555562,0.019555555555555562,0.824
1189,squirrel_001189.jpeg,data/demo/images/squirrel_001189.jpeg,squirrel,squirrel,0.837,hard_example,high_entropy;rare_class;class_deficit,send_to_review,0.3298333333333333,0.3298333333333333,0.802758845356748,0.0,0.0,1.0,,1778.4310015308333,92.8285,30.60167132282157,300,200,0.0,,,,0.8991666666666667,96.94892361111111,0.018111111111111116,0.018111111111111116,0.018111111111111116,0.018111111111111116,0.018111111111111116,0.018111111111111116,0.018111111111111116,0.018111111111111116,0.018111111111111116,0.837
1199,squirrel_001199.jpeg,data/demo/images/squirrel_001199.jpeg,squirrel,squirrel,0.876,rare_class_candidate,rare_class;class_deficit,add_to_next_train,0.3298333333333333,0.3298333333333333,0.6472755067765251,0.0,0.0,1.0,,1184.234457464411,94.79685185185186,51.59996102463145,270,300,0.0,,,,0.8991666666666667,96.94892361111111,0.013777777777777778,0.013777777777777778,0.013777777777777778,0.013777777777777778,0.013777777777777778,0.013777777777777778,0.013777777777777778,0.013777777777777778,0.013777777777777778,0.876
1167,squirrel_001167.jpeg,data/demo/images/squirrel_001167.jpeg,squirrel,squirrel,0.847,hard_example,high_entropy;rare_class;class_deficit,send_to_review,0.3298333333333333,0.3298333333333333,0.7640531389712463,0.0,0.0,1.0,,1661.7236813977102,94.13765285996055,27.567666193259896,300,169,0.0,,,,0.8991666666666667,96.94892361111111,0.017,0.017,0.017,0.017,0.017,0.017,0.017,0.017,0.017,0.847
1169,squirrel_001169.jpeg,data/demo/images/squirrel_001169.jpeg,squirrel,squirrel,0.831,hard_example,high_entropy;rare_class;class_deficit,send_to_review,0.3298333333333333,0.3298333333333333,0.8256279802050818,0.0,0.0,1.0,,1635.4245893396983,86.31583703703704,60.03951682266746,300,225,0.0,,,,0.8991666666666667,96.94892361111111,0.018777777777777782,0.018777777777777782,0.018777777777777782,0.018777777777777782,0.018777777777777782,0.018777777777777782,0.018777777777777782,0.018777777777777782,0.018777777777777782,0.831
1168,squirrel_001168.jpeg,data/demo/images/squirrel_001168.jpeg,squirrel,squirrel,0.842,hard_example,high_entropy;rare_class;class_deficit,send_to_review,0.3298333333333333,0.3298333333333333,0.7834999649909602,0.0,0.0,1.0,,9662.893339699722,128.06833333333333,52.49514006606283,300,200,0.0,,,,0.8991666666666667,96.94892361111111,0.01755555555555556,0.01755555555555556,0.01755555555555556,0.01755555555555556,0.01755555555555556,0.01755555555555556,0.01755555555555556,0.01755555555555556,0.01755555555555556,0.842
1177,squirrel_001177.jpeg,data/demo/images/squirrel_001177.jpeg,squirrel,squirrel,0.958,rare_class_candidate,rare_class;class_deficit,add_to_next_train,0.3298333333333333,0.3298333333333333,0.2665324059662736,0.0,0.0,1.0,,542.3761878863563,140.0804339250493,35.45693389941394,300,169,0.0,,,,0.8991666666666667,96.94892361111111,0.0046666666666666705,0.0046666666666666705,0.0046666666666666705,0.0046666666666666705,0.0046666666666666705,0.0046666666666666705,0.0046666666666666705,0.0046666666666666705,0.0046666666666666705,0.958
1183,squirrel_001183.jpeg,data/demo/images/squirrel_001183.jpeg,squirrel,squirrel,0.915,rare_class_candidate,rare_class;class_deficit,add_to_next_train,0.3298333333333333,0.3298333333333333,0.4775784815269372,0.0,0.0,1.0,,8749.96652978199,128.91014925373133,51.91510374154265,201,300,0.0,,,,0.8991666666666667,96.94892361111111,0.009444444444444441,0.009444444444444441,0.009444444444444441,0.009444444444444441,0.009444444444444441,0.009444444444444441,0.009444444444444441,0.009444444444444441,0.009444444444444441,0.915
1170,squirrel_001170.jpeg,data/demo/images/squirrel_001170.jpeg,squirrel,squirrel,0.977,rare_class_candidate,rare_class;class_deficit,add_to_next_train,0.3298333333333333,0.3298333333333333,0.16003160824870283,0.0,0.0,1.0,,1853.31432777943,88.664972899729,49.76025359805652,300,246,0.0,,,,0.8991666666666667,96.94892361111111,0.002555555555555558,0.002555555555555558,0.002555555555555558,0.002555555555555558,0.002555555555555558,0.002555555555555558,0.002555555555555558,0.002555555555555558,0.002555555555555558,0.977
1171,squirrel_001171.jpeg,data/demo/images/squirrel_001171.jpeg,squirrel,squirrel,0.966,rare_class_candidate,rare_class;class_deficit,add_to_next_train,0.3298333333333333,0.3298333333333333,0.223088382925328,0.0,0.0,1.0,,2374.797593270833,76.94866666666667,40.419219416290346,300,200,0.0,,,,0.8991666666666667,96.94892361111111,0.003777777777777781,0.003777777777777781,0.003777777777777781,0.003777777777777781,0.003777777777777781,0.003777777777777781,0.003777777777777781,0.003777777777777781,0.003777777777777781,0.966
1172,squirrel_001172.jpeg,data/demo/images/squirrel_001172.jpeg,squirrel,squirrel,0.98,rare_class_candidate,rare_class;class_deficit,add_to_next_train,0.3298333333333333,0.3298333333333333,0.1419835948264585,0.0,0.0,1.0,,8725.068801108586,86.80656296296296,57.60193377574484,300,225,0.0,,,,0.8991666666666667,96.94892361111111,0.0022222222222222244,0.0022222222222222244,0.0022222222222222244,0.0022222222222222244,0.0022222222222222244,0.0022222222222222244,0.0022222222222222244,0.0022222222222222244,0.0022222222222222244,0.98
1176,squirrel_001176.jpeg,data/demo/images/squirrel_001176.jpeg,squirrel,squirrel,0.888,rare_class_candidate,rare_class;class_deficit,add_to_next_train,0.3298333333333333,0.3298333333333333,0.5967656402816964,0.0,0.0,1.0,,4104.579751858217,103.45351111111111,52.705624004902674,300,225,0.0,,,,0.8991666666666667,96.94892361111111,0.012444444444444444,0.012444444444444444,0.012444444444444444,0.012444444444444444,0.012444444444444444,0.012444444444444444,0.012444444444444444,0.012444444444444444,0.012444444444444444,0.888
1197,squirrel_001197.jpeg,data/demo/images/squirrel_001197.jpeg,squirrel,squirrel,0.973,rare_class_candidate,rare_class;class_deficit,add_to_next_train,0.3298333333333333,0.3298333333333333,0.18347902522111684,0.0,0.0,1.0,,6096.31598048044,138.82065185185186,54.445794832865616,225,300,0.0,,,,0.8991666666666667,96.94892361111111,0.0030000000000000027,0.0030000000000000027,0.0030000000000000027,0.0030000000000000027,0.0030000000000000027,0.0030000000000000027,0.0030000000000000027,0.0030000000000000027,0.0030000000000000027,0.973
1198,squirrel_001198.jpeg,data/demo/images/squirrel_001198.jpeg,squirrel,squirrel,0.972,rare_class_candidate,rare_class;class_deficit,add_to_next_train,0.3298333333333333,0.3298333333333333,0.18924198892710029,0.0,0.0,1.0,,13502.269945421727,89.66162222222222,52.75925374789774,300,300,0.0,,,,0.8991666666666667,96.94892361111111,0.003111111111111114,0.003111111111111114,0.003111111111111114,0.003111111111111114,0.003111111111111114,0.003111111111111114,0.003111111111111114,0.003111111111111114,0.003111111111111114,0.972
1188,squirrel_001188.jpeg,data/demo/images/squirrel_001188.jpeg,squirrel,squirrel,0.859,hard_example,high_entropy;rare_class;class_deficit,send_to_review,0.3298333333333333,0.3298333333333333,0.7165832858587472,0.0,0.0,1.0,,1938.3278943197224,136.02983333333333,71.99537955062735,300,200,0.0,,,,0.8991666666666667,96.94892361111111,0.01566666666666667,0.01566666666666667,0.01566666666666667,0.01566666666666667,0.01566666666666667,0.01566666666666667,0.01566666666666667,0.01566666666666667,0.01566666666666667,0.859
1186,squirrel_001186.jpeg,data/demo/images/squirrel_001186.jpeg,squirrel,squirrel,0.951,rare_class_candidate,rare_class;class_deficit,add_to_next_train,0.3298333333333333,0.3298333333333333,0.30322420518352605,0.0,0.0,1.0,,1151.6541179155558,154.53241666666668,40.620281664373714,300,200,0.0,,,,0.8991666666666667,96.94892361111111,0.00544444444444445,0.00544444444444445,0.00544444444444445,0.00544444444444445,0.00544444444444445,0.00544444444444445,0.00544444444444445,0.00544444444444445,0.00544444444444445,0.951
1175,squirrel_001175.jpeg,data/demo/images/squirrel_001175.jpeg,squirrel,squirrel,0.842,hard_example,high_entropy;rare_class;class_deficit,send_to_review,0.3298333333333333,0.3298333333333333,0.7834999649909602,0.0,0.0,1.0,,2673.3959161806724,110.47692307692307,49.07417326558478,300,234,0.0,,,,0.8991666666666667,96.94892361111111,0.01755555555555556,0.01755555555555556,0.01755555555555556,0.01755555555555556,0.01755555555555556,0.01755555555555556,0.01755555555555556,0.01755555555555556,0.01755555555555556,0.842
1185,squirrel_001185.jpeg,data/demo/images/squirrel_001185.jpeg,squirrel,squirrel,0.892,rare_class_candidate,rare_class;class_deficit,add_to_next_train,0.3298333333333333,0.3298333333333333,0.5796135605436651,0.0,0.0,1.0,,651.4415938573737,162.39648729446935,70.5142890855419,300,223,0.0,,,,0.8991666666666667,96.94892361111111,0.011999999999999999,0.011999999999999999,0.011999999999999999,0.011999999999999999,0.011999999999999999,0.011999999999999999,0.011999999999999999,0.011999999999999999,0.011999999999999999,0.892
1181,squirrel_001181.jpeg,data/demo/images/squirrel_001181.jpeg,squirrel,squirrel,0.904,rare_class_candidate,rare_class;class_deficit,add_to_next_train,0.3298333333333333,0.3298333333333333,0.5271376602309745,0.0,0.0,1.0,,1549.817051147407,126.71043410852714,37.51541218745298,300,215,0.0,,,,0.8991666666666667,96.94892361111111,0.010666666666666665,0.010666666666666665,0.010666666666666665,0.010666666666666665,0.010666666666666665,0.010666666666666665,0.010666666666666665,0.010666666666666665,0.010666666666666665,0.904
1173,squirrel_001173.jpeg,data/demo/images/squirrel_001173.jpeg,squirrel,squirrel,0.972,rare_class_candidate,rare_class;class_deficit,add_to_next_train,0.3298333333333333,0.3298333333333333,0.18924198892710029,0.0,0.0,1.0,,271.82754925063625,203.5234142394822,64.74468929247568,300,206,0.0,,,,0.8991666666666667,96.94892361111111,0.003111111111111114,0.003111111111111114,0.003111111111111114,0.003111111111111114,0.003111111111111114,0.003111111111111114,0.003111111111111114,0.003111111111111114,0.003111111111111114,0.972
1191,squirrel_001191.jpeg,data/demo/images/squirrel_001191.jpeg,squirrel,squirrel,0.872,hard_example,high_entropy;rare_class;class_deficit,send_to_review,0.3298333333333333,0.3298333333333333,0.6638117634508321,0.0,0.0,1.0,,901.6960646520536,105.26058730158731,30.140195420277838,300,210,0.0,,,,0.8991666666666667,96.94892361111111,0.014222222222222223,0.014222222222222223,0.014222222222222223,0.014222222222222223,0.014222222222222223,0.014222222222222223,0.014222222222222223,0.014222222222222223,0.014222222222222223,0.872
1117,squirrel_001117.jpeg,data/demo/images/squirrel_001117.jpeg,squirrel,squirrel,0.895,rare_class_candidate,rare_class;class_deficit,add_to_next_train,0.3298333333333333,0.3298333333333333,0.5666407849799048,0.0,0.0,1.0,,348.3913937747278,149.695483234714,57.92470212002394,300,169,0.0,,,,0.8991666666666667,96.94892361111111,0.011666666666666665,0.011666666666666665,0.011666666666666665,0.011666666666666665,0.011666666666666665,0.011666666666666665,0.011666666666666665,0.011666666666666665,0.011666666666666665,0.895
1164,squirrel_001164.jpeg,data/demo/images/squirrel_001164.jpeg,squirrel,squirrel,0.874,hard_example,high_entropy;rare_class;class_deficit,send_to_review,0.3298333333333333,0.3298333333333333,0.6555617971276768,0.0,0.0,1.0,,1475.6814813684587,125.35493081761007,67.16236254297272,265,300,0.0,,,,0.8991666666666667,96.94892361111111,0.014,0.014,0.014,0.014,0.014,0.014,0.014,0.014,0.014,0.874
1110,squirrel_001110.jpeg,data/demo/images/squirrel_001110.jpeg,squirrel,squirrel,0.91,rare_class_candidate,rare_class;class_deficit,add_to_next_train,0.3298333333333333,0.3298333333333333,0.5002880250577583,0.0,0.0,1.0,,742.2193993805728,110.65024691358025,39.36640307796812,300,216,0.0,,,,0.8991666666666667,96.94892361111111,0.009999999999999997,0.009999999999999997,0.009999999999999997,0.009999999999999997,0.009999999999999997,0.009999999999999997,0.009999999999999997,0.009999999999999997,0.009999999999999997,0.91
1104,squirrel_001104.jpeg,data/demo/images/squirrel_001104.jpeg,squirrel,squirrel,0.926,rare_class_candidate,rare_class;class_deficit,add_to_next_train,0.3298333333333333,0.3298333333333333,0.426459529525547,0.0,0.0,1.0,,2190.588393953056,116.99765,45.08327714142832,300,200,0.0,,,,0.8991666666666667,96.94892361111111,0.008222222222222218,0.008222222222222218,0.008222222222222218,0.008222222222222218,0.008222222222222218,0.008222222222222218,0.008222222222222218,0.008222222222222218,0.008222222222222218,0.926
1105,squirrel_001105.jpeg,data/demo/images/squirrel_001105.jpeg,squirrel,squirrel,0.897,rare_class_candidate,rare_class;class_deficit,add_to_next_train,0.3298333333333333,0.3298333333333333,0.5579392063933755,0.0,0.0,1.0,,1611.2744950130875,87.59317384370016,42.348191143383076,209,300,0.0,,,,0.8991666666666667,96.94892361111111,0.011444444444444443,0.011444444444444443,0.011444444444444443,0.011444444444444443,0.011444444444444443,0.011444444444444443,0.011444444444444443,0.011444444444444443,0.011444444444444443,0.897
1106,squirrel_001106.jpeg,data/demo/images/squirrel_001106.jpeg,squirrel,squirrel,0.95,rare_class_candidate,rare_class;class_deficit,add_to_next_train,0.3298333333333333,0.3298333333333333,0.3083764622126845,0.0,0.0,1.0,,4350.886629096077,126.65031111111111,52.03759238651123,300,225,0.0,,,,0.8991666666666667,96.94892361111111,0.00555555555555556,0.00555555555555556,0.00555555555555556,0.00555555555555556,0.00555555555555556,0.00555555555555556,0.00555555555555556,0.00555555555555556,0.00555555555555556,0.95
1107,squirrel_001107.jpeg,data/demo/images/squirrel_001107.jpeg,squirrel,squirrel,0.959,rare_class_candidate,rare_class;class_deficit,add_to_next_train,0.3298333333333333,0.3298333333333333,0.2611954811048294,0.0,0.0,1.0,,2238.880862433233,116.09546351084812,35.269270183298026,300,169,0.0,,,,0.8991666666666667,96.94892361111111,0.004555555555555559,0.004555555555555559,0.004555555555555559,0.004555555555555559,0.004555555555555559,0.004555555555555559,0.004555555555555559,0.004555555555555559,0.004555555555555559,0.959
1108,squirrel_001108.jpeg,data/demo/images/squirrel_001108.jpeg,squirrel,squirrel,0.821,hard_example,high_entropy;rare_class;class_deficit,send_to_review,0.3298333333333333,0.3298333333333333,0.8631769362193821,0.0,0.0,1.0,,1038.313061221257,150.3313432835821,40.92729989428471,300,201,0.0,,,,0.8991666666666667,96.94892361111111,0.019888888888888893,0.019888888888888893,0.019888888888888893,0.019888888888888893,0.019888888888888893,0.019888888888888893,0.019888888888888893,0.019888888888888893,0.019888888888888893,0.821
1109,squirrel_001109.jpeg,data/demo/images/squirrel_001109.jpeg,squirrel,squirrel,0.894,rare_class_candidate,rare_class;class_deficit,add_to_next_train,0.3298333333333333,0.3298333333333333,0.5709755671987758,0.0,0.0,1.0,,467.5832446399999,63.91688333333333,38.48380579264983,300,200,0.0,,,,0.8991666666666667,96.94892361111111,0.011777777777777776,0.011777777777777776,0.011777777777777776,0.011777777777777776,0.011777777777777776,0.011777777777777776,0.011777777777777776,0.011777777777777776,0.011777777777777776,0.894
1112,squirrel_001112.jpeg,data/demo/images/squirrel_001112.jpeg,squirrel,squirrel,0.903,rare_class_candidate,rare_class;class_deficit,add_to_next_train,0.3298333333333333,0.3298333333333333,0.5315716223333848,0.0,0.0,1.0,,419.37879225327845,102.09177777777778,39.009747013082404,300,225,0.0,,,,0.8991666666666667,96.94892361111111,0.010777777777777775,0.010777777777777775,0.010777777777777775,0.010777777777777775,0.010777777777777775,0.010777777777777775,0.010777777777777775,0.010777777777777775,0.010777777777777775,0.903
1102,squirrel_001102.jpeg,data/demo/images/squirrel_001102.jpeg,squirrel,squirrel,0.972,rare_class_candidate,rare_class;class_deficit,add_to_next_train,0.3298333333333333,0.3298333333333333,0.18924198892710029,0.0,0.0,1.0,,3491.942407865053,176.54457479949625,61.40586971981924,282,214,0.0,,,,0.8991666666666667,96.94892361111111,0.003111111111111114,0.003111111111111114,0.003111111111111114,0.003111111111111114,0.003111111111111114,0.003111111111111114,0.003111111111111114,0.003111111111111114,0.003111111111111114,0.972
1113,squirrel_001113.jpeg,data/demo/images/squirrel_001113.jpeg,squirrel,squirrel,0.821,hard_example,high_entropy;rare_class;class_deficit,send_to_review,0.3298333333333333,0.3298333333333333,0.8631769362193821,0.0,0.0,1.0,,5550.0632547099995,119.48283333333333,41.008870243386234,200,300,0.0,,,,0.8991666666666667,96.94892361111111,0.019888888888888893,0.019888888888888893,0.019888888888888893,0.019888888888888893,0.019888888888888893,0.019888888888888893,0.019888888888888893,0.019888888888888893,0.019888888888888893,0.821
1114,squirrel_001114.jpeg,data/demo/images/squirrel_001114.jpeg,squirrel,squirrel,0.821,hard_example,high_entropy;rare_class;class_deficit,send_to_review,0.3298333333333333,0.3298333333333333,0.8631769362193821,0.0,0.0,1.0,,1358.3659043389418,166.8794298245614,60.86266928537063,228,300,0.0,,,,0.8991666666666667,96.94892361111111,0.019888888888888893,0.019888888888888893,0.019888888888888893,0.019888888888888893,0.019888888888888893,0.019888888888888893,0.019888888888888893,0.019888888888888893,0.019888888888888893,0.821
1115,squirrel_001115.jpeg,data/demo/images/squirrel_001115.jpeg,squirrel,squirrel,0.821,hard_example,high_entropy;rare_class;class_deficit,send_to_review,0.3298333333333333,0.3298333333333333,0.8631769362193821,0.0,0.0,1.0,,1919.4019997370153,93.79669871794871,33.35066190284605,300,208,0.0,,,,0.8991666666666667,96.94892361111111,0.019888888888888893,0.019888888888888893,0.019888888888888893,0.019888888888888893,0.019888888888888893,0.019888888888888893,0.019888888888888893,0.019888888888888893,0.019888888888888893,0.821
1116,squirrel_001116.jpeg,data/demo/images/squirrel_001116.jpeg,squirrel,squirrel,0.958,rare_class_candidate,rare_class;class_deficit,add_to_next_train,0.3298333333333333,0.3298333333333333,0.2665324059662736,0.0,0.0,1.0,,469.200077069056,74.972784,45.276969634565255,250,250,0.0,,,,0.8991666666666667,96.94892361111111,0.0046666666666666705,0.0046666666666666705,0.0046666666666666705,0.0046666666666666705,0.0046666666666666705,0.0046666666666666705,0.0046666666666666705,0.0046666666666666705,0.0046666666666666705,0.958
1118,squirrel_001118.jpeg,data/demo/images/squirrel_001118.jpeg,squirrel,squirrel,0.867,hard_example,high_entropy;rare_class;class_deficit,send_to_review,0.3298333333333333,0.3298333333333333,0.6842809108456316,0.0,0.0,1.0,,3094.9287823372288,97.00257777777777,47.23028211762679,300,225,0.0,,,,0.8991666666666667,96.94892361111111,0.014777777777777779,0.014777777777777779,0.014777777777777779,0.014777777777777779,0.014777777777777779,0.014777777777777779,0.014777777777777779,0.014777777777777779,0.014777777777777779,0.867
1119,squirrel_001119.jpeg,data/demo/images/squirrel_001119.jpeg,squirrel,squirrel,0.924,rare_class_candidate,rare_class;class_deficit,add_to_next_train,0.3298333333333333,0.3298333333333333,0.43587864880101285,0.0,0.0,1.0,,411.10315875160285,171.8318257956449,56.802962731343776,300,199,0.0,,,,0.8991666666666667,96.94892361111111,0.00844444444444444,0.00844444444444444,0.00844444444444444,0.00844444444444444,0.00844444444444444,0.00844444444444444,0.00844444444444444,0.00844444444444444,0.00844444444444444,0.924
1103,squirrel_001103.jpeg,data/demo/images/squirrel_001103.jpeg,squirrel,squirrel,0.942,rare_class_candidate,rare_class;class_deficit,add_to_next_train,0.3298333333333333,0.3298333333333333,0.34886763120501246,0.0,0.0,1.0,,4494.532820817778,92.10088888888889,52.1011396685853,300,225,0.0,,,,0.8991666666666667,96.94892361111111,0.0064444444444444506,0.0064444444444444506,0.0064444444444444506,0.0064444444444444506,0.0064444444444444506,0.0064444444444444506,0.0064444444444444506,0.0064444444444444506,0.0064444444444444506,0.942
1081,squirrel_001081.jpeg,data/demo/images/squirrel_001081.jpeg,squirrel,squirrel,0.975,rare_class_candidate,rare_class;class_deficit,add_to_next_train,0.3298333333333333,0.3298333333333333,0.1718374535709383,0.0,0.0,1.0,,484.80305278222227,126.38571666666667,38.59466983042765,300,200,0.0,,,,0.8991666666666667,96.94892361111111,0.00277777777777778,0.00277777777777778,0.00277777777777778,0.00277777777777778,0.00277777777777778,0.00277777777777778,0.00277777777777778,0.00277777777777778,0.00277777777777778,0.975
1121,squirrel_001121.jpeg,data/demo/images/squirrel_001121.jpeg,squirrel,squirrel,0.828,hard_example,high_entropy;rare_class;class_deficit,send_to_review,0.3298333333333333,0.3298333333333333,0.8369659544410585,0.0,0.0,1.0,,6669.942686366226,90.69385259631491,85.94673231938654,300,199,0.0,,,,0.8991666666666667,96.94892361111111,0.019111111111111117,0.019111111111111117,0.019111111111111117,0.019111111111111117,0.019111111111111117,0.019111111111111117,0.019111111111111117,0.019111111111111117,0.019111111111111117,0.828
1095,squirrel_001095.jpeg,data/demo/images/squirrel_001095.jpeg,squirrel,squirrel,0.976,rare_class_candidate,rare_class;class_deficit,add_to_next_train,0.3298333333333333,0.3298333333333333,0.1659558825706792,0.0,0.0,1.0,,5440.842542788258,114.15825185185186,33.011917388796405,300,225,0.0,,,,0.8991666666666667,96.94892361111111,0.002666666666666669,0.002666666666666669,0.002666666666666669,0.002666666666666669,0.002666666666666669,0.002666666666666669,0.002666666666666669,0.002666666666666669,0.002666666666666669,0.976
1101,squirrel_001101.jpeg,data/demo/images/squirrel_001101.jpeg,squirrel,squirrel,0.89,rare_class_candidate,rare_class;class_deficit,add_to_next_train,0.3298333333333333,0.3298333333333333,0.5882100304256507,0.0,0.0,1.0,,5097.064147493055,176.02298333333334,56.17869692715429,300,200,0.0,,,,0.8991666666666667,96.94892361111111,0.012222222222222221,0.012222222222222221,0.012222222222222221,0.012222222222222221,0.012222222222222221,0.012222222222222221,0.012222222222222221,0.012222222222222221,0.012222222222222221,0.89
1100,squirrel_001100.jpeg,data/demo/images/squirrel_001100.jpeg,squirrel,squirrel,0.923,rare_class_candidate,rare_class;class_deficit,add_to_next_train,0.3298333333333333,0.3298333333333333,0.4405667605081601,0.0,0.0,1.0,,5833.212496297291,123.19640909090909,58.22278437552352,300,220,0.0,,,,0.8991666666666667,96.94892361111111,0.00855555555555555,0.00855555555555555,0.00855555555555555,0.00855555555555555,0.00855555555555555,0.00855555555555555,0.00855555555555555,0.00855555555555555,0.00855555555555555,0.923
1099,squirrel_001099.jpeg,data/demo/images/squirrel_001099.jpeg,squirrel,squirrel,0.873,hard_example,high_entropy;rare_class;class_deficit,send_to_review,0.3298333333333333,0.3298333333333333,0.6596912900756234,0.0,0.0,1.0,,3827.0103173840657,104.31268055555556,61.9230514454401,300,240,0.0,,,,0.8991666666666667,96.94892361111111,0.01411111111111111,0.01411111111111111,0.01411111111111111,0.01411111111111111,0.01411111111111111,0.01411111111111111,0.01411111111111111,0.01411111111111111,0.01411111111111111,0.873
1098,squirrel_001098.jpeg,data/demo/images/squirrel_001098.jpeg,squirrel,squirrel,0.831,hard_example,high_entropy;rare_class;class_deficit,send_to_review,0.3298333333333333,0.3298333333333333,0.8256279802050818,0.0,0.0,1.0,,4571.4524968440055,131.68715994020926,63.66352455136123,223,300,0.0,,,,0.8991666666666667,96.94892361111111,0.018777777777777782,0.018777777777777782,0.018777777777777782,0.018777777777777782,0.018777777777777782,0.018777777777777782,0.018777777777777782,0.018777777777777782,0.018777777777777782,0.831
1097,squirrel_001097.jpeg,data/demo/images/squirrel_001097.jpeg,squirrel,squirrel,0.934,rare_class_candidate,rare_class;class_deficit,add_to_next_train,0.3298333333333333,0.3298333333333333,0.3881838848068448,0.0,0.0,1.0,,1352.965383175752,136.36357237715802,83.09252554740621,300,251,0.0,,,,0.8991666666666667,96.94892361111111,0.007333333333333327,0.007333333333333327,0.007333333333333327,0.007333333333333327,0.007333333333333327,0.007333333333333327,0.007333333333333327,0.007333333333333327,0.007333333333333327,0.934
1096,squirrel_001096.jpeg,data/demo/images/squirrel_001096.jpeg,squirrel,squirrel,0.952,rare_class_candidate,rare_class;class_deficit,add_to_next_train,0.3298333333333333,0.3298333333333333,0.2980504870493181,0.0,0.0,1.0,,3102.981955821232,142.02416961130743,37.77336832454,300,283,0.0,,,,0.8991666666666667,96.94892361111111,0.005333333333333338,0.005333333333333338,0.005333333333333338,0.005333333333333338,0.005333333333333338,0.005333333333333338,0.005333333333333338,0.005333333333333338,0.005333333333333338,0.952
1093,squirrel_001093.jpeg,data/demo/images/squirrel_001093.jpeg,squirrel,squirrel,0.885,rare_class_candidate,rare_class;class_deficit,add_to_next_train,0.3298333333333333,0.3298333333333333,0.6095238347820113,0.0,0.0,1.0,,505.647050267926,104.45251141552511,30.371922073948557,300,219,0.0,,,,0.8991666666666667,96.94892361111111,0.012777777777777777,0.012777777777777777,0.012777777777777777,0.012777777777777777,0.012777777777777777,0.012777777777777777,0.012777777777777777,0.012777777777777777,0.012777777777777777,0.885
1082,squirrel_001082.jpeg,data/demo/images/squirrel_001082.jpeg,squirrel,squirrel,0.867,hard_example,high_entropy;rare_class;class_deficit,send_to_review,0.3298333333333333,0.3298333333333333,0.6842809108456316,0.0,0.0,1.0,,2055.405242296665,75.32562056737589,42.34096882995083,300,188,0.0,,,,0.8991666666666667,96.94892361111111,0.014777777777777779,0.014777777777777779,0.014777777777777779,0.014777777777777779,0.014777777777777779,0.014777777777777779,0.014777777777777779,0.014777777777777779,0.014777777777777779,0.867
1092,squirrel_001092.jpeg,data/demo/images/squirrel_001092.jpeg,squirrel,squirrel,0.826,hard_example,high_entropy;rare_class;class_deficit,send_to_review,0.3298333333333333,0.3298333333333333,0.8444894404469838,0.0,0.0,1.0,,1888.6238029611607,142.70774289985053,46.25698570265505,300,223,0.0,,,,0.8991666666666667,96.94892361111111,0.019333333333333338,0.019333333333333338,0.019333333333333338,0.019333333333333338,0.019333333333333338,0.019333333333333338,0.019333333333333338,0.019333333333333338,0.019333333333333338,0.826
1090,squirrel_001090.jpeg,data/demo/images/squirrel_001090.jpeg,squirrel,squirrel,0.969,rare_class_candidate,rare_class;class_deficit,add_to_next_train,0.3298333333333333,0.3298333333333333,0.20631521861836932,0.0,0.0,1.0,,6234.279681723334,134.4574,45.2559883909301,300,200,0.0,,,,0.8991666666666667,96.94892361111111,0.0034444444444444475,0.0034444444444444475,0.0034444444444444475,0.0034444444444444475,0.0034444444444444475,0.0034444444444444475,0.0034444444444444475,0.0034444444444444475,0.0034444444444444475,0.969
1089,squirrel_001089.jpeg,data/demo/images/squirrel_001089.jpeg,squirrel,squirrel,0.852,hard_example,high_entropy;rare_class;class_deficit,send_to_review,0.3298333333333333,0.3298333333333333,0.7444133690522318,0.0,0.0,1.0,,1250.82175587797,89.46020740740741,46.458249854170546,225,300,0.0,,,,0.8991666666666667,96.94892361111111,0.016444444444444446,0.016444444444444446,0.016444444444444446,0.016444444444444446,0.016444444444444446,0.016444444444444446,0.016444444444444446,0.016444444444444446,0.016444444444444446,0.852
1088,squirrel_001088.jpeg,data/demo/images/squirrel_001088.jpeg,squirrel,squirrel,0.896,rare_class_candidate,rare_class;class_deficit,add_to_next_train,0.3298333333333333,0.3298333333333333,0.5622953614888638,0.0,0.0,1.0,,5943.3028989286695,142.14116666666666,49.39689503034466,300,180,0.0,,,,0.8991666666666667,96.94892361111111,0.011555555555555553,0.011555555555555553,0.011555555555555553,0.011555555555555553,0.011555555555555553,0.011555555555555553,0.011555555555555553,0.011555555555555553,0.011555555555555553,0.896
1085,squirrel_001085.jpeg,data/demo/images/squirrel_001085.jpeg,squirrel,squirrel,0.83,hard_example,high_entropy;rare_class;class_deficit,send_to_review,0.3298333333333333,0.3298333333333333,0.829414381174516,0.0,0.0,1.0,,360.76579948763646,69.49029850746268,21.164971266228537,201,300,0.0,,,,0.8991666666666667,96.94892361111111,0.018888888888888893,0.018888888888888893,0.018888888888888893,0.018888888888888893,0.018888888888888893,0.018888888888888893,0.018888888888888893,0.018888888888888893,0.018888888888888893,0.83
1083,squirrel_001083.jpeg,data/demo/images/squirrel_001083.jpeg,squirrel,squirrel,0.905,rare_class_candidate,rare_class;class_deficit,add_to_next_train,0.3298333333333333,0.3298333333333333,0.5226921750785937,0.0,0.0,1.0,,1569.1229634703386,134.0675376884422,68.31592167206354,300,199,0.0,,,,0.8991666666666667,96.94892361111111,0.010555555555555552,0.010555555555555552,0.010555555555555552,0.010555555555555552,0.010555555555555552,0.010555555555555552,0.010555555555555552,0.010555555555555552,0.010555555555555552,0.905
1120,squirrel_001120.jpeg,data/demo/images/squirrel_001120.jpeg,squirrel,squirrel,0.83,hard_example,high_entropy;rare_class;class_deficit,send_to_review,0.3298333333333333,0.3298333333333333,0.829414381174516,0.0,0.0,1.0,,5913.201099998832,94.45930966469427,42.2439405586394,300,169,0.0,,,,0.8991666666666667,96.94892361111111,0.018888888888888893,0.018888888888888893,0.018888888888888893,0.018888888888888893,0.018888888888888893,0.018888888888888893,0.018888888888888893,0.018888888888888893,0.018888888888888893,0.83
1122,squirrel_001122.jpeg,data/demo/images/squirrel_001122.jpeg,squirrel,squirrel,0.851,hard_example,high_entropy;rare_class;class_deficit,send_to_review,0.3298333333333333,0.3298333333333333,0.7483570100034195,0.0,0.0,1.0,,1255.8261301587931,108.17995555555555,70.81660561487567,300,225,0.0,,,,0.8991666666666667,96.94892361111111,0.01655555555555556,0.01655555555555556,0.01655555555555556,0.01655555555555556,0.01655555555555556,0.01655555555555556,0.01655555555555556,0.01655555555555556,0.01655555555555556,0.851
1163,squirrel_001163.jpeg,data/demo/images/squirrel_001163.jpeg,squirrel,squirrel,0.972,rare_class_candidate,rare_class;class_deficit,add_to_next_train,0.3298333333333333,0.3298333333333333,0.18924198892710029,0.0,0.0,1.0,,4026.34045103941,178.645604719764,78.87758098196512,300,226,0.0,,,,0.8991666666666667,96.94892361111111,0.003111111111111114,0.003111111111111114,0.003111111111111114,0.003111111111111114,0.003111111111111114,0.003111111111111114,0.003111111111111114,0.003111111111111114,0.003111111111111114,0.972
1154,squirrel_001154.jpeg,data/demo/images/squirrel_001154.jpeg,squirrel,squirrel,0.914,rare_class_candidate,rare_class;class_deficit,add_to_next_train,0.3298333333333333,0.3298333333333333,0.4821455728461575,0.0,0.0,1.0,,2367.173379253056,82.33215,58.41356999628454,300,200,0.0,,,,0.8991666666666667,96.94892361111111,0.009555555555555552,0.009555555555555552,0.009555555555555552,0.009555555555555552,0.009555555555555552,0.009555555555555552,0.009555555555555552,0.009555555555555552,0.009555555555555552,0.914
1148,squirrel_001148.jpeg,data/demo/images/squirrel_001148.jpeg,squirrel,squirrel,0.885,rare_class_candidate,rare_class;class_deficit,add_to_next_train,0.3298333333333333,0.3298333333333333,0.6095238347820113,0.0,0.0,1.0,,2018.9456397414501,96.65856015779093,30.599790621710714,300,169,0.0,,,,0.8991666666666667,96.94892361111111,0.012777777777777777,0.012777777777777777,0.012777777777777777,0.012777777777777777,0.012777777777777777,0.012777777777777777,0.012777777777777777,0.012777777777777777,0.012777777777777777,0.885
1149,squirrel_001149.jpeg,data/demo/images/squirrel_001149.jpeg,squirrel,squirrel,0.87,hard_example,high_entropy;rare_class;class_deficit,send_to_review,0.3298333333333333,0.3298333333333333,0.6720258913423126,0.0,0.0,1.0,,4349.677672853164,66.7915780141844,60.848662257881244,300,188,0.0,,,,0.8991666666666667,96.94892361111111,0.014444444444444446,0.014444444444444446,0.014444444444444446,0.014444444444444446,0.014444444444444446,0.014444444444444446,0.014444444444444446,0.014444444444444446,0.014444444444444446,0.87
1150,squirrel_001150.jpeg,data/demo/images/squirrel_001150.jpeg,squirrel,squirrel,0.964,rare_class_candidate,rare_class;class_deficit,add_to_next_train,0.3298333333333333,0.3298333333333333,0.23411666397725636,0.0,0.0,1.0,,687.1033382795063,104.67816666666667,33.213362287137784,300,300,0.0,,,,0.8991666666666667,96.94892361111111,0.0040000000000000036,0.0040000000000000036,0.0040000000000000036,0.0040000000000000036,0.0040000000000000036,0.0040000000000000036,0.0040000000000000036,0.0040000000000000036,0.0040000000000000036,0.964
1151,squirrel_001151.jpeg,data/demo/images/squirrel_001151.jpeg,squirrel,squirrel,0.826,hard_example,high_entropy;rare_class;class_deficit,send_to_review,0.3298333333333333,0.3298333333333333,0.8444894404469838,0.0,0.0,1.0,,1189.6624053209875,218.04437777777778,62.153873281929684,300,300,0.0,,,,0.8991666666666667,96.94892361111111,0.019333333333333338,0.019333333333333338,0.019333333333333338,0.019333333333333338,0.019333333333333338,0.019333333333333338,0.019333333333333338,0.019333333333333338,0.019333333333333338,0.826
1152,squirrel_001152.jpeg,data/demo/images/squirrel_001152.jpeg,squirrel,squirrel,0.925,rare_class_candidate,rare_class;class_deficit,add_to_next_train,0.3298333333333333,0.3298333333333333,0.4311762965681372,0.0,0.0,1.0,,2379.1433240939527,149.90104810996564,70.3030080471826,300,194,0.0,,,,0.8991666666666667,96.94892361111111,0.008333333333333328,0.008333333333333328,0.008333333333333328,0.008333333333333328,0.008333333333333328,0.008333333333333328,0.008333333333333328,0.008333333333333328,0.008333333333333328,0.925
1153,squirrel_001153.jpeg,data/demo/images/squirrel_001153.jpeg,squirrel,squirrel,0.834,hard_example,high_entropy;rare_class;class_deficit,send_to_review,0.3298333333333333,0.3298333333333333,0.8142259183855688,0.0,0.0,1.0,,3378.901448986389,114.08015,31.918556660833417,300,200,0.0,,,,0.8991666666666667,96.94892361111111,0.018444444444444447,0.018444444444444447,0.018444444444444447,0.018444444444444447,0.018444444444444447,0.018444444444444447,0.018444444444444447,0.018444444444444447,0.018444444444444447,0.834
1155,squirrel_001155.jpeg,data/demo/images/squirrel_001155.jpeg,squirrel,squirrel,0.899,rare_class_candidate,rare_class;class_deficit,add_to_next_train,0.3298333333333333,0.3298333333333333,0.5491943311021419,0.0,0.0,1.0,,4497.690799039397,150.74122807017545,59.37877214079105,300,190,0.0,,,,0.8991666666666667,96.94892361111111,0.01122222222222222,0.01122222222222222,0.01122222222222222,0.01122222222222222,0.01122222222222222,0.01122222222222222,0.01122222222222222,0.01122222222222222,0.01122222222222222,0.899
1144,squirrel_001144.jpeg,data/demo/images/squirrel_001144.jpeg,squirrel,squirrel,0.837,hard_example,high_entropy;rare_class;class_deficit,send_to_review,0.3298333333333333,0.3298333333333333,0.802758845356748,0.0,0.0,1.0,,773.6053369104723,129.34589743589743,57.36088788974879,300,169,0.0,,,,0.8991666666666667,96.94892361111111,0.018111111111111116,0.018111111111111116,0.018111111111111116,0.018111111111111116,0.018111111111111116,0.018111111111111116,0.018111111111111116,0.018111111111111116,0.018111111111111116,0.837
1156,squirrel_001156.jpeg,data/demo/images/squirrel_001156.jpeg,squirrel,squirrel,0.937,rare_class_candidate,rare_class;class_deficit,add_to_next_train,0.3298333333333333,0.3298333333333333,0.37356869413425114,0.0,0.0,1.0,,631.5961639822223,62.787616666666665,27.832078195008283,200,300,0.0,,,,0.8991666666666667,96.94892361111111,0.006999999999999994,0.006999999999999994,0.006999999999999994,0.006999999999999994,0.006999999999999994,0.006999999999999994,0.006999999999999994,0.006999999999999994,0.006999999999999994,0.937
1157,squirrel_001157.jpeg,data/demo/images/squirrel_001157.jpeg,squirrel,squirrel,0.887,rare_class_candidate,rare_class;class_deficit,add_to_next_train,0.3298333333333333,0.3298333333333333,0.6010283233980387,0.0,0.0,1.0,,1562.964379507832,108.2549009009009,53.44341200552208,300,185,0.0,,,,0.8991666666666667,96.94892361111111,0.012555555555555554,0.012555555555555554,0.012555555555555554,0.012555555555555554,0.012555555555555554,0.012555555555555554,0.012555555555555554,0.012555555555555554,0.012555555555555554,0.887
1158,squirrel_001158.jpeg,data/demo/images/squirrel_001158.jpeg,squirrel,squirrel,0.953,rare_class_candidate,rare_class;class_deficit,add_to_next_train,0.3298333333333333,0.3298333333333333,0.29285488365411305,0.0,0.0,1.0,,6084.183615367023,122.70725925925926,38.516046765137595,225,300,0.0,,,,0.8991666666666667,96.94892361111111,0.005222222222222227,0.005222222222222227,0.005222222222222227,0.005222222222222227,0.005222222222222227,0.005222222222222227,0.005222222222222227,0.005222222222222227,0.005222222222222227,0.953
1160,squirrel_001160.jpeg,data/demo/images/squirrel_001160.jpeg,squirrel,squirrel,0.915,rare_class_candidate,rare_class;class_deficit,add_to_next_train,0.3298333333333333,0.3298333333333333,0.4775784815269372,0.0,0.0,1.0,,743.2550189605244,81.87288580246914,48.858240386951934,300,216,0.0,,,,0.8991666666666667,96.94892361111111,0.009444444444444441,0.009444444444444441,0.009444444444444441,0.009444444444444441,0.009444444444444441,0.009444444444444441,0.009444444444444441,0.009444444444444441,0.009444444444444441,0.915
1161,squirrel_001161.jpeg,data/demo/images/squirrel_001161.jpeg,squirrel,squirrel,0.838,hard_example,high_entropy;rare_class;class_deficit,send_to_review,0.3298333333333333,0.3298333333333333,0.7989218759989734,0.0,0.0,1.0,,977.0012146108334,111.60618333333333,47.65129020743358,300,200,0.0,,,,0.8991666666666667,96.94892361111111,0.018000000000000002,0.018000000000000002,0.018000000000000002,0.018000000000000002,0.018000000000000002,0.018000000000000002,0.018000000000000002,0.018000000000000002,0.018000000000000002,0.838
1162,squirrel_001162.jpeg,data/demo/images/squirrel_001162.jpeg,squirrel,squirrel,0.952,rare_class_candidate,rare_class;class_deficit,add_to_next_train,0.3298333333333333,0.3298333333333333,0.2980504870493181,0.0,0.0,1.0,,569.0789699363877,127.8497512437811,66.03991766709808,201,300,0.0,,,,0.8991666666666667,96.94892361111111,0.005333333333333338,0.005333333333333338,0.005333333333333338,0.005333333333333338,0.005333333333333338,0.005333333333333338,0.005333333333333338,0.005333333333333338,0.005333333333333338,0.952
1146,squirrel_001146.jpeg,data/demo/images/squirrel_001146.jpeg,squirrel,squirrel,0.865,hard_example,high_entropy;rare_class;class_deficit,send_to_review,0.3298333333333333,0.3298333333333333,0.6924074683372634,0.0,0.0,1.0,,3849.1418394802117,125.24674571805006,53.259478542575316,300,253,0.0,,,,0.8991666666666667,96.94892361111111,0.015000000000000001,0.015000000000000001,0.015000000000000001,0.015000000000000001,0.015000000000000001,0.015000000000000001,0.015000000000000001,0.015000000000000001,0.015000000000000001,0.865
1143,squirrel_001143.jpeg,data/demo/images/squirrel_001143.jpeg,squirrel,squirrel,0.853,hard_example,high_entropy;rare_class;class_deficit,send_to_review,0.3298333333333333,0.3298333333333333,0.7404617975836851,0.0,0.0,1.0,,404.19258882613184,62.228459915611815,47.89122322266535,300,158,0.0,,,,0.8991666666666667,96.94892361111111,0.016333333333333335,0.016333333333333335,0.016333333333333335,0.016333333333333335,0.016333333333333335,0.016333333333333335,0.016333333333333335,0.016333333333333335,0.016333333333333335,0.853
1123,squirrel_001123.jpeg,data/demo/images/squirrel_001123.jpeg,squirrel,squirrel,0.974,rare_class_candidate,rare_class;class_deficit,add_to_next_train,0.3298333333333333,0.3298333333333333,0.17767798825649275,0.0,0.0,1.0,,4875.196235315101,139.61210180623974,57.3948602083935,300,203,0.0,,,,0.8991666666666667,96.94892361111111,0.0028888888888888914,0.0028888888888888914,0.0028888888888888914,0.0028888888888888914,0.0028888888888888914,0.0028888888888888914,0.0028888888888888914,0.0028888888888888914,0.0028888888888888914,0.974
1131,squirrel_001131.jpeg,data/demo/images/squirrel_001131.jpeg,squirrel,squirrel,0.865,hard_example,high_entropy;rare_class;class_deficit,send_to_review,0.3298333333333333,0.3298333333333333,0.6924074683372634,0.0,0.0,1.0,,593.2568338663889,120.4288,76.19596772288325,300,200,0.0,,,,0.8991666666666667,96.94892361111111,0.015000000000000001,0.015000000000000001,0.015000000000000001,0.015000000000000001,0.015000000000000001,0.015000000000000001,0.015000000000000001,0.015000000000000001,0.015000000000000001,0.865
1124,squirrel_001124.jpeg,data/demo/images/squirrel_001124.jpeg,squirrel,squirrel,0.951,rare_class_candidate,rare_class;class_deficit,add_to_next_train,0.3298333333333333,0.3298333333333333,0.30322420518352605,0.0,0.0,1.0,,1023.5124841391174,129.75339901477832,49.12550371960066,300,203,0.0,,,,0.8991666666666667,96.94892361111111,0.00544444444444445,0.00544444444444445,0.00544444444444445,0.00544444444444445,0.00544444444444445,0.00544444444444445,0.00544444444444445,0.00544444444444445,0.00544444444444445,0.951
1125,squirrel_001125.jpeg,data/demo/images/squirrel_001125.jpeg,squirrel,squirrel,0.642,hard_example,high_entropy;rare_class;class_deficit,send_to_review,0.3298333333333333,0.3298333333333333,1.438865167568098,0.0,0.0,1.0,,3162.1363307666584,124.13313513513513,60.195844228843406,300,185,0.0,,,,0.8991666666666667,96.94892361111111,0.03977777777777777,0.03977777777777777,0.03977777777777777,0.03977777777777777,0.03977777777777777,0.03977777777777777,0.03977777777777777,0.03977777777777777,0.03977777777777777,0.642
1126,squirrel_001126.jpeg,data/demo/images/squirrel_001126.jpeg,squirrel,squirrel,0.913,rare_class_candidate,rare_class;class_deficit,add_to_next_train,0.3298333333333333,0.3298333333333333,0.48669994190423355,0.0,0.0,1.0,,2257.667122884361,99.06551198257081,33.46888126590181,300,153,0.0,,,,0.8991666666666667,96.94892361111111,0.009666666666666664,0.009666666666666664,0.009666666666666664,0.009666666666666664,0.009666666666666664,0.009666666666666664,0.009666666666666664,0.009666666666666664,0.009666666666666664,0.913
1127,squirrel_001127.jpeg,data/demo/images/squirrel_001127.jpeg,squirrel,squirrel,0.918,rare_class_candidate,rare_class;class_deficit,add_to_next_train,0.3298333333333333,0.3298333333333333,0.4637995014584284,0.0,0.0,1.0,,1470.1952735664706,130.95127659574467,50.75824603868317,300,188,0.0,,,,0.8991666666666667,96.94892361111111,0.009111111111111106,0.009111111111111106,0.009111111111111106,0.009111111111111106,0.009111111111111106,0.009111111111111106,0.009111111111111106,0.009111111111111106,0.009111111111111106,0.918
1128,squirrel_001128.jpeg,data/demo/images/squirrel_001128.jpeg,squirrel,squirrel,0.893,rare_class_candidate,rare_class;class_deficit,add_to_next_train,0.3298333333333333,0.3298333333333333,0.5752997967469752,0.0,0.0,1.0,,976.079582314809,144.26938320209973,67.53358349652436,300,254,0.0,,,,0.8991666666666667,96.94892361111111,0.011888888888888886,0.011888888888888886,0.011888888888888886,0.011888888888888886,0.011888888888888886,0.011888888888888886,0.011888888888888886,0.011888888888888886,0.011888888888888886,0.893
1130,squirrel_001130.jpeg,data/demo/images/squirrel_001130.jpeg,squirrel,squirrel,0.614,hard_example,high_entropy;rare_class;class_deficit,send_to_review,0.3298333333333333,0.3298333333333333,1.5150538453381477,0.0,0.0,1.0,,1314.1048864405454,115.52663265306123,45.25784712153176,300,196,0.0,,,,0.8991666666666667,96.94892361111111,0.04288888888888889,0.04288888888888889,0.04288888888888889,0.04288888888888889,0.04288888888888889,0.04288888888888889,0.04288888888888889,0.04288888888888889,0.04288888888888889,0.614
1132,squirrel_001132.jpeg,data/demo/images/squirrel_001132.jpeg,squirrel,squirrel,0.934,rare_class_candidate,rare_class;class_deficit,add_to_next_train,0.3298333333333333,0.3298333333333333,0.3881838848068448,0.0,0.0,1.0,,2088.108152485926,133.7527851851852,52.62480188774324,300,225,0.0,,,,0.8991666666666667,96.94892361111111,0.007333333333333327,0.007333333333333327,0.007333333333333327,0.007333333333333327,0.007333333333333327,0.007333333333333327,0.007333333333333327,0.007333333333333327,0.007333333333333327,0.934
1142,squirrel_001142.jpeg,data/demo/images/squirrel_001142.jpeg,squirrel,squirrel,0.853,hard_example,high_entropy;rare_class;class_deficit,send_to_review,0.3298333333333333,0.3298333333333333,0.7404617975836851,0.0,0.0,1.0,,1502.9660522641668,84.71698333333333,36.768874312834974,300,200,0.0,,,,0.8991666666666667,96.94892361111111,0.016333333333333335,0.016333333333333335,0.016333333333333335,0.016333333333333335,0.016333333333333335,0.016333333333333335,0.016333333333333335,0.016333333333333335,0.016333333333333335,0.853
1133,squirrel_001133.jpeg,data/demo/images/squirrel_001133.jpeg,squirrel,squirrel,0.973,rare_class_candidate,rare_class;class_deficit,add_to_next_train,0.3298333333333333,0.3298333333333333,0.18347902522111684,0.0,0.0,1.0,,468.8382624108333,112.79586666666667,72.86312324888512,300,200,0.0,,,,0.8991666666666667,96.94892361111111,0.0030000000000000027,0.0030000000000000027,0.0030000000000000027,0.0030000000000000027,0.0030000000000000027,0.0030000000000000027,0.0030000000000000027,0.0030000000000000027,0.0030000000000000027,0.973
1135,squirrel_001135.jpeg,data/demo/images/squirrel_001135.jpeg,squirrel,squirrel,0.893,rare_class_candidate,rare_class;class_deficit,add_to_next_train,0.3298333333333333,0.3298333333333333,0.5752997967469752,0.0,0.0,1.0,,1726.6670901197222,146.35406666666665,80.85492524760355,300,200,0.0,,,,0.8991666666666667,96.94892361111111,0.011888888888888886,0.011888888888888886,0.011888888888888886,0.011888888888888886,0.011888888888888886,0.011888888888888886,0.011888888888888886,0.011888888888888886,0.011888888888888886,0.893
1136,squirrel_001136.jpeg,data/demo/images/squirrel_001136.jpeg,squirrel,squirrel,0.859,hard_example,high_entropy;rare_class;class_deficit,send_to_review,0.3298333333333333,0.3298333333333333,0.7165832858587472,0.0,0.0,1.0,,1503.7300850812528,147.6289932885906,53.43237655286543,300,149,0.0,,,,0.8991666666666667,96.94892361111111,0.01566666666666667,0.01566666666666667,0.01566666666666667,0.01566666666666667,0.01566666666666667,0.01566666666666667,0.01566666666666667,0.01566666666666667,0.01566666666666667,0.859
1137,squirrel_001137.jpeg,data/demo/images/squirrel_001137.jpeg,squirrel,squirrel,0.946,rare_class_candidate,rare_class;class_deficit,add_to_next_train,0.3298333333333333,0.3298333333333333,0.3287787873207463,0.0,0.0,1.0,,2920.6308526244684,102.63451303155007,46.07903718136063,300,243,0.0,,,,0.8991666666666667,96.94892361111111,0.006000000000000005,0.006000000000000005,0.006000000000000005,0.006000000000000005,0.006000000000000005,0.006000000000000005,0.006000000000000005,0.006000000000000005,0.006000000000000005,0.946
1138,squirrel_001138.jpeg,data/demo/images/squirrel_001138.jpeg,squirrel,squirrel,0.826,hard_example,high_entropy;rare_class;class_deficit,send_to_review,0.3298333333333333,0.3298333333333333,0.8444894404469838,0.0,0.0,1.0,,2213.256226604167,112.31385,35.64745640543656,300,200,0.0,,,,0.8991666666666667,96.94892361111111,0.019333333333333338,0.019333333333333338,0.019333333333333338,0.019333333333333338,0.019333333333333338,0.019333333333333338,0.019333333333333338,0.019333333333333338,0.019333333333333338,0.826
1141,squirrel_001141.jpeg,data/demo/images/squirrel_001141.jpeg,squirrel,squirrel,0.966,rare_class_candidate,rare_class;class_deficit,add_to_next_train,0.3298333333333333,0.3298333333333333,0.223088382925328,0.0,0.0,1.0,,1276.3527601893238,120.09783570300158,34.7955457154351,300,211,0.0,,,,0.8991666666666667,96.94892361111111,0.003777777777777781,0.003777777777777781,0.003777777777777781,0.003777777777777781,0.003777777777777781,0.003777777777777781,0.003777777777777781,0.003777777777777781,0.003777777777777781,0.966
1,butterfly_000001.jpeg,data/demo/images/butterfly_000001.jpeg,butterfly,butterfly,0.918,rare_class_candidate,rare_class;class_deficit,add_to_next_train,0.3298333333333333,0.3298333333333333,0.4637995014584284,0.0,0.0,1.0,,2653.8591981957575,137.55937799043062,57.29623877918596,300,209,0.0,,,,0.8991666666666667,96.94892361111111,0.918,0.009111111111111106,0.009111111111111106,0.009111111111111106,0.009111111111111106,0.009111111111111106,0.009111111111111106,0.009111111111111106,0.009111111111111106,0.009111111111111106
1200,squirrel_001200.jpeg,data/demo/images/squirrel_001200.jpeg,squirrel,squirrel,0.891,rare_class_candidate,rare_class;class_deficit,add_to_next_train,0.3298333333333333,0.3298333333333333,0.5839169438723176,0.0,0.0,1.0,,2310.63379564892,144.63517345399697,55.80146172684248,300,221,0.0,,,,0.8991666666666667,96.94892361111111,0.012111111111111109,0.012111111111111109,0.012111111111111109,0.012111111111111109,0.012111111111111109,0.012111111111111109,0.012111111111111109,0.012111111111111109,0.012111111111111109,0.891
37,butterfly_000037.jpeg,data/demo/images/butterfly_000037.jpeg,butterfly,butterfly,0.879,rare_class_candidate,rare_class;class_deficit,add_to_next_train,0.3298333333333333,0.3298333333333333,0.6347768617573437,0.0,0.0,1.0,,4374.159391358025,143.83013333333332,45.97835888824541,225,300,0.0,,,,0.8991666666666667,96.94892361111111,0.879,0.013444444444444445,0.013444444444444445,0.013444444444444445,0.013444444444444445,0.013444444444444445,0.013444444444444445,0.013444444444444445,0.013444444444444445,0.013444444444444445
32,butterfly_000032.jpg,data/demo/images/butterfly_000032.jpg,butterfly,butterfly,0.866,hard_example,high_entropy;rare_class;class_deficit,send_to_review,0.3298333333333333,0.3298333333333333,0.6883484983367,0.0,0.0,1.0,,9526.620676785953,104.93234301643193,49.0946805813251,640,426,0.0,,,,0.8991666666666667,96.94892361111111,0.866,0.014888888888888889,0.014888888888888889,0.014888888888888889,0.014888888888888889,0.014888888888888889,0.014888888888888889,0.014888888888888889,0.014888888888888889,0.014888888888888889
3,butterfly_000003.jpeg,data/demo/images/butterfly_000003.jpeg,butterfly,butterfly,0.902,rare_class_candidate,rare_class;class_deficit,add_to_next_train,0.3298333333333333,0.3298333333333333,0.5359941675548843,0.0,0.0,1.0,,6135.201266443333,209.42556666666667,75.37247857371784,300,300,0.0,,,,0.8991666666666667,96.94892361111111,0.902,0.010888888888888885,0.010888888888888885,0.010888888888888885,0.010888888888888885,0.010888888888888885,0.010888888888888885,0.010888888888888885,0.010888888888888885,0.010888888888888885
34,butterfly_000034.jpg,data/demo/images/butterfly_000034.jpg,butterfly,butterfly,0.845,hard_example,high_entropy;rare_class;class_deficit,send_to_review,0.3298333333333333,0.3298333333333333,0.7718547352299565,0.0,0.0,1.0,,744.0299709767484,103.63385723039215,47.350458283355955,640,510,0.0,,,,0.8991666666666667,96.94892361111111,0.845,0.017222222222222226,0.017222222222222226,0.017222222222222226,0.017222222222222226,0.017222222222222226,0.017222222222222226,0.017222222222222226,0.017222222222222226,0.017222222222222226
35,butterfly_000035.jpeg,data/demo/images/butterfly_000035.jpeg,butterfly,butterfly,0.917,rare_class_candidate,rare_class;class_deficit,add_to_next_train,0.3298333333333333,0.3298333333333333,0.4684055863947478,0.0,0.0,1.0,,3427.8651232084158,185.7758382642998,62.40725369415342,169,300,0.0,,,,0.8991666666666667,96.94892361111111,0.917,0.009222222222222218,0.009222222222222218,0.009222222222222218,0.009222222222222218,0.009222222222222218,0.009222222222222218,0.009222222222222218,0.009222222222222218,0.009222222222222218
36,butterfly_000036.jpeg,data/demo/images/butterfly_000036.jpeg,butterfly,butterfly,0.978,rare_class_candidate,rare_class;class_deficit,add_to_next_train,0.3298333333333333,0.3298333333333333,0.15406281841560157,0.0,0.0,1.0,,618.1686149294771,106.25180904522612,42.30036996377708,300,199,0.0,,,,0.8991666666666667,96.94892361111111,0.978,0.0024444444444444466,0.0024444444444444466,0.0024444444444444466,0.0024444444444444466,0.0024444444444444466,0.0024444444444444466,0.0024444444444444466,0.0024444444444444466,0.0024444444444444466
38,butterfly_000038.jpeg,data/demo/images/butterfly_000038.jpeg,butterfly,butterfly,0.863,hard_example,high_entropy;rare_class;class_deficit,send_to_review,0.3298333333333333,0.3298333333333333,0.7004997708337481,0.0,0.0,1.0,,2142.584086266566,155.08860962566845,43.770938054940764,300,187,0.0,,,,0.8991666666666667,96.94892361111111,0.863,0.015222222222222224,0.015222222222222224,0.015222222222222224,0.015222222222222224,0.015222222222222224,0.015222222222222224,0.015222222222222224,0.015222222222222224,0.015222222222222224
40,butterfly_000040.jpeg,data/demo/images/butterfly_000040.jpeg,butterfly,butterfly,0.846,hard_example,high_entropy;rare_class;class_deficit,send_to_review,0.3298333333333333,0.3298333333333333,0.7679577748933515,0.0,0.0,1.0,,2986.4322733986583,170.07138114209826,98.75802287757385,300,251,0.0,,,,0.8991666666666667,96.94892361111111,0.846,0.017111111111111115,0.017111111111111115,0.017111111111111115,0.017111111111111115,0.017111111111111115,0.017111111111111115,0.017111111111111115,0.017111111111111115,0.017111111111111115
41,butterfly_000041.jpg,data/demo/images/butterfly_000041.jpg,butterfly,butterfly,0.85,hard_example,high_entropy;rare_class;class_deficit,send_to_review,0.3298333333333333,0.3298333333333333,0.7522927644064243,0.0,0.0,1.0,,613.3606283033583,150.90501302083334,35.76691617372059,640,480,0.0,,,,0.8991666666666667,96.94892361111111,0.85,0.01666666666666667,0.01666666666666667,0.01666666666666667,0.01666666666666667,0.01666666666666667,0.01666666666666667,0.01666666666666667,0.01666666666666667,0.01666666666666667
42,butterfly_000042.jpeg,data/demo/images/butterfly_000042.jpeg,butterfly,butterfly,0.9,rare_class_candidate,rare_class;class_deficit,add_to_next_train,0.3298333333333333,0.3298333333333333,0.5448054211250705,0.0,0.0,1.0,,1124.221524646567,128.34218579234974,63.36686625898906,300,183,0.0,,,,0.8991666666666667,96.94892361111111,0.9,0.011111111111111108,0.011111111111111108,0.011111111111111108,0.011111111111111108,0.011111111111111108,0.011111111111111108,0.011111111111111108,0.011111111111111108,0.011111111111111108
44,butterfly_000044.jpg,data/demo/images/butterfly_000044.jpg,butterfly,butterfly,0.828,hard_example,high_entropy;rare_class;class_deficit,send_to_review,0.3298333333333333,0.3298333333333333,0.8369659544410585,0.0,0.0,1.0,,8392.294958176231,144.50477017195766,75.08717873322868,640,378,0.0,,,,0.8991666666666667,96.94892361111111,0.828,0.019111111111111117,0.019111111111111117,0.019111111111111117,0.019111111111111117,0.019111111111111117,0.019111111111111117,0.019111111111111117,0.019111111111111117,0.019111111111111117
45,butterfly_000045.jpeg,data/demo/images/butterfly_000045.jpeg,butterfly,butterfly,0.928,rare_class_candidate,rare_class;class_deficit,add_to_next_train,0.3298333333333333,0.3298333333333333,0.41698202995559513,0.0,0.0,1.0,,815.1493093611545,108.92583747927031,52.008814207884384,201,300,0.0,,,,0.8991666666666667,96.94892361111111,0.928,0.007999999999999995,0.007999999999999995,0.007999999999999995,0.007999999999999995,0.007999999999999995,0.007999999999999995,0.007999999999999995,0.007999999999999995,0.007999999999999995
46,butterfly_000046.jpeg,data/demo/images/butterfly_000046.jpeg,butterfly,butterfly,0.889,rare_class_candidate,rare_class;class_deficit,add_to_next_train,0.3298333333333333,0.3298333333333333,0.5924929023489276,0.0,0.0,1.0,,1854.6004160330554,126.03875,46.974807593405856,200,300,0.0,,,,0.8991666666666667,96.94892361111111,0.889,0.012333333333333332,0.012333333333333332,0.012333333333333332,0.012333333333333332,0.012333333333333332,0.012333333333333332,0.012333333333333332,0.012333333333333332,0.012333333333333332
47,butterfly_000047.jpeg,data/demo/images/butterfly_000047.jpeg,butterfly,butterfly,0.879,rare_class_candidate,rare_class;class_deficit,add_to_next_train,0.3298333333333333,0.3298333333333333,0.6347768617573437,0.0,0.0,1.0,,5097.263127189904,89.69477037037036,63.71067011674769,300,225,0.0,,,,0.8991666666666667,96.94892361111111,0.879,0.013444444444444445,0.013444444444444445,0.013444444444444445,0.013444444444444445,0.013444444444444445,0.013444444444444445,0.013444444444444445,0.013444444444444445,0.013444444444444445
49,butterfly_000049.jpeg,data/demo/images/butterfly_000049.jpeg,butterfly,butterfly,0.908,rare_class_candidate,rare_class;class_deficit,add_to_next_train,0.3298333333333333,0.3298333333333333,0.5092854852385835,0.0,0.0,1.0,,1932.775858879848,100.25321782178217,55.26164578255083,300,202,0.0,,,,0.8991666666666667,96.94892361111111,0.908,0.01022222222222222,0.01022222222222222,0.01022222222222222,0.01022222222222222,0.01022222222222222,0.01022222222222222,0.01022222222222222,0.01022222222222222,0.01022222222222222
51,butterfly_000051.jpeg,data/demo/images/butterfly_000051.jpeg,butterfly,butterfly,0.843,hard_example,high_entropy;rare_class;class_deficit,send_to_review,0.3298333333333333,0.3298333333333333,0.7796257905886755,0.0,0.0,1.0,,3203.479842209877,140.23522222222223,50.98937175154528,300,240,0.0,,,,0.8991666666666667,96.94892361111111,0.843,0.017444444444444446,0.017444444444444446,0.017444444444444446,0.017444444444444446,0.017444444444444446,0.017444444444444446,0.017444444444444446,0.017444444444444446,0.017444444444444446
53,butterfly_000053.jpeg,data/demo/images/butterfly_000053.jpeg,butterfly,butterfly,0.963,rare_class_candidate,rare_class;class_deficit,add_to_next_train,0.3298333333333333,0.3298333333333333,0.2395871800141473,0.0,0.0,1.0,,11786.785893781504,188.2327492877493,84.49772549657085,300,234,0.0,,,,0.8991666666666667,96.94892361111111,0.963,0.004111111111111115,0.004111111111111115,0.004111111111111115,0.004111111111111115,0.004111111111111115,0.004111111111111115,0.004111111111111115,0.004111111111111115,0.004111111111111115
54,butterfly_000054.jpeg,data/demo/images/butterfly_000054.jpeg,butterfly,butterfly,0.846,hard_example,high_entropy;rare_class;class_deficit,send_to_review,0.3298333333333333,0.3298333333333333,0.7679577748933515,0.0,0.0,1.0,,1381.3945930927846,153.6209925925926,67.94307081596804,300,225,0.0,,,,0.8991666666666667,96.94892361111111,0.846,0.017111111111111115,0.017111111111111115,0.017111111111111115,0.017111111111111115,0.017111111111111115,0.017111111111111115,0.017111111111111115,0.017111111111111115,0.017111111111111115
55,butterfly_000055.jpeg,data/demo/images/butterfly_000055.jpeg,butterfly,butterfly,0.902,rare_class_candidate,rare_class;class_deficit,add_to_next_train,0.3298333333333333,0.3298333333333333,0.5359941675548843,0.0,0.0,1.0,,5014.853993733254,209.57107095046854,62.67691594433706,300,249,0.0,,,,0.8991666666666667,96.94892361111111,0.902,0.010888888888888885,0.010888888888888885,0.010888888888888885,0.010888888888888885,0.010888888888888885,0.010888888888888885,0.010888888888888885,0.010888888888888885,0.010888888888888885
56,butterfly_000056.jpeg,data/demo/images/butterfly_000056.jpeg,butterfly,butterfly,0.951,rare_class_candidate,rare_class;class_deficit,add_to_next_train,0.3298333333333333,0.3298333333333333,0.30322420518352605,0.0,0.0,1.0,,828.2206820719007,111.37885601577909,47.90164539791295,300,169,0.0,,,,0.8991666666666667,96.94892361111111,0.951,0.00544444444444445,0.00544444444444445,0.00544444444444445,0.00544444444444445,0.00544444444444445,0.00544444444444445,0.00544444444444445,0.00544444444444445,0.00544444444444445
58,butterfly_000058.jpeg,data/demo/images/butterfly_000058.jpeg,butterfly,butterfly,0.925,rare_class_candidate,rare_class;class_deficit,add_to_next_train,0.3298333333333333,0.3298333333333333,0.4311762965681372,0.0,0.0,1.0,,1294.8639564010523,87.92526729559748,61.76387143301464,300,212,0.0,,,,0.8991666666666667,96.94892361111111,0.925,0.008333333333333328,0.008333333333333328,0.008333333333333328,0.008333333333333328,0.008333333333333328,0.008333333333333328,0.008333333333333328,0.008333333333333328,0.008333333333333328
33,butterfly_000033.jpeg,data/demo/images/butterfly_000033.jpeg,butterfly,butterfly,0.93,rare_class_candidate,rare_class;class_deficit,add_to_next_train,0.3298333333333333,0.3298333333333333,0.4074446573352272,0.0,0.0,1.0,,882.6869877310518,90.19253731343284,41.35593320560728,300,201,0.0,,,,0.8991666666666667,96.94892361111111,0.93,0.007777777777777772,0.007777777777777772,0.007777777777777772,0.007777777777777772,0.007777777777777772,0.007777777777777772,0.007777777777777772,0.007777777777777772,0.007777777777777772
31,butterfly_000031.jpeg,data/demo/images/butterfly_000031.jpeg,butterfly,butterfly,0.887,rare_class_candidate,rare_class;class_deficit,add_to_next_train,0.3298333333333333,0.3298333333333333,0.6010283233980387,0.0,0.0,1.0,,4725.223405856256,184.7642125984252,90.22176939086151,254,300,0.0,,,,0.8991666666666667,96.94892361111111,0.887,0.012555555555555554,0.012555555555555554,0.012555555555555554,0.012555555555555554,0.012555555555555554,0.012555555555555554,0.012555555555555554,0.012555555555555554,0.012555555555555554
60,butterfly_000060.jpeg,data/demo/images/butterfly_000060.jpeg,butterfly,butterfly,0.825,hard_example,high_entropy;rare_class;class_deficit,send_to_review,0.3298333333333333,0.3298333333333333,0.8482407308532494,0.0,0.0,1.0,,2416.592832934466,78.67877952755906,59.07868862757548,254,300,0.0,,,,0.8991666666666667,96.94892361111111,0.825,0.019444444444444448,0.019444444444444448,0.019444444444444448,0.019444444444444448,0.019444444444444448,0.019444444444444448,0.019444444444444448,0.019444444444444448,0.019444444444444448
30,butterfly_000030.jpeg,data/demo/images/butterfly_000030.jpeg,butterfly,butterfly,0.943,rare_class_candidate,rare_class;class_deficit,add_to_next_train,0.3298333333333333,0.3298333333333333,0.3438736431003827,0.0,0.0,1.0,,2009.4893175455554,72.24111666666667,52.71189093635694,300,200,0.0,,,,0.8991666666666667,96.94892361111111,0.943,0.006333333333333339,0.006333333333333339,0.006333333333333339,0.006333333333333339,0.006333333333333339,0.006333333333333339,0.006333333333333339,0.006333333333333339,0.006333333333333339
6,butterfly_000006.jpeg,data/demo/images/butterfly_000006.jpeg,butterfly,butterfly,0.917,rare_class_candidate,rare_class;class_deficit,add_to_next_train,0.3298333333333333,0.3298333333333333,0.4684055863947478,0.0,0.0,1.0,,7496.803283262664,152.2951920122888,91.3954242196025,300,217,0.0,,,,0.8991666666666667,96.94892361111111,0.917,0.009222222222222218,0.009222222222222218,0.009222222222222218,0.009222222222222218,0.009222222222222218,0.009222222222222218,0.009222222222222218,0.009222222222222218,0.009222222222222218
7,butterfly_000007.jpeg,data/demo/images/butterfly_000007.jpeg,butterfly,butterfly,0.942,rare_class_candidate,rare_class;class_deficit,add_to_next_train,0.3298333333333333,0.3298333333333333,0.3488676312050125,0.0,0.0,1.0,,608.6817474021717,123.61538812785388,35.97848888918072,300,219,0.0,,,,0.8991666666666667,96.94892361111111,0.942,0.0064444444444444506,0.0064444444444444506,0.0064444444444444506,0.0064444444444444506,0.0064444444444444506,0.0064444444444444506,0.0064444444444444506,0.0064444444444444506,0.0064444444444444506
8,butterfly_000008.jpeg,data/demo/images/butterfly_000008.jpeg,butterfly,butterfly,0.924,rare_class_candidate,rare_class;class_deficit,add_to_next_train,0.3298333333333333,0.3298333333333333,0.43587864880101285,0.0,0.0,1.0,,6536.198653186096,201.15596244131456,70.25809758779315,213,300,0.0,,,,0.8991666666666667,96.94892361111111,0.924,0.00844444444444444,0.00844444444444444,0.00844444444444444,0.00844444444444444,0.00844444444444444,0.00844444444444444,0.00844444444444444,0.00844444444444444,0.00844444444444444
11,butterfly_000011.jpeg,data/demo/images/butterfly_000011.jpeg,butterfly,butterfly,0.967,rare_class_candidate,rare_class;class_deficit,add_to_next_train,0.3298333333333333,0.3298333333333333,0.2175289854025043,0.0,0.0,1.0,,3381.809585998201,133.14601092896174,55.78278807872502,300,244,0.0,,,,0.8991666666666667,96.94892361111111,0.967,0.00366666666666667,0.00366666666666667,0.00366666666666667,0.00366666666666667,0.00366666666666667,0.00366666666666667,0.00366666666666667,0.00366666666666667,0.00366666666666667
13,butterfly_000013.jpeg,data/demo/images/butterfly_000013.jpeg,butterfly,butterfly,0.834,hard_example,high_entropy;rare_class;class_deficit,send_to_review,0.3298333333333333,0.3298333333333333,0.8142259183855688,0.0,0.0,1.0,,5267.103264372163,150.4177712031558,43.43920465147107,300,169,0.0,,,,0.8991666666666667,96.94892361111111,0.834,0.018444444444444447,0.018444444444444447,0.018444444444444447,0.018444444444444447,0.018444444444444447,0.018444444444444447,0.018444444444444447,0.018444444444444447,0.018444444444444447
14,butterfly_000014.jpg,data/demo/images/butterfly_000014.jpg,butterfly,butterfly,0.908,rare_class_candidate,rare_class;class_deficit,add_to_next_train,0.3298333333333333,0.3298333333333333,0.5092854852385835,0.0,0.0,1.0,,974.8987670049129,138.43837226941747,60.09456950205152,640,412,0.0,,,,0.8991666666666667,96.94892361111111,0.908,0.01022222222222222,0.01022222222222222,0.01022222222222222,0.01022222222222222,0.01022222222222222,0.01022222222222222,0.01022222222222222,0.01022222222222222,0.01022222222222222
15,butterfly_000015.jpeg,data/demo/images/butterfly_000015.jpeg,butterfly,butterfly,0.934,rare_class_candidate,rare_class;class_deficit,add_to_next_train,0.3298333333333333,0.3298333333333333,0.3881838848068448,0.0,0.0,1.0,,2115.094818786389,134.36491666666666,58.38721337610136,300,200,0.0,,,,0.8991666666666667,96.94892361111111,0.934,0.007333333333333327,0.007333333333333327,0.007333333333333327,0.007333333333333327,0.007333333333333327,0.007333333333333327,0.007333333333333327,0.007333333333333327,0.007333333333333327
16,butterfly_000016.jpeg,data/demo/images/butterfly_000016.jpeg,butterfly,butterfly,0.839,hard_example,high_entropy;rare_class;class_deficit,send_to_review,0.3298333333333333,0.3298333333333333,0.795077540444784,0.0,0.0,1.0,,441.5188266488889,125.30775,20.1360408208143,300,200,0.0,,,,0.8991666666666667,96.94892361111111,0.839,0.01788888888888889,0.01788888888888889,0.01788888888888889,0.01788888888888889,0.01788888888888889,0.01788888888888889,0.01788888888888889,0.01788888888888889,0.01788888888888889
17,butterfly_000017.jpg,data/demo/images/butterfly_000017.jpg,butterfly,butterfly,0.899,rare_class_candidate,rare_class;class_deficit,add_to_next_train,0.3298333333333333,0.3298333333333333,0.5491943311021419,0.0,0.0,1.0,,1378.048297422722,136.80380721830986,46.74560041059343,640,426,0.0,,,,0.8991666666666667,96.94892361111111,0.899,0.01122222222222222,0.01122222222222222,0.01122222222222222,0.01122222222222222,0.01122222222222222,0.01122222222222222,0.01122222222222222,0.01122222222222222,0.01122222222222222
18,butterfly_000018.jpeg,data/demo/images/butterfly_000018.jpeg,butterfly,butterfly,0.949,rare_class_candidate,rare_class;class_deficit,add_to_next_train,0.3298333333333333,0.3298333333333333,0.31350766527652313,0.0,0.0,1.0,,2139.04004002941,88.26854814814814,49.814968600882814,300,225,0.0,,,,0.8991666666666667,96.94892361111111,0.949,0.005666666666666671,0.005666666666666671,0.005666666666666671,0.005666666666666671,0.005666666666666671,0.005666666666666671,0.005666666666666671,0.005666666666666671,0.005666666666666671
21,butterfly_000021.jpeg,data/demo/images/butterfly_000021.jpeg,butterfly,butterfly,0.832,hard_example,high_entropy;rare_class;class_deficit,send_to_review,0.3298333333333333,0.3298333333333333,0.8218344586716294,0.0,0.0,1.0,,1098.862001437469,91.3531755424063,40.142395468868656,300,169,0.0,,,,0.8991666666666667,96.94892361111111,0.832,0.01866666666666667,0.01866666666666667,0.01866666666666667,0.01866666666666667,0.01866666666666667,0.01866666666666667,0.01866666666666667,0.01866666666666667,0.01866666666666667
22,butterfly_000022.jpeg,data/demo/images/butterfly_000022.jpeg,butterfly,butterfly,0.96,rare_class_candidate,rare_class;class_deficit,add_to_next_train,0.3298333333333333,0.3298333333333333,0.25583312082762294,0.0,0.0,1.0,,1273.0201674663888,159.5378,63.34452571317167,300,200,0.0,,,,0.8991666666666667,96.94892361111111,0.96,0.004444444444444449,0.004444444444444449,0.004444444444444449,0.004444444444444449,0.004444444444444449,0.004444444444444449,0.004444444444444449,0.004444444444444449,0.004444444444444449
23,butterfly_000023.jpeg,data/demo/images/butterfly_000023.jpeg,butterfly,butterfly,0.9,rare_class_candidate,rare_class;class_deficit,add_to_next_train,0.3298333333333333,0.3298333333333333,0.5448054211250705,0.0,0.0,1.0,,1710.4103643896633,99.53858220211161,65.38642304295166,221,300,0.0,,,,0.8991666666666667,96.94892361111111,0.9,0.011111111111111108,0.011111111111111108,0.011111111111111108,0.011111111111111108,0.011111111111111108,0.011111111111111108,0.011111111111111108,0.011111111111111108,0.011111111111111108
24,butterfly_000024.jpeg,data/demo/images/butterfly_000024.jpeg,butterfly,butterfly,0.869,hard_example,high_entropy;rare_class;class_deficit,send_to_review,0.3298333333333333,0.3298333333333333,0.6761196634182056,0.0,0.0,1.0,,1018.1043199530556,105.13685,27.943514848306037,300,200,0.0,,,,0.8991666666666667,96.94892361111111,0.869,0.014555555555555556,0.014555555555555556,0.014555555555555556,0.014555555555555556,0.014555555555555556,0.014555555555555556,0.014555555555555556,0.014555555555555556,0.014555555555555556
25,butterfly_000025.jpeg,data/demo/images/butterfly_000025.jpeg,butterfly,butterfly,0.875,hard_example,high_entropy;rare_class;class_deficit,send_to_review,0.3298333333333333,0.3298333333333333,0.6514232234234646,0.0,0.0,1.0,,1884.8932733057384,108.94897897897899,63.45869416655122,300,222,0.0,,,,0.8991666666666667,96.94892361111111,0.875,0.013888888888888888,0.013888888888888888,0.013888888888888888,0.013888888888888888,0.013888888888888888,0.013888888888888888,0.013888888888888888,0.013888888888888888,0.013888888888888888
26,butterfly_000026.jpeg,data/demo/images/butterfly_000026.jpeg,butterfly,butterfly,0.922,rare_class_candidate,rare_class;class_deficit,add_to_next_train,0.3298333333333333,0.3298333333333333,0.44524080141339506,0.0,0.0,1.0,,7249.312097657283,186.84873333333334,79.48186967657746,300,300,0.0,,,,0.8991666666666667,96.94892361111111,0.922,0.008666666666666663,0.008666666666666663,0.008666666666666663,0.008666666666666663,0.008666666666666663,0.008666666666666663,0.008666666666666663,0.008666666666666663,0.008666666666666663
27,butterfly_000027.jpeg,data/demo/images/butterfly_000027.jpeg,butterfly,butterfly,0.905,rare_class_candidate,rare_class;class_deficit,add_to_next_train,0.3298333333333333,0.3298333333333333,0.5226921750785937,0.0,0.0,1.0,,1252.0593280882754,203.10300184162062,78.18172848374061,300,181,0.0,,,,0.8991666666666667,96.94892361111111,0.905,0.010555555555555552,0.010555555555555552,0.010555555555555552,0.010555555555555552,0.010555555555555552,0.010555555555555552,0.010555555555555552,0.010555555555555552,0.010555555555555552
28,butterfly_000028.jpeg,data/demo/images/butterfly_000028.jpeg,butterfly,butterfly,0.847,hard_example,high_entropy;rare_class;class_deficit,send_to_review,0.3298333333333333,0.3298333333333333,0.7640531389712464,0.0,0.0,1.0,,2868.406682718464,96.6230962962963,56.25017612388876,300,225,0.0,,,,0.8991666666666667,96.94892361111111,0.847,0.017,0.017,0.017,0.017,0.017,0.017,0.017,0.017,0.017
29,butterfly_000029.jpeg,data/demo/images/butterfly_000029.jpeg,butterfly,butterfly,0.952,rare_class_candidate,rare_class;class_deficit,add_to_next_train,0.3298333333333333,0.3298333333333333,0.2980504870493181,0.0,0.0,1.0,,2254.7881283711386,77.18444444444444,50.61377790266448,300,225,0.0,,,,0.8991666666666667,96.94892361111111,0.952,0.005333333333333338,0.005333333333333338,0.005333333333333338,0.005333333333333338,0.005333333333333338,0.005333333333333338,0.005333333333333338,0.005333333333333338,0.005333333333333338
59,butterfly_000059.jpg,data/demo/images/butterfly_000059.jpg,butterfly,butterfly,0.847,hard_example,high_entropy;rare_class;class_deficit,send_to_review,0.3298333333333333,0.3298333333333333,0.7640531389712464,0.0,0.0,1.0,,1113.61424764779,157.9849618544601,36.83638367237485,640,426,0.0,,,,0.8991666666666667,96.94892361111111,0.847,0.017,0.017,0.017,0.017,0.017,0.017,0.017,0.017,0.017
61,butterfly_000061.jpeg,data/demo/images/butterfly_000061.jpeg,butterfly,butterfly,0.887,rare_class_candidate,rare_class;class_deficit,add_to_next_train,0.3298333333333333,0.3298333333333333,0.6010283233980387,0.0,0.0,1.0,,2034.2840168872087,191.0357536231884,80.52530980244583,300,230,0.0,,,,0.8991666666666667,96.94892361111111,0.887,0.012555555555555554,0.012555555555555554,0.012555555555555554,0.012555555555555554,0.012555555555555554,0.012555555555555554,0.012555555555555554,0.012555555555555554,0.012555555555555554
93,butterfly_000093.jpeg,data/demo/images/butterfly_000093.jpeg,butterfly,butterfly,0.862,hard_example,high_entropy;rare_class;class_deficit,send_to_review,0.3298333333333333,0.3298333333333333,0.7045332087907381,0.0,0.0,1.0,,3248.853257051282,78.73947435897436,58.64118103832712,260,300,0.0,,,,0.8991666666666667,96.94892361111111,0.862,0.015333333333333334,0.015333333333333334,0.015333333333333334,0.015333333333333334,0.015333333333333334,0.015333333333333334,0.015333333333333334,0.015333333333333334,0.015333333333333334
62,butterfly_000062.jpeg,data/demo/images/butterfly_000062.jpeg,butterfly,butterfly,0.944,rare_class_candidate,rare_class;class_deficit,add_to_next_train,0.3298333333333333,0.3298333333333333,0.33886104979044535,0.0,0.0,1.0,,2573.5764033733335,76.53954444444445,45.470733110103325,300,300,0.0,,,,0.8991666666666667,96.94892361111111,0.944,0.006222222222222228,0.006222222222222228,0.006222222222222228,0.006222222222222228,0.006222222222222228,0.006222222222222228,0.006222222222222228,0.006222222222222228,0.006222222222222228
96,butterfly_000096.jpg,data/demo/images/butterfly_000096.jpg,butterfly,butterfly,0.971,rare_class_candidate,rare_class;class_deficit,add_to_next_train,0.3298333333333333,0.3298333333333333,0.1949682019444048,0.0,0.0,1.0,,1309.1394472377647,96.16278577790973,60.581617649413474,640,421,0.0,,,,0.8991666666666667,96.94892361111111,0.971,0.0032222222222222253,0.0032222222222222253,0.0032222222222222253,0.0032222222222222253,0.0032222222222222253,0.0032222222222222253,0.0032222222222222253,0.0032222222222222253,0.0032222222222222253
97,butterfly_000097.jpg,data/demo/images/butterfly_000097.jpg,butterfly,butterfly,0.841,hard_example,high_entropy;rare_class;class_deficit,send_to_review,0.3298333333333333,0.3298333333333333,0.7873666225883305,0.0,0.0,1.0,,3297.3177587727096,94.11714199029126,66.64725669813879,640,412,0.0,,,,0.8991666666666667,96.94892361111111,0.841,0.01766666666666667,0.01766666666666667,0.01766666666666667,0.01766666666666667,0.01766666666666667,0.01766666666666667,0.01766666666666667,0.01766666666666667,0.01766666666666667
99,butterfly_000099.jpeg,data/demo/images/butterfly_000099.jpeg,butterfly,butterfly,0.952,rare_class_candidate,rare_class;class_deficit,add_to_next_train,0.3298333333333333,0.3298333333333333,0.2980504870493181,0.0,0.0,1.0,,1538.2943444775,80.8901,54.02881612611921,200,200,0.0,,,,0.8991666666666667,96.94892361111111,0.952,0.005333333333333338,0.005333333333333338,0.005333333333333338,0.005333333333333338,0.005333333333333338,0.005333333333333338,0.005333333333333338,0.005333333333333338,0.005333333333333338
100,butterfly_000100.jpeg,data/demo/images/butterfly_000100.jpeg,butterfly,butterfly,0.946,rare_class_candidate,rare_class;class_deficit,add_to_next_train,0.3298333333333333,0.3298333333333333,0.3287787873207462,0.0,0.0,1.0,,5385.182193135802,89.6432,66.50663601852631,300,225,0.0,,,,0.8991666666666667,96.94892361111111,0.946,0.006000000000000005,0.006000000000000005,0.006000000000000005,0.006000000000000005,0.006000000000000005,0.006000000000000005,0.006000000000000005,0.006000000000000005,0.006000000000000005
101,butterfly_000101.jpeg,data/demo/images/butterfly_000101.jpeg,butterfly,butterfly,0.967,rare_class_candidate,rare_class;class_deficit,add_to_next_train,0.3298333333333333,0.3298333333333333,0.2175289854025043,0.0,0.0,1.0,,3701.2481059997226,92.47593333333333,51.71887747681907,300,200,0.0,,,,0.8991666666666667,96.94892361111111,0.967,0.00366666666666667,0.00366666666666667,0.00366666666666667,0.00366666666666667,0.00366666666666667,0.00366666666666667,0.00366666666666667,0.00366666666666667,0.00366666666666667
102,butterfly_000102.jpeg,data/demo/images/butterfly_000102.jpeg,butterfly,butterfly,0.901,rare_class_candidate,rare_class;class_deficit,add_to_next_train,0.3298333333333333,0.3298333333333333,0.5404053998699863,0.0,0.0,1.0,,736.2288519945129,75.91182222222223,24.66145505480662,300,225,0.0,,,,0.8991666666666667,96.94892361111111,0.901,0.010999999999999998,0.010999999999999998,0.010999999999999998,0.010999999999999998,0.010999999999999998,0.010999999999999998,0.010999999999999998,0.010999999999999998,0.010999999999999998
103,butterfly_000103.jpeg,data/demo/images/butterfly_000103.jpeg,butterfly,butterfly,0.891,rare_class_candidate,rare_class;class_deficit,add_to_next_train,0.3298333333333333,0.3298333333333333,0.5839169438723175,0.0,0.0,1.0,,1967.482803192099,144.65060740740742,32.036331210187505,300,225,0.0,,,,0.8991666666666667,96.94892361111111,0.891,0.012111111111111109,0.012111111111111109,0.012111111111111109,0.012111111111111109,0.012111111111111109,0.012111111111111109,0.012111111111111109,0.012111111111111109,0.012111111111111109
104,butterfly_000104.jpeg,data/demo/images/butterfly_000104.jpeg,butterfly,butterfly,0.964,rare_class_candidate,rare_class;class_deficit,add_to_next_train,0.3298333333333333,0.3298333333333333,0.2341166639772564,0.0,0.0,1.0,,1856.514088493608,92.71047407407407,65.26495001656052,300,225,0.0,,,,0.8991666666666667,96.94892361111111,0.964,0.0040000000000000036,0.0040000000000000036,0.0040000000000000036,0.0040000000000000036,0.0040000000000000036,0.0040000000000000036,0.0040000000000000036,0.0040000000000000036,0.0040000000000000036
105,butterfly_000105.jpeg,data/demo/images/butterfly_000105.jpeg,butterfly,butterfly,0.902,rare_class_candidate,rare_class;class_deficit,add_to_next_train,0.3298333333333333,0.3298333333333333,0.5359941675548843,0.0,0.0,1.0,,3915.5013073143487,167.14610370370372,71.40639053518473,300,225,0.0,,,,0.8991666666666667,96.94892361111111,0.902,0.010888888888888885,0.010888888888888885,0.010888888888888885,0.010888888888888885,0.010888888888888885,0.010888888888888885,0.010888888888888885,0.010888888888888885,0.010888888888888885
106,butterfly_000106.jpeg,data/demo/images/butterfly_000106.jpeg,butterfly,butterfly,0.928,rare_class_candidate,rare_class;class_deficit,add_to_next_train,0.3298333333333333,0.3298333333333333,0.41698202995559513,0.0,0.0,1.0,,1008.6157209011798,110.87783703703704,69.37905977648977,300,225,0.0,,,,0.8991666666666667,96.94892361111111,0.928,0.007999999999999995,0.007999999999999995,0.007999999999999995,0.007999999999999995,0.007999999999999995,0.007999999999999995,0.007999999999999995,0.007999999999999995,0.007999999999999995
107,butterfly_000107.jpeg,data/demo/images/butterfly_000107.jpeg,butterfly,butterfly,0.951,rare_class_candidate,rare_class;class_deficit,add_to_next_train,0.3298333333333333,0.3298333333333333,0.30322420518352605,0.0,0.0,1.0,,1504.2801129233335,210.93498888888888,71.35524901816488,300,300,0.0,,,,0.8991666666666667,96.94892361111111,0.951,0.00544444444444445,0.00544444444444445,0.00544444444444445,0.00544444444444445,0.00544444444444445,0.00544444444444445,0.00544444444444445,0.00544444444444445,0.00544444444444445
109,butterfly_000109.jpg,data/demo/images/butterfly_000109.jpg,butterfly,butterfly,0.831,hard_example,high_entropy;rare_class;class_deficit,send_to_review,0.3298333333333333,0.3298333333333333,0.8256279802050819,0.0,0.0,1.0,,1331.3462087912728,170.64929237565445,67.39492351589453,640,382,0.0,,,,0.8991666666666667,96.94892361111111,0.831,0.018777777777777782,0.018777777777777782,0.018777777777777782,0.018777777777777782,0.018777777777777782,0.018777777777777782,0.018777777777777782,0.018777777777777782,0.018777777777777782
112,butterfly_000112.jpeg,data/demo/images/butterfly_000112.jpeg,butterfly,butterfly,0.963,rare_class_candidate,rare_class;class_deficit,add_to_next_train,0.3298333333333333,0.3298333333333333,0.2395871800141473,0.0,0.0,1.0,,2484.9154865420483,134.56857397504456,60.73251854810896,300,187,0.0,,,,0.8991666666666667,96.94892361111111,0.963,0.004111111111111115,0.004111111111111115,0.004111111111111115,0.004111111111111115,0.004111111111111115,0.004111111111111115,0.004111111111111115,0.004111111111111115,0.004111111111111115
113,butterfly_000113.jpeg,data/demo/images/butterfly_000113.jpeg,butterfly,butterfly,0.965,rare_class_candidate,rare_class;class_deficit,add_to_next_train,0.3298333333333333,0.3298333333333333,0.22861732924465514,0.0,0.0,1.0,,16248.76531955358,124.9436,59.46934152992585,300,225,0.0,,,,0.8991666666666667,96.94892361111111,0.965,0.0038888888888888922,0.0038888888888888922,0.0038888888888888922,0.0038888888888888922,0.0038888888888888922,0.0038888888888888922,0.0038888888888888922,0.0038888888888888922,0.0038888888888888922
116,butterfly_000116.jpeg,data/demo/images/butterfly_000116.jpeg,butterfly,butterfly,0.856,hard_example,high_entropy;rare_class;class_deficit,send_to_review,0.3298333333333333,0.3298333333333333,0.7285590510022777,0.0,0.0,1.0,,8025.551721773333,201.51824444444443,78.44457109199408,300,300,0.0,,,,0.8991666666666667,96.94892361111111,0.856,0.016,0.016,0.016,0.016,0.016,0.016,0.016,0.016,0.016
117,butterfly_000117.jpeg,data/demo/images/butterfly_000117.jpeg,butterfly,butterfly,0.977,rare_class_candidate,rare_class;class_deficit,add_to_next_train,0.3298333333333333,0.3298333333333333,0.16003160824870286,0.0,0.0,1.0,,4528.235169855358,127.56051282051283,53.96154784558039,300,208,0.0,,,,0.8991666666666667,96.94892361111111,0.977,0.002555555555555558,0.002555555555555558,0.002555555555555558,0.002555555555555558,0.002555555555555558,0.002555555555555558,0.002555555555555558,0.002555555555555558,0.002555555555555558
118,butterfly_000118.jpeg,data/demo/images/butterfly_000118.jpeg,butterfly,butterfly,0.907,rare_class_candidate,rare_class;class_deficit,add_to_next_train,0.3298333333333333,0.3298333333333333,0.513766199556724,0.0,0.0,1.0,,4956.888583278888,118.56161666666667,59.402516810202485,300,200,0.0,,,,0.8991666666666667,96.94892361111111,0.907,0.01033333333333333,0.01033333333333333,0.01033333333333333,0.01033333333333333,0.01033333333333333,0.01033333333333333,0.01033333333333333,0.01033333333333333,0.01033333333333333
119,butterfly_000119.jpeg,data/demo/images/butterfly_000119.jpeg,butterfly,butterfly,0.86,hard_example,high_entropy;rare_class;class_deficit,send_to_review,0.3298333333333333,0.3298333333333333,0.7125749158910099,0.0,0.0,1.0,,4697.449462645644,135.7430966469428,52.16025693029178,300,169,0.0,,,,0.8991666666666667,96.94892361111111,0.86,0.015555555555555557,0.015555555555555557,0.015555555555555557,0.015555555555555557,0.015555555555555557,0.015555555555555557,0.015555555555555557,0.015555555555555557,0.015555555555555557
2,butterfly_000002.jpeg,data/demo/images/butterfly_000002.jpeg,butterfly,butterfly,0.972,rare_class_candidate,rare_class;class_deficit,add_to_next_train,0.3298333333333333,0.3298333333333333,0.18924198892710029,0.0,0.0,1.0,,550.1449563165617,87.97430152143845,34.48078588817959,241,300,0.0,,,,0.8991666666666667,96.94892361111111,0.972,0.003111111111111114,0.003111111111111114,0.003111111111111114,0.003111111111111114,0.003111111111111114,0.003111111111111114,0.003111111111111114,0.003111111111111114,0.003111111111111114
95,butterfly_000095.jpeg,data/demo/images/butterfly_000095.jpeg,butterfly,butterfly,0.963,rare_class_candidate,rare_class;class_deficit,add_to_next_train,0.3298333333333333,0.3298333333333333,0.2395871800141473,0.0,0.0,1.0,,422.840530069904,62.15576296296296,46.76047940510945,300,225,0.0,,,,0.8991666666666667,96.94892361111111,0.963,0.004111111111111115,0.004111111111111115,0.004111111111111115,0.004111111111111115,0.004111111111111115,0.004111111111111115,0.004111111111111115,0.004111111111111115,0.004111111111111115
4,butterfly_000004.jpeg,data/demo/images/butterfly_000004.jpeg,butterfly,butterfly,0.917,rare_class_candidate,rare_class;class_deficit,add_to_next_train,0.3298333333333333,0.3298333333333333,0.4684055863947478,0.0,0.0,1.0,,1141.9674840530554,80.6935,49.18711373672987,300,200,0.0,,,,0.8991666666666667,96.94892361111111,0.917,0.009222222222222218,0.009222222222222218,0.009222222222222218,0.009222222222222218,0.009222222222222218,0.009222222222222218,0.009222222222222218,0.009222222222222218,0.009222222222222218
92,butterfly_000092.jpeg,data/demo/images/butterfly_000092.jpeg,butterfly,butterfly,0.973,rare_class_candidate,rare_class;class_deficit,add_to_next_train,0.3298333333333333,0.3298333333333333,0.18347902522111684,0.0,0.0,1.0,,754.4480607980247,84.61924444444445,45.07053126123406,300,225,0.0,,,,0.8991666666666667,96.94892361111111,0.973,0.0030000000000000027,0.0030000000000000027,0.0030000000000000027,0.0030000000000000027,0.0030000000000000027,0.0030000000000000027,0.0030000000000000027,0.0030000000000000027,0.0030000000000000027
74,butterfly_000074.jpg,data/demo/images/butterfly_000074.jpg,butterfly,butterfly,0.952,rare_class_candidate,rare_class;class_deficit,add_to_next_train,0.3298333333333333,0.3298333333333333,0.2980504870493181,0.0,0.0,1.0,,1566.1156528509568,143.74130927985948,29.36542327694706,640,427,0.0,,,,0.8991666666666667,96.94892361111111,0.952,0.005333333333333338,0.005333333333333338,0.005333333333333338,0.005333333333333338,0.005333333333333338,0.005333333333333338,0.005333333333333338,0.005333333333333338,0.005333333333333338
63,butterfly_000063.jpeg,data/demo/images/butterfly_000063.jpeg,butterfly,butterfly,0.83,hard_example,high_entropy;rare_class;class_deficit,send_to_review,0.3298333333333333,0.3298333333333333,0.829414381174516,0.0,0.0,1.0,,3718.1616436094764,136.8200354609929,50.744141498823716,300,188,0.0,,,,0.8991666666666667,96.94892361111111,0.83,0.018888888888888893,0.018888888888888893,0.018888888888888893,0.018888888888888893,0.018888888888888893,0.018888888888888893,0.018888888888888893,0.018888888888888893,0.018888888888888893
64,butterfly_000064.jpeg,data/demo/images/butterfly_000064.jpeg,butterfly,butterfly,0.98,rare_class_candidate,rare_class;class_deficit,add_to_next_train,0.3298333333333333,0.3298333333333333,0.1419835948264585,0.0,0.0,1.0,,3308.7683405961293,211.5970286576169,61.620606190704486,300,221,0.0,,,,0.8991666666666667,96.94892361111111,0.98,0.0022222222222222244,0.0022222222222222244,0.0022222222222222244,0.0022222222222222244,0.0022222222222222244,0.0022222222222222244,0.0022222222222222244,0.0022222222222222244,0.0022222222222222244
65,butterfly_000065.jpeg,data/demo/images/butterfly_000065.jpeg,butterfly,butterfly,0.848,hard_example,high_entropy;rare_class;class_deficit,send_to_review,0.3298333333333333,0.3298333333333333,0.7601407864170749,0.0,0.0,1.0,,1795.8754752455366,115.29368115942029,64.21062339810838,300,230,0.0,,,,0.8991666666666667,96.94892361111111,0.848,0.01688888888888889,0.01688888888888889,0.01688888888888889,0.01688888888888889,0.01688888888888889,0.01688888888888889,0.01688888888888889,0.01688888888888889,0.01688888888888889
66,butterfly_000066.jpeg,data/demo/images/butterfly_000066.jpeg,butterfly,butterfly,0.959,rare_class_candidate,rare_class;class_deficit,add_to_next_train,0.3298333333333333,0.3298333333333333,0.2611954811048294,0.0,0.0,1.0,,6295.94764670626,184.50400597907324,51.38208116618647,300,223,0.0,,,,0.8991666666666667,96.94892361111111,0.959,0.004555555555555559,0.004555555555555559,0.004555555555555559,0.004555555555555559,0.004555555555555559,0.004555555555555559,0.004555555555555559,0.004555555555555559,0.004555555555555559
68,butterfly_000068.jpg,data/demo/images/butterfly_000068.jpg,butterfly,butterfly,0.868,hard_example,high_entropy;rare_class;class_deficit,send_to_review,0.3298333333333333,0.3298333333333333,0.6802046510839334,0.0,0.0,1.0,,1020.2918019647609,63.55897887323944,41.073543018653595,640,426,0.0,,,,0.8991666666666667,96.94892361111111,0.868,0.014666666666666668,0.014666666666666668,0.014666666666666668,0.014666666666666668,0.014666666666666668,0.014666666666666668,0.014666666666666668,0.014666666666666668,0.014666666666666668
69,butterfly_000069.jpg,data/demo/images/butterfly_000069.jpg,butterfly,butterfly,0.898,rare_class_candidate,rare_class;class_deficit,add_to_next_train,0.3298333333333333,0.3298333333333333,0.553572227580061,0.0,0.0,1.0,,1315.1677007029768,147.0914209213615,23.3953645766935,640,426,0.0,,,,0.8991666666666667,96.94892361111111,0.898,0.01133333333333333,0.01133333333333333,0.01133333333333333,0.01133333333333333,0.01133333333333333,0.01133333333333333,0.01133333333333333,0.01133333333333333,0.01133333333333333
70,butterfly_000070.jpg,data/demo/images/butterfly_000070.jpg,butterfly,butterfly,0.947,rare_class_candidate,rare_class;class_deficit,add_to_next_train,0.3298333333333333,0.3298333333333333,0.3237084589154791,0.0,0.0,1.0,,1148.9282608895953,149.5072615881459,54.264710621635906,640,329,0.0,,,,0.8991666666666667,96.94892361111111,0.947,0.005888888888888894,0.005888888888888894,0.005888888888888894,0.005888888888888894,0.005888888888888894,0.005888888888888894,0.005888888888888894,0.005888888888888894,0.005888888888888894
71,butterfly_000071.jpeg,data/demo/images/butterfly_000071.jpeg,butterfly,butterfly,0.907,rare_class_candidate,rare_class;class_deficit,add_to_next_train,0.3298333333333333,0.3298333333333333,0.513766199556724,0.0,0.0,1.0,,1081.9587068344445,188.21963333333332,69.76776121994551,300,300,0.0,,,,0.8991666666666667,96.94892361111111,0.907,0.01033333333333333,0.01033333333333333,0.01033333333333333,0.01033333333333333,0.01033333333333333,0.01033333333333333,0.01033333333333333,0.01033333333333333,0.01033333333333333
91,butterfly_000091.jpeg,data/demo/images/butterfly_000091.jpeg,butterfly,butterfly,0.821,hard_example,high_entropy;rare_class;class_deficit,send_to_review,0.3298333333333333,0.3298333333333333,0.8631769362193822,0.0,0.0,1.0,,4834.695870979809,176.534496124031,100.66939135227284,300,258,0.0,,,,0.8991666666666667,96.94892361111111,0.821,0.019888888888888893,0.019888888888888893,0.019888888888888893,0.019888888888888893,0.019888888888888893,0.019888888888888893,0.019888888888888893,0.019888888888888893,0.019888888888888893
72,butterfly_000072.jpeg,data/demo/images/butterfly_000072.jpeg,butterfly,butterfly,0.949,rare_class_candidate,rare_class;class_deficit,add_to_next_train,0.3298333333333333,0.3298333333333333,0.31350766527652313,0.0,0.0,1.0,,9134.838592219136,129.67572222222222,63.8038881567796,300,300,0.0,,,,0.8991666666666667,96.94892361111111,0.949,0.005666666666666671,0.005666666666666671,0.005666666666666671,0.005666666666666671,0.005666666666666671,0.005666666666666671,0.005666666666666671,0.005666666666666671,0.005666666666666671
75,butterfly_000075.jpg,data/demo/images/butterfly_000075.jpg,butterfly,butterfly,0.842,hard_example,high_entropy;rare_class;class_deficit,send_to_review,0.3298333333333333,0.3298333333333333,0.7834999649909603,0.0,0.0,1.0,,1241.067783944134,163.9106630562061,35.881497573949574,640,427,0.0,,,,0.8991666666666667,96.94892361111111,0.842,0.01755555555555556,0.01755555555555556,0.01755555555555556,0.01755555555555556,0.01755555555555556,0.01755555555555556,0.01755555555555556,0.01755555555555556,0.01755555555555556
76,butterfly_000076.jpeg,data/demo/images/butterfly_000076.jpeg,butterfly,butterfly,0.905,rare_class_candidate,rare_class;class_deficit,add_to_next_train,0.3298333333333333,0.3298333333333333,0.5226921750785937,0.0,0.0,1.0,,951.0061,84.75793333333333,43.105845354532704,300,200,0.0,,,,0.8991666666666667,96.94892361111111,0.905,0.010555555555555552,0.010555555555555552,0.010555555555555552,0.010555555555555552,0.010555555555555552,0.010555555555555552,0.010555555555555552,0.010555555555555552,0.010555555555555552
79,butterfly_000079.jpeg,data/demo/images/butterfly_000079.jpeg,butterfly,butterfly,0.974,rare_class_candidate,rare_class;class_deficit,add_to_next_train,0.3298333333333333,0.3298333333333333,0.17767798825649272,0.0,0.0,1.0,,2959.4713830775004,94.76421666666667,55.813600399481984,300,200,0.0,,,,0.8991666666666667,96.94892361111111,0.974,0.0028888888888888914,0.0028888888888888914,0.0028888888888888914,0.0028888888888888914,0.0028888888888888914,0.0028888888888888914,0.0028888888888888914,0.0028888888888888914,0.0028888888888888914
81,butterfly_000081.jpeg,data/demo/images/butterfly_000081.jpeg,butterfly,butterfly,0.97,rare_class_candidate,rare_class;class_deficit,add_to_next_train,0.3298333333333333,0.3298333333333333,0.20065889549985488,0.0,0.0,1.0,,5185.84269739369,114.08382222222222,76.00097306724693,300,225,0.0,,,,0.8991666666666667,96.94892361111111,0.97,0.003333333333333336,0.003333333333333336,0.003333333333333336,0.003333333333333336,0.003333333333333336,0.003333333333333336,0.003333333333333336,0.003333333333333336,0.003333333333333336
82,butterfly_000082.jpeg,data/demo/images/butterfly_000082.jpeg,butterfly,butterfly,0.969,rare_class_candidate,rare_class;class_deficit,add_to_next_train,0.3298333333333333,0.3298333333333333,0.2063152186183693,0.0,0.0,1.0,,1229.7347786170278,96.68170305676855,41.56421432764682,300,229,0.0,,,,0.8991666666666667,96.94892361111111,0.969,0.0034444444444444475,0.0034444444444444475,0.0034444444444444475,0.0034444444444444475,0.0034444444444444475,0.0034444444444444475,0.0034444444444444475,0.0034444444444444475,0.0034444444444444475
83,butterfly_000083.jpeg,data/demo/images/butterfly_000083.jpeg,butterfly,butterfly,0.899,rare_class_candidate,rare_class;class_deficit,add_to_next_train,0.3298333333333333,0.3298333333333333,0.5491943311021419,0.0,0.0,1.0,,4543.213180679135,140.19403361344538,44.83242434360962,300,238,0.0,,,,0.8991666666666667,96.94892361111111,0.899,0.01122222222222222,0.01122222222222222,0.01122222222222222,0.01122222222222222,0.01122222222222222,0.01122222222222222,0.01122222222222222,0.01122222222222222,0.01122222222222222
85,butterfly_000085.jpg,data/demo/images/butterfly_000085.jpg,butterfly,butterfly,0.907,rare_class_candidate,rare_class;class_deficit,add_to_next_train,0.3298333333333333,0.3298333333333333,0.513766199556724,0.0,0.0,1.0,,332.7761439399507,101.91180677816901,48.122502465297096,640,426,0.0,,,,0.8991666666666667,96.94892361111111,0.907,0.01033333333333333,0.01033333333333333,0.01033333333333333,0.01033333333333333,0.01033333333333333,0.01033333333333333,0.01033333333333333,0.01033333333333333,0.01033333333333333
86,butterfly_000086.jpg,data/demo/images/butterfly_000086.jpg,butterfly,butterfly,0.901,rare_class_candidate,rare_class;class_deficit,add_to_next_train,0.3298333333333333,0.3298333333333333,0.5404053998699863,0.0,0.0,1.0,,1775.5694658211405,117.34246933023873,42.14714077530892,640,377,0.0,,,,0.8991666666666667,96.94892361111111,0.901,0.010999999999999998,0.010999999999999998,0.010999999999999998,0.010999999999999998,0.010999999999999998,0.010999999999999998,0.010999999999999998,0.010999999999999998,0.010999999999999998
89,butterfly_000089.jpg,data/demo/images/butterfly_000089.jpg,butterfly,butterfly,0.964,rare_class_candidate,rare_class;class_deficit,add_to_next_train,0.3298333333333333,0.3298333333333333,0.2341166639772564,0.0,0.0,1.0,,520.1101509553265,73.48393976323119,37.189112710385906,640,359,0.0,,,,0.8991666666666667,96.94892361111111,0.964,0.0040000000000000036,0.0040000000000000036,0.0040000000000000036,0.0040000000000000036,0.0040000000000000036,0.0040000000000000036,0.0040000000000000036,0.0040000000000000036,0.0040000000000000036
790,horse_000790.jpeg,data/demo/images/horse_000790.jpeg,horse,horse,0.93,rare_class_candidate,rare_class;class_deficit,add_to_next_train,0.32966666666666666,0.32966666666666666,0.4074446573352272,0.0,0.0,1.0,,1617.4578599930555,163.42029166666666,79.03377008120178,300,240,0.0,,,,0.8983333333333333,96.94892361111111,0.007777777777777772,0.007777777777777772,0.007777777777777772,0.007777777777777772,0.007777777777777772,0.007777777777777772,0.93,0.007777777777777772,0.007777777777777772,0.007777777777777772
721,horse_000721.jpeg,data/demo/images/horse_000721.jpeg,horse,horse,0.835,hard_example,high_entropy;rare_class;class_deficit,send_to_review,0.32966666666666666,0.32966666666666666,0.8104108307985534,0.0,0.0,1.0,,2308.9932603511393,95.22591715976331,49.055373523153364,300,169,0.0,,,,0.8983333333333333,96.94892361111111,0.018333333333333337,0.018333333333333337,0.018333333333333337,0.018333333333333337,0.018333333333333337,0.018333333333333337,0.835,0.018333333333333337,0.018333333333333337,0.018333333333333337
727,horse_000727.jpeg,data/demo/images/horse_000727.jpeg,horse,horse,0.92,rare_class_candidate,rare_class;class_deficit,add_to_next_train,0.32966666666666666,0.32966666666666666,0.45454732795548536,0.0,0.0,1.0,,1184.9617834187245,82.92850412249706,61.94502407218022,300,283,0.0,,,,0.8983333333333333,96.94892361111111,0.008888888888888884,0.008888888888888884,0.008888888888888884,0.008888888888888884,0.008888888888888884,0.008888888888888884,0.92,0.008888888888888884,0.008888888888888884,0.008888888888888884
789,horse_000789.jpeg,data/demo/images/horse_000789.jpeg,horse,horse,0.953,rare_class_candidate,rare_class;class_deficit,add_to_next_train,0.32966666666666666,0.32966666666666666,0.2928548836541131,0.0,0.0,1.0,,1196.8276582905817,88.78929042904291,53.37188269306957,202,300,0.0,,,,0.8983333333333333,96.94892361111111,0.005222222222222227,0.005222222222222227,0.005222222222222227,0.005222222222222227,0.005222222222222227,0.005222222222222227,0.953,0.005222222222222227,0.005222222222222227,0.005222222222222227
729,horse_000729.jpeg,data/demo/images/horse_000729.jpeg,horse,horse,0.96,rare_class_candidate,rare_class;class_deficit,add_to_next_train,0.32966666666666666,0.32966666666666666,0.25583312082762294,0.0,0.0,1.0,,2166.2107424004143,142.4645351473923,43.05948386136897,300,294,0.0,,,,0.8983333333333333,96.94892361111111,0.004444444444444449,0.004444444444444449,0.004444444444444449,0.004444444444444449,0.004444444444444449,0.004444444444444449,0.96,0.004444444444444449,0.004444444444444449,0.004444444444444449
823,horse_000823.jpeg,data/demo/images/horse_000823.jpeg,horse,horse,0.942,rare_class_candidate,rare_class;class_deficit,add_to_next_train,0.32966666666666666,0.32966666666666666,0.3488676312050125,0.0,0.0,1.0,,710.7385820126194,155.84470175438597,78.18578339161266,300,190,0.0,,,,0.8983333333333333,96.94892361111111,0.0064444444444444506,0.0064444444444444506,0.0064444444444444506,0.0064444444444444506,0.0064444444444444506,0.0064444444444444506,0.942,0.0064444444444444506,0.0064444444444444506,0.0064444444444444506
814,horse_000814.jpeg,data/demo/images/horse_000814.jpeg,horse,horse,0.899,rare_class_candidate,rare_class;class_deficit,add_to_next_train,0.32966666666666666,0.32966666666666666,0.5491943311021419,0.0,0.0,1.0,,1915.077709857119,108.16065972222222,73.28227601409162,288,300,0.0,,,,0.8983333333333333,96.94892361111111,0.01122222222222222,0.01122222222222222,0.01122222222222222,0.01122222222222222,0.01122222222222222,0.01122222222222222,0.899,0.01122222222222222,0.01122222222222222,0.01122222222222222
815,horse_000815.jpeg,data/demo/images/horse_000815.jpeg,horse,horse,0.963,rare_class_candidate,rare_class;class_deficit,add_to_next_train,0.32966666666666666,0.32966666666666666,0.2395871800141473,0.0,0.0,1.0,,1912.2858223630428,160.66215962441314,32.65150139069951,300,213,0.0,,,,0.8983333333333333,96.94892361111111,0.004111111111111115,0.004111111111111115,0.004111111111111115,0.004111111111111115,0.004111111111111115,0.004111111111111115,0.963,0.004111111111111115,0.004111111111111115,0.004111111111111115
816,horse_000816.jpeg,data/demo/images/horse_000816.jpeg,horse,horse,0.837,hard_example,high_entropy;rare_class;class_deficit,send_to_review,0.32966666666666666,0.32966666666666666,0.8027588453567481,0.0,0.0,1.0,,2484.0471266044697,137.1596380090498,73.45432645721928,221,300,0.0,,,,0.8983333333333333,96.94892361111111,0.018111111111111116,0.018111111111111116,0.018111111111111116,0.018111111111111116,0.018111111111111116,0.018111111111111116,0.837,0.018111111111111116,0.018111111111111116,0.018111111111111116
817,horse_000817.jpeg,data/demo/images/horse_000817.jpeg,horse,horse,0.925,rare_class_candidate,rare_class;class_deficit,add_to_next_train,0.32966666666666666,0.32966666666666666,0.4311762965681372,0.0,0.0,1.0,,6132.668733736358,119.87730654761904,66.21606176901263,300,224,0.0,,,,0.8983333333333333,96.94892361111111,0.008333333333333328,0.008333333333333328,0.008333333333333328,0.008333333333333328,0.008333333333333328,0.008333333333333328,0.925,0.008333333333333328,0.008333333333333328,0.008333333333333328
818,horse_000818.jpeg,data/demo/images/horse_000818.jpeg,horse,horse,0.962,rare_class_candidate,rare_class;class_deficit,add_to_next_train,0.32966666666666666,0.32966666666666666,0.24502962731090236,0.0,0.0,1.0,,2580.3231776261177,99.27527407407408,55.83686451618641,300,225,0.0,,,,0.8983333333333333,96.94892361111111,0.004222222222222226,0.004222222222222226,0.004222222222222226,0.004222222222222226,0.004222222222222226,0.004222222222222226,0.962,0.004222222222222226,0.004222222222222226,0.004222222222222226
819,horse_000819.jpeg,data/demo/images/horse_000819.jpeg,horse,horse,0.918,rare_class_candidate,rare_class;class_deficit,add_to_next_train,0.32966666666666666,0.32966666666666666,0.4637995014584284,0.0,0.0,1.0,,1738.0025927123684,106.99503373819164,37.77471684997821,300,247,0.0,,,,0.8983333333333333,96.94892361111111,0.009111111111111106,0.009111111111111106,0.009111111111111106,0.009111111111111106,0.009111111111111106,0.009111111111111106,0.918,0.009111111111111106,0.009111111111111106,0.009111111111111106
820,horse_000820.jpeg,data/demo/images/horse_000820.jpeg,horse,horse,0.97,rare_class_candidate,rare_class;class_deficit,add_to_next_train,0.32966666666666666,0.32966666666666666,0.20065889549985488,0.0,0.0,1.0,,3317.684144453089,121.58202111613876,54.86285780886568,300,221,0.0,,,,0.8983333333333333,96.94892361111111,0.003333333333333336,0.003333333333333336,0.003333333333333336,0.003333333333333336,0.003333333333333336,0.003333333333333336,0.97,0.003333333333333336,0.003333333333333336,0.003333333333333336
785,horse_000785.jpeg,data/demo/images/horse_000785.jpeg,horse,horse,0.852,hard_example,high_entropy;rare_class;class_deficit,send_to_review,0.32966666666666666,0.32966666666666666,0.7444133690522318,0.0,0.0,1.0,,996.8134174456953,108.82217136150234,72.22916359863535,284,300,0.0,,,,0.8983333333333333,96.94892361111111,0.016444444444444446,0.016444444444444446,0.016444444444444446,0.016444444444444446,0.016444444444444446,0.016444444444444446,0.852,0.016444444444444446,0.016444444444444446,0.016444444444444446
784,horse_000784.jpeg,data/demo/images/horse_000784.jpeg,horse,horse,0.917,rare_class_candidate,rare_class;class_deficit,add_to_next_train,0.32966666666666666,0.32966666666666666,0.4684055863947478,0.0,0.0,1.0,,2071.944071554548,169.57445767195767,53.700491765378146,300,252,0.0,,,,0.8983333333333333,96.94892361111111,0.009222222222222218,0.009222222222222218,0.009222222222222218,0.009222222222222218,0.009222222222222218,0.009222222222222218,0.917,0.009222222222222218,0.009222222222222218,0.009222222222222218
824,horse_000824.jpeg,data/demo/images/horse_000824.jpeg,horse,horse,0.82,hard_example,high_entropy;rare_class;class_deficit,send_to_review,0.32966666666666666,0.32966666666666666,0.866893900730614,0.0,0.0,1.0,,1562.7245011080247,127.25615277777777,89.82352364299302,300,240,0.0,,,,0.8983333333333333,96.94892361111111,0.020000000000000004,0.020000000000000004,0.020000000000000004,0.020000000000000004,0.020000000000000004,0.020000000000000004,0.82,0.020000000000000004,0.020000000000000004,0.020000000000000004
780,horse_000780.jpeg,data/demo/images/horse_000780.jpeg,horse,horse,0.932,rare_class_candidate,rare_class;class_deficit,add_to_next_train,0.32966666666666666,0.32966666666666666,0.397845833002054,0.0,0.0,1.0,,5078.955289812222,82.54926666666667,76.32176648546745,300,200,0.0,,,,0.8983333333333333,96.94892361111111,0.00755555555555555,0.00755555555555555,0.00755555555555555,0.00755555555555555,0.00755555555555555,0.00755555555555555,0.932,0.00755555555555555,0.00755555555555555,0.00755555555555555
825,horse_000825.jpeg,data/demo/images/horse_000825.jpeg,horse,horse,0.931,rare_class_candidate,rare_class;class_deficit,add_to_next_train,0.32966666666666666,0.32966666666666666,0.4026530288561762,0.0,0.0,1.0,,1868.6060162468132,127.04926253687316,46.42948811598923,300,226,0.0,,,,0.8983333333333333,96.94892361111111,0.007666666666666661,0.007666666666666661,0.007666666666666661,0.007666666666666661,0.007666666666666661,0.007666666666666661,0.931,0.007666666666666661,0.007666666666666661,0.007666666666666661
826,horse_000826.jpeg,data/demo/images/horse_000826.jpeg,horse,horse,0.842,hard_example,high_entropy;rare_class;class_deficit,send_to_review,0.32966666666666666,0.32966666666666666,0.7834999649909603,0.0,0.0,1.0,,2327.6103229154724,113.51797235023041,34.16527732494615,300,217,0.0,,,,0.8983333333333333,96.94892361111111,0.01755555555555556,0.01755555555555556,0.01755555555555556,0.01755555555555556,0.01755555555555556,0.01755555555555556,0.842,0.01755555555555556,0.01755555555555556,0.01755555555555556
827,horse_000827.jpeg,data/demo/images/horse_000827.jpeg,horse,horse,0.978,rare_class_candidate,rare_class;class_deficit,add_to_next_train,0.32966666666666666,0.32966666666666666,0.15406281841560157,0.0,0.0,1.0,,2159.8886931153943,124.4385873015873,66.82543052602362,300,210,0.0,,,,0.8983333333333333,96.94892361111111,0.0024444444444444466,0.0024444444444444466,0.0024444444444444466,0.0024444444444444466,0.0024444444444444466,0.0024444444444444466,0.978,0.0024444444444444466,0.0024444444444444466,0.0024444444444444466
783,horse_000783.jpeg,data/demo/images/horse_000783.jpeg,horse,horse,0.953,rare_class_candidate,rare_class;class_deficit,add_to_next_train,0.32966666666666666,0.32966666666666666,0.2928548836541131,0.0,0.0,1.0,,1936.2059390197223,84.66875,55.302505881477316,300,200,0.0,,,,0.8983333333333333,96.94892361111111,0.005222222222222227,0.005222222222222227,0.005222222222222227,0.005222222222222227,0.005222222222222227,0.005222222222222227,0.953,0.005222222222222227,0.005222222222222227,0.005222222222222227
782,horse_000782.jpeg,data/demo/images/horse_000782.jpeg,horse,horse,0.861,hard_example,high_entropy;rare_class;class_deficit,send_to_review,0.32966666666666666,0.32966666666666666,0.7085582402144297,0.0,0.0,1.0,,2957.546823877311,133.89718518518518,60.90877677620126,300,225,0.0,,,,0.8983333333333333,96.94892361111111,0.015444444444444446,0.015444444444444446,0.015444444444444446,0.015444444444444446,0.015444444444444446,0.015444444444444446,0.861,0.015444444444444446,0.015444444444444446,0.015444444444444446
830,horse_000830.jpeg,data/demo/images/horse_000830.jpeg,horse,horse,0.941,rare_class_candidate,rare_class;class_deficit,add_to_next_train,0.32966666666666666,0.32966666666666666,0.3538433155046953,0.0,0.0,1.0,,2351.566531390902,133.12573964497042,41.68175744310246,300,169,0.0,,,,0.8983333333333333,96.94892361111111,0.006555555555555561,0.006555555555555561,0.006555555555555561,0.006555555555555561,0.006555555555555561,0.006555555555555561,0.941,0.006555555555555561,0.006555555555555561,0.006555555555555561
831,horse_000831.jpeg,data/demo/images/horse_000831.jpeg,horse,horse,0.941,rare_class_candidate,rare_class;class_deficit,add_to_next_train,0.32966666666666666,0.32966666666666666,0.3538433155046953,0.0,0.0,1.0,,2634.0780692748667,104.74092827004219,70.17335475293864,237,300,0.0,,,,0.8983333333333333,96.94892361111111,0.006555555555555561,0.006555555555555561,0.006555555555555561,0.006555555555555561,0.006555555555555561,0.006555555555555561,0.941,0.006555555555555561,0.006555555555555561,0.006555555555555561
832,horse_000832.jpeg,data/demo/images/horse_000832.jpeg,horse,horse,0.96,rare_class_candidate,rare_class;class_deficit,add_to_next_train,0.32966666666666666,0.32966666666666666,0.25583312082762294,0.0,0.0,1.0,,4282.365145721689,131.9130498866213,60.05013175698721,300,294,0.0,,,,0.8983333333333333,96.94892361111111,0.004444444444444449,0.004444444444444449,0.004444444444444449,0.004444444444444449,0.004444444444444449,0.004444444444444449,0.96,0.004444444444444449,0.004444444444444449,0.004444444444444449
781,horse_000781.jpeg,data/demo/images/horse_000781.jpeg,horse,horse,0.927,rare_class_candidate,rare_class;class_deficit,add_to_next_train,0.32966666666666666,0.32966666666666666,0.4217281686443011,0.0,0.0,1.0,,2200.607032029246,101.08704883227176,51.76921043067443,300,157,0.0,,,,0.8983333333333333,96.94892361111111,0.008111111111111105,0.008111111111111105,0.008111111111111105,0.008111111111111105,0.008111111111111105,0.008111111111111105,0.927,0.008111111111111105,0.008111111111111105,0.008111111111111105
813,horse_000813.jpeg,data/demo/images/horse_000813.jpeg,horse,horse,0.946,rare_class_candidate,rare_class;class_deficit,add_to_next_train,0.32966666666666666,0.32966666666666666,0.32877878732074617,0.0,0.0,1.0,,1849.9000174266118,89.53217777777778,55.698481009923775,300,225,0.0,,,,0.8983333333333333,96.94892361111111,0.006000000000000005,0.006000000000000005,0.006000000000000005,0.006000000000000005,0.006000000000000005,0.006000000000000005,0.946,0.006000000000000005,0.006000000000000005,0.006000000000000005
786,horse_000786.jpeg,data/demo/images/horse_000786.jpeg,horse,horse,0.881,rare_class_candidate,rare_class;class_deficit,add_to_next_train,0.32966666666666666,0.32966666666666666,0.6263975295551014,0.0,0.0,1.0,,1746.4742524619821,114.95250493096647,35.841272813902506,300,169,0.0,,,,0.8983333333333333,96.94892361111111,0.013222222222222222,0.013222222222222222,0.013222222222222222,0.013222222222222222,0.013222222222222222,0.013222222222222222,0.881,0.013222222222222222,0.013222222222222222,0.013222222222222222
811,horse_000811.jpeg,data/demo/images/horse_000811.jpeg,horse,horse,0.913,rare_class_candidate,rare_class;class_deficit,add_to_next_train,0.32966666666666666,0.32966666666666666,0.48669994190423355,0.0,0.0,1.0,,1394.6334999375001,93.94123333333333,63.24512349959394,300,200,0.0,,,,0.8983333333333333,96.94892361111111,0.009666666666666664,0.009666666666666664,0.009666666666666664,0.009666666666666664,0.009666666666666664,0.009666666666666664,0.913,0.009666666666666664,0.009666666666666664,0.009666666666666664
810,horse_000810.jpeg,data/demo/images/horse_000810.jpeg,horse,horse,0.888,rare_class_candidate,rare_class;class_deficit,add_to_next_train,0.32966666666666666,0.32966666666666666,0.5967656402816963,0.0,0.0,1.0,,1309.6590003459528,211.63856140350876,38.971623424183974,300,190,0.0,,,,0.8983333333333333,96.94892361111111,0.012444444444444444,0.012444444444444444,0.012444444444444444,0.012444444444444444,0.012444444444444444,0.012444444444444444,0.888,0.012444444444444444,0.012444444444444444,0.012444444444444444
791,horse_000791.jpeg,data/demo/images/horse_000791.jpeg,horse,horse,0.979,rare_class_candidate,rare_class;class_deficit,add_to_next_train,0.32966666666666666,0.32966666666666666,0.1480475358766382,0.0,0.0,1.0,,4635.989670667507,162.24138528138528,81.15318404131459,300,231,0.0,,,,0.8983333333333333,96.94892361111111,0.0023333333333333353,0.0023333333333333353,0.0023333333333333353,0.0023333333333333353,0.0023333333333333353,0.0023333333333333353,0.979,0.0023333333333333353,0.0023333333333333353,0.0023333333333333353
788,horse_000788.jpeg,data/demo/images/horse_000788.jpeg,horse,horse,0.828,hard_example,high_entropy;rare_class;class_deficit,send_to_review,0.32966666666666666,0.32966666666666666,0.8369659544410585,0.0,0.0,1.0,,2649.3749232557475,107.3857925925926,60.85251856683791,300,225,0.0,,,,0.8983333333333333,96.94892361111111,0.019111111111111117,0.019111111111111117,0.019111111111111117,0.019111111111111117,0.019111111111111117,0.019111111111111117,0.828,0.019111111111111117,0.019111111111111117,0.019111111111111117
793,horse_000793.jpeg,data/demo/images/horse_000793.jpeg,horse,horse,0.842,hard_example,high_entropy;rare_class;class_deficit,send_to_review,0.32966666666666666,0.32966666666666666,0.7834999649909603,0.0,0.0,1.0,,2618.7269554349923,122.33245833333334,41.62599564122477,300,240,0.0,,,,0.8983333333333333,96.94892361111111,0.01755555555555556,0.01755555555555556,0.01755555555555556,0.01755555555555556,0.01755555555555556,0.01755555555555556,0.842,0.01755555555555556,0.01755555555555556,0.01755555555555556
794,horse_000794.jpeg,data/demo/images/horse_000794.jpeg,horse,horse,0.951,rare_class_candidate,rare_class;class_deficit,add_to_next_train,0.32966666666666666,0.32966666666666666,0.30322420518352605,0.0,0.0,1.0,,2092.720969805432,92.94577777777778,48.24483630732918,300,225,0.0,,,,0.8983333333333333,96.94892361111111,0.00544444444444445,0.00544444444444445,0.00544444444444445,0.00544444444444445,0.00544444444444445,0.00544444444444445,0.951,0.00544444444444445,0.00544444444444445,0.00544444444444445
795,horse_000795.jpeg,data/demo/images/horse_000795.jpeg,horse,horse,0.955,rare_class_candidate,rare_class;class_deficit,add_to_next_train,0.32966666666666666,0.32966666666666666,0.2823962327635063,0.0,0.0,1.0,,3865.7737367762797,105.66911764705883,48.102352345620666,300,238,0.0,,,,0.8983333333333333,96.94892361111111,0.0050000000000000044,0.0050000000000000044,0.0050000000000000044,0.0050000000000000044,0.0050000000000000044,0.0050000000000000044,0.955,0.0050000000000000044,0.0050000000000000044,0.0050000000000000044
796,horse_000796.jpeg,data/demo/images/horse_000796.jpeg,horse,horse,0.862,hard_example,high_entropy;rare_class;class_deficit,send_to_review,0.32966666666666666,0.32966666666666666,0.7045332087907381,0.0,0.0,1.0,,1970.2393799375,173.21515,72.35578456818432,200,300,0.0,,,,0.8983333333333333,96.94892361111111,0.015333333333333334,0.015333333333333334,0.015333333333333334,0.015333333333333334,0.015333333333333334,0.015333333333333334,0.862,0.015333333333333334,0.015333333333333334,0.015333333333333334
797,horse_000797.jpeg,data/demo/images/horse_000797.jpeg,horse,horse,0.94,rare_class_candidate,rare_class;class_deficit,add_to_next_train,0.32966666666666666,0.32966666666666666,0.35880098714077857,0.0,0.0,1.0,,1697.7810130283126,110.32189830508474,46.28924314782753,300,295,0.0,,,,0.8983333333333333,96.94892361111111,0.006666666666666672,0.006666666666666672,0.006666666666666672,0.006666666666666672,0.006666666666666672,0.006666666666666672,0.94,0.006666666666666672,0.006666666666666672,0.006666666666666672
798,horse_000798.jpeg,data/demo/images/horse_000798.jpeg,horse,horse,0.833,hard_example,high_entropy;rare_class;class_deficit,send_to_review,0.32966666666666666,0.32966666666666666,0.818033782798708,0.0,0.0,1.0,,1842.733636161158,184.69089314194576,90.54972236343654,300,209,0.0,,,,0.8983333333333333,96.94892361111111,0.01855555555555556,0.01855555555555556,0.01855555555555556,0.01855555555555556,0.01855555555555556,0.01855555555555556,0.833,0.01855555555555556,0.01855555555555556,0.01855555555555556
799,horse_000799.jpeg,data/demo/images/horse_000799.jpeg,horse,horse,0.906,rare_class_candidate,rare_class;class_deficit,add_to_next_train,0.32966666666666666,0.32966666666666666,0.5182350584434224,0.0,0.0,1.0,,3031.14833245324,141.84855072463768,74.41191516059371,207,300,0.0,,,,0.8983333333333333,96.94892361111111,0.010444444444444442,0.010444444444444442,0.010444444444444442,0.010444444444444442,0.010444444444444442,0.010444444444444442,0.906,0.010444444444444442,0.010444444444444442,0.010444444444444442
800,horse_000800.jpeg,data/demo/images/horse_000800.jpeg,horse,horse,0.95,rare_class_candidate,rare_class;class_deficit,add_to_next_train,0.32966666666666666,0.32966666666666666,0.3083764622126845,0.0,0.0,1.0,,943.5295638945913,153.49407814407814,77.5217789027565,300,273,0.0,,,,0.8983333333333333,96.94892361111111,0.00555555555555556,0.00555555555555556,0.00555555555555556,0.00555555555555556,0.00555555555555556,0.00555555555555556,0.95,0.00555555555555556,0.00555555555555556,0.00555555555555556
801,horse_000801.jpeg,data/demo/images/horse_000801.jpeg,horse,horse,0.963,rare_class_candidate,rare_class;class_deficit,add_to_next_train,0.32966666666666666,0.32966666666666666,0.2395871800141473,0.0,0.0,1.0,,1041.1466336488888,133.57978333333332,61.34946374082163,300,200,0.0,,,,0.8983333333333333,96.94892361111111,0.004111111111111115,0.004111111111111115,0.004111111111111115,0.004111111111111115,0.004111111111111115,0.004111111111111115,0.963,0.004111111111111115,0.004111111111111115,0.004111111111111115
802,horse_000802.jpeg,data/demo/images/horse_000802.jpeg,horse,horse,0.839,hard_example,high_entropy;rare_class;class_deficit,send_to_review,0.32966666666666666,0.32966666666666666,0.7950775404447841,0.0,0.0,1.0,,2531.854779888889,97.65166666666667,85.63268358064124,300,200,0.0,,,,0.8983333333333333,96.94892361111111,0.01788888888888889,0.01788888888888889,0.01788888888888889,0.01788888888888889,0.01788888888888889,0.01788888888888889,0.839,0.01788888888888889,0.01788888888888889,0.01788888888888889
803,horse_000803.jpeg,data/demo/images/horse_000803.jpeg,horse,horse,0.857,hard_example,high_entropy;rare_class;class_deficit,send_to_review,0.32966666666666666,0.32966666666666666,0.7245753051757527,0.0,0.0,1.0,,3728.685498146814,124.62542105263158,53.3107851510293,300,190,0.0,,,,0.8983333333333333,96.94892361111111,0.01588888888888889,0.01588888888888889,0.01588888888888889,0.01588888888888889,0.01588888888888889,0.01588888888888889,0.857,0.01588888888888889,0.01588888888888889,0.01588888888888889
804,horse_000804.jpeg,data/demo/images/horse_000804.jpeg,horse,horse,0.969,rare_class_candidate,rare_class;class_deficit,add_to_next_train,0.32966666666666666,0.32966666666666666,0.2063152186183693,0.0,0.0,1.0,,1783.4644365291176,123.37589919816723,51.60722070604499,291,300,0.0,,,,0.8983333333333333,96.94892361111111,0.0034444444444444475,0.0034444444444444475,0.0034444444444444475,0.0034444444444444475,0.0034444444444444475,0.0034444444444444475,0.969,0.0034444444444444475,0.0034444444444444475,0.0034444444444444475
787,horse_000787.jpeg,data/demo/images/horse_000787.jpeg,horse,horse,0.973,rare_class_candidate,rare_class;class_deficit,add_to_next_train,0.32966666666666666,0.32966666666666666,0.18347902522111684,0.0,0.0,1.0,,1827.928401263978,125.5469037037037,49.60541375814391,300,225,0.0,,,,0.8983333333333333,96.94892361111111,0.0030000000000000027,0.0030000000000000027,0.0030000000000000027,0.0030000000000000027,0.0030000000000000027,0.0030000000000000027,0.973,0.0030000000000000027,0.0030000000000000027,0.0030000000000000027
731,horse_000731.jpeg,data/demo/images/horse_000731.jpeg,horse,horse,0.929,rare_class_candidate,rare_class;class_deficit,add_to_next_train,0.32966666666666666,0.32966666666666666,0.4122209243450195,0.0,0.0,1.0,,3015.6808452970977,131.05984917043742,53.93138964571117,221,300,0.0,,,,0.8983333333333333,96.94892361111111,0.007888888888888883,0.007888888888888883,0.007888888888888883,0.007888888888888883,0.007888888888888883,0.007888888888888883,0.929,0.007888888888888883,0.007888888888888883,0.007888888888888883
807,horse_000807.jpeg,data/demo/images/horse_000807.jpeg,horse,horse,0.834,hard_example,high_entropy;rare_class;class_deficit,send_to_review,0.32966666666666666,0.32966666666666666,0.8142259183855688,0.0,0.0,1.0,,2143.223468871111,133.88885925925925,59.294923675317044,300,225,0.0,,,,0.8983333333333333,96.94892361111111,0.018444444444444447,0.018444444444444447,0.018444444444444447,0.018444444444444447,0.018444444444444447,0.018444444444444447,0.834,0.018444444444444447,0.018444444444444447,0.018444444444444447
808,horse_000808.jpeg,data/demo/images/horse_000808.jpeg,horse,horse,0.833,hard_example,high_entropy;rare_class;class_deficit,send_to_review,0.32966666666666666,0.32966666666666666,0.818033782798708,0.0,0.0,1.0,,3876.6533859732403,66.36893470790378,58.796852522586164,300,194,0.0,,,,0.8983333333333333,96.94892361111111,0.01855555555555556,0.01855555555555556,0.01855555555555556,0.01855555555555556,0.01855555555555556,0.01855555555555556,0.833,0.01855555555555556,0.01855555555555556,0.01855555555555556
809,horse_000809.jpeg,data/demo/images/horse_000809.jpeg,horse,horse,0.951,rare_class_candidate,rare_class;class_deficit,add_to_next_train,0.32966666666666666,0.32966666666666666,0.30322420518352605,0.0,0.0,1.0,,1322.8659427652128,115.29705185185185,76.27975983311242,300,225,0.0,,,,0.8983333333333333,96.94892361111111,0.00544444444444445,0.00544444444444445,0.00544444444444445,0.00544444444444445,0.00544444444444445,0.00544444444444445,0.951,0.00544444444444445,0.00544444444444445,0.00544444444444445
834,horse_000834.jpeg,data/demo/images/horse_000834.jpeg,horse,horse,0.875,hard_example,high_entropy;rare_class;class_deficit,send_to_review,0.32966666666666666,0.32966666666666666,0.6514232234234645,0.0,0.0,1.0,,542.9360564266667,156.16134444444444,41.73760017023316,300,300,0.0,,,,0.8983333333333333,96.94892361111111,0.013888888888888888,0.013888888888888888,0.013888888888888888,0.013888888888888888,0.013888888888888888,0.013888888888888888,0.875,0.013888888888888888,0.013888888888888888,0.013888888888888888
806,horse_000806.jpeg,data/demo/images/horse_000806.jpeg,horse,horse,0.953,rare_class_candidate,rare_class;class_deficit,add_to_next_train,0.32966666666666666,0.32966666666666666,0.2928548836541131,0.0,0.0,1.0,,3433.474108379192,147.11687010954617,67.04833204219479,300,213,0.0,,,,0.8983333333333333,96.94892361111111,0.005222222222222227,0.005222222222222227,0.005222222222222227,0.005222222222222227,0.005222222222222227,0.005222222222222227,0.953,0.005222222222222227,0.005222222222222227,0.005222222222222227
836,horse_000836.jpeg,data/demo/images/horse_000836.jpeg,horse,horse,0.945,rare_class_candidate,rare_class;class_deficit,add_to_next_train,0.32966666666666666,0.32966666666666666,0.3338295390662573,0.0,0.0,1.0,,941.7178355394933,117.89402614379085,58.055873456045894,300,255,0.0,,,,0.8983333333333333,96.94892361111111,0.006111111111111117,0.006111111111111117,0.006111111111111117,0.006111111111111117,0.006111111111111117,0.006111111111111117,0.945,0.006111111111111117,0.006111111111111117,0.006111111111111117
757,horse_000757.jpeg,data/demo/images/horse_000757.jpeg,horse,horse,0.886,rare_class_candidate,rare_class;class_deficit,add_to_next_train,0.32966666666666666,0.32966666666666666,0.6052810294453922,0.0,0.0,1.0,,968.982412441698,122.47101214574899,56.09559542754647,300,247,0.0,,,,0.8983333333333333,96.94892361111111,0.012666666666666666,0.012666666666666666,0.012666666666666666,0.012666666666666666,0.012666666666666666,0.012666666666666666,0.886,0.012666666666666666,0.012666666666666666,0.012666666666666666
754,horse_000754.jpeg,data/demo/images/horse_000754.jpeg,horse,horse,0.842,hard_example,high_entropy;rare_class;class_deficit,send_to_review,0.32966666666666666,0.32966666666666666,0.7834999649909603,0.0,0.0,1.0,,1945.6442066172842,129.8888,43.19107715340185,300,225,0.0,,,,0.8983333333333333,96.94892361111111,0.01755555555555556,0.01755555555555556,0.01755555555555556,0.01755555555555556,0.01755555555555556,0.01755555555555556,0.842,0.01755555555555556,0.01755555555555556,0.01755555555555556
753,horse_000753.jpeg,data/demo/images/horse_000753.jpeg,horse,horse,0.848,hard_example,high_entropy;rare_class;class_deficit,send_to_review,0.32966666666666666,0.32966666666666666,0.7601407864170749,0.0,0.0,1.0,,3985.1415336296304,129.6191259259259,66.8538980949896,300,225,0.0,,,,0.8983333333333333,96.94892361111111,0.01688888888888889,0.01688888888888889,0.01688888888888889,0.01688888888888889,0.01688888888888889,0.01688888888888889,0.848,0.01688888888888889,0.01688888888888889,0.01688888888888889
752,horse_000752.jpeg,data/demo/images/horse_000752.jpeg,horse,horse,0.945,rare_class_candidate,rare_class;class_deficit,add_to_next_train,0.32966666666666666,0.32966666666666666,0.3338295390662573,0.0,0.0,1.0,,1530.0106457733334,122.24835,58.09643080497717,300,200,0.0,,,,0.8983333333333333,96.94892361111111,0.006111111111111117,0.006111111111111117,0.006111111111111117,0.006111111111111117,0.006111111111111117,0.006111111111111117,0.945,0.006111111111111117,0.006111111111111117,0.006111111111111117
751,horse_000751.jpeg,data/demo/images/horse_000751.jpeg,horse,horse,0.869,hard_example,high_entropy;rare_class;class_deficit,send_to_review,0.32966666666666666,0.32966666666666666,0.6761196634182056,0.0,0.0,1.0,,8499.230030382221,116.21878333333333,72.0020905982578,300,200,0.0,,,,0.8983333333333333,96.94892361111111,0.014555555555555556,0.014555555555555556,0.014555555555555556,0.014555555555555556,0.014555555555555556,0.014555555555555556,0.869,0.014555555555555556,0.014555555555555556,0.014555555555555556
750,horse_000750.jpeg,data/demo/images/horse_000750.jpeg,horse,horse,0.943,rare_class_candidate,rare_class;class_deficit,add_to_next_train,0.32966666666666666,0.32966666666666666,0.3438736431003827,0.0,0.0,1.0,,6290.108723182223,105.61021666666667,48.22478531785347,300,200,0.0,,,,0.8983333333333333,96.94892361111111,0.006333333333333339,0.006333333333333339,0.006333333333333339,0.006333333333333339,0.006333333333333339,0.006333333333333339,0.943,0.006333333333333339,0.006333333333333339,0.006333333333333339
748,horse_000748.jpeg,data/demo/images/horse_000748.jpeg,horse,horse,0.866,hard_example,high_entropy;rare_class;class_deficit,send_to_review,0.32966666666666666,0.32966666666666666,0.6883484983367,0.0,0.0,1.0,,3960.6238882907455,133.3749498746867,50.270581157220626,300,266,0.0,,,,0.8983333333333333,96.94892361111111,0.014888888888888889,0.014888888888888889,0.014888888888888889,0.014888888888888889,0.014888888888888889,0.014888888888888889,0.866,0.014888888888888889,0.014888888888888889,0.014888888888888889
747,horse_000747.jpeg,data/demo/images/horse_000747.jpeg,horse,horse,0.958,rare_class_candidate,rare_class;class_deficit,add_to_next_train,0.32966666666666666,0.32966666666666666,0.2665324059662736,0.0,0.0,1.0,,4192.8085356975,154.68288333333334,69.60683027083661,300,200,0.0,,,,0.8983333333333333,96.94892361111111,0.0046666666666666705,0.0046666666666666705,0.0046666666666666705,0.0046666666666666705,0.0046666666666666705,0.0046666666666666705,0.958,0.0046666666666666705,0.0046666666666666705,0.0046666666666666705
746,horse_000746.jpeg,data/demo/images/horse_000746.jpeg,horse,horse,0.905,rare_class_candidate,rare_class;class_deficit,add_to_next_train,0.32966666666666666,0.32966666666666666,0.5226921750785937,0.0,0.0,1.0,,5304.486038218511,129.8356146572104,58.79789731982025,300,282,0.0,,,,0.8983333333333333,96.94892361111111,0.010555555555555552,0.010555555555555552,0.010555555555555552,0.010555555555555552,0.010555555555555552,0.010555555555555552,0.905,0.010555555555555552,0.010555555555555552,0.010555555555555552
745,horse_000745.jpeg,data/demo/images/horse_000745.jpeg,horse,horse,0.824,hard_example,high_entropy;rare_class;class_deficit,send_to_review,0.32966666666666666,0.32966666666666666,0.8519850948211928,0.0,0.0,1.0,,2373.1953750046737,135.80536054421768,60.109721840147785,300,245,0.0,,,,0.8983333333333333,96.94892361111111,0.019555555555555562,0.019555555555555562,0.019555555555555562,0.019555555555555562,0.019555555555555562,0.019555555555555562,0.824,0.019555555555555562,0.019555555555555562,0.019555555555555562
744,horse_000744.jpeg,data/demo/images/horse_000744.jpeg,horse,horse,0.83,hard_example,high_entropy;rare_class;class_deficit,send_to_review,0.32966666666666666,0.32966666666666666,0.829414381174516,0.0,0.0,1.0,,7368.8584071622145,101.64642512077295,67.49461427269047,276,300,0.0,,,,0.8983333333333333,96.94892361111111,0.018888888888888893,0.018888888888888893,0.018888888888888893,0.018888888888888893,0.018888888888888893,0.018888888888888893,0.83,0.018888888888888893,0.018888888888888893,0.018888888888888893
743,horse_000743.jpeg,data/demo/images/horse_000743.jpeg,horse,horse,0.909,rare_class_candidate,rare_class;class_deficit,add_to_next_train,0.32966666666666666,0.32966666666666666,0.5047927998193716,0.0,0.0,1.0,,3098.3364935074637,94.36571992110454,49.03962227308487,300,169,0.0,,,,0.8983333333333333,96.94892361111111,0.010111111111111107,0.010111111111111107,0.010111111111111107,0.010111111111111107,0.010111111111111107,0.010111111111111107,0.909,0.010111111111111107,0.010111111111111107,0.010111111111111107
739,horse_000739.jpeg,data/demo/images/horse_000739.jpeg,horse,horse,0.877,rare_class_candidate,rare_class;class_deficit,add_to_next_train,0.32966666666666666,0.32966666666666666,0.6431185839732804,0.0,0.0,1.0,,694.2577331358025,144.90054814814815,63.649463106719196,300,225,0.0,,,,0.8983333333333333,96.94892361111111,0.013666666666666667,0.013666666666666667,0.013666666666666667,0.013666666666666667,0.013666666666666667,0.013666666666666667,0.877,0.013666666666666667,0.013666666666666667,0.013666666666666667
738,horse_000738.jpeg,data/demo/images/horse_000738.jpeg,horse,horse,0.893,rare_class_candidate,rare_class;class_deficit,add_to_next_train,0.32966666666666666,0.32966666666666666,0.5752997967469753,0.0,0.0,1.0,,727.0542667875994,108.56697777777778,61.838767678951676,300,225,0.0,,,,0.8983333333333333,96.94892361111111,0.011888888888888886,0.011888888888888886,0.011888888888888886,0.011888888888888886,0.011888888888888886,0.011888888888888886,0.893,0.011888888888888886,0.011888888888888886,0.011888888888888886
737,horse_000737.jpeg,data/demo/images/horse_000737.jpeg,horse,horse,0.899,rare_class_candidate,rare_class;class_deficit,add_to_next_train,0.32966666666666666,0.32966666666666666,0.5491943311021419,0.0,0.0,1.0,,493.57346915796984,95.70896296296296,71.77235819691852,300,225,0.0,,,,0.8983333333333333,96.94892361111111,0.01122222222222222,0.01122222222222222,0.01122222222222222,0.01122222222222222,0.01122222222222222,0.01122222222222222,0.899,0.01122222222222222,0.01122222222222222,0.01122222222222222
736,horse_000736.jpeg,data/demo/images/horse_000736.jpeg,horse,horse,0.927,rare_class_candidate,rare_class;class_deficit,add_to_next_train,0.32966666666666666,0.32966666666666666,0.4217281686443011,0.0,0.0,1.0,,3690.2477858291363,94.0413037037037,65.61354838020192,300,225,0.0,,,,0.8983333333333333,96.94892361111111,0.008111111111111105,0.008111111111111105,0.008111111111111105,0.008111111111111105,0.008111111111111105,0.008111111111111105,0.927,0.008111111111111105,0.008111111111111105,0.008111111111111105
735,horse_000735.jpeg,data/demo/images/horse_000735.jpeg,horse,horse,0.831,hard_example,high_entropy;rare_class;class_deficit,send_to_review,0.32966666666666666,0.32966666666666666,0.8256279802050818,0.0,0.0,1.0,,6390.244579853416,122.27558479532163,56.87826788074822,228,300,0.0,,,,0.8983333333333333,96.94892361111111,0.018777777777777782,0.018777777777777782,0.018777777777777782,0.018777777777777782,0.018777777777777782,0.018777777777777782,0.831,0.018777777777777782,0.018777777777777782,0.018777777777777782
837,horse_000837.jpeg,data/demo/images/horse_000837.jpeg,horse,horse,0.878,rare_class_candidate,rare_class;class_deficit,add_to_next_train,0.32966666666666666,0.32966666666666666,0.6389523907480663,0.0,0.0,1.0,,1251.2103707950287,139.01325791855203,69.13215243245386,300,221,0.0,,,,0.8983333333333333,96.94892361111111,0.013555555555555555,0.013555555555555555,0.013555555555555555,0.013555555555555555,0.013555555555555555,0.013555555555555555,0.878,0.013555555555555555,0.013555555555555555,0.013555555555555555
733,horse_000733.jpeg,data/demo/images/horse_000733.jpeg,horse,horse,0.866,hard_example,high_entropy;rare_class;class_deficit,send_to_review,0.32966666666666666,0.32966666666666666,0.6883484983367,0.0,0.0,1.0,,586.1016029840641,130.1367328042328,54.57513964830791,252,300,0.0,,,,0.8983333333333333,96.94892361111111,0.014888888888888889,0.014888888888888889,0.014888888888888889,0.014888888888888889,0.014888888888888889,0.014888888888888889,0.866,0.014888888888888889,0.014888888888888889,0.014888888888888889
732,horse_000732.jpeg,data/demo/images/horse_000732.jpeg,horse,horse,0.912,rare_class_candidate,rare_class;class_deficit,add_to_next_train,0.32966666666666666,0.32966666666666666,0.4912417211658523,0.0,0.0,1.0,,4087.137202187737,134.66059202059202,68.89430428260289,300,259,0.0,,,,0.8983333333333333,96.94892361111111,0.009777777777777774,0.009777777777777774,0.009777777777777774,0.009777777777777774,0.009777777777777774,0.009777777777777774,0.912,0.009777777777777774,0.009777777777777774,0.009777777777777774
756,horse_000756.jpeg,data/demo/images/horse_000756.jpeg,horse,horse,0.826,hard_example,high_entropy;rare_class;class_deficit,send_to_review,0.32966666666666666,0.32966666666666666,0.8444894404469837,0.0,0.0,1.0,,2029.2948886679158,141.48557880055787,84.8757127340483,300,239,0.0,,,,0.8983333333333333,96.94892361111111,0.019333333333333338,0.019333333333333338,0.019333333333333338,0.019333333333333338,0.019333333333333338,0.019333333333333338,0.826,0.019333333333333338,0.019333333333333338,0.019333333333333338
740,horse_000740.jpeg,data/demo/images/horse_000740.jpeg,horse,horse,0.942,rare_class_candidate,rare_class;class_deficit,add_to_next_train,0.32966666666666666,0.32966666666666666,0.3488676312050125,0.0,0.0,1.0,,2096.4416870284635,133.96411111111112,37.16384803645262,300,180,0.0,,,,0.8983333333333333,96.94892361111111,0.0064444444444444506,0.0064444444444444506,0.0064444444444444506,0.0064444444444444506,0.0064444444444444506,0.0064444444444444506,0.942,0.0064444444444444506,0.0064444444444444506,0.0064444444444444506
758,horse_000758.jpeg,data/demo/images/horse_000758.jpeg,horse,horse,0.942,rare_class_candidate,rare_class;class_deficit,add_to_next_train,0.32966666666666666,0.32966666666666666,0.3488676312050125,0.0,0.0,1.0,,4551.697507594842,128.38324444444444,53.917185173459636,225,300,0.0,,,,0.8983333333333333,96.94892361111111,0.0064444444444444506,0.0064444444444444506,0.0064444444444444506,0.0064444444444444506,0.0064444444444444506,0.0064444444444444506,0.942,0.0064444444444444506,0.0064444444444444506,0.0064444444444444506
769,horse_000769.jpeg,data/demo/images/horse_000769.jpeg,horse,horse,0.899,rare_class_candidate,rare_class;class_deficit,add_to_next_train,0.32966666666666666,0.32966666666666666,0.5491943311021419,0.0,0.0,1.0,,1977.217506486389,107.44996666666667,49.80739633828382,200,300,0.0,,,,0.8983333333333333,96.94892361111111,0.01122222222222222,0.01122222222222222,0.01122222222222222,0.01122222222222222,0.01122222222222222,0.01122222222222222,0.899,0.01122222222222222,0.01122222222222222,0.01122222222222222
840,horse_000840.jpeg,data/demo/images/horse_000840.jpeg,horse,horse,0.96,rare_class_candidate,rare_class;class_deficit,add_to_next_train,0.32966666666666666,0.32966666666666666,0.25583312082762294,0.0,0.0,1.0,,6153.865359033056,126.35141666666667,58.91235402126102,300,200,0.0,,,,0.8983333333333333,96.94892361111111,0.004444444444444449,0.004444444444444449,0.004444444444444449,0.004444444444444449,0.004444444444444449,0.004444444444444449,0.96,0.004444444444444449,0.004444444444444449,0.004444444444444449
759,horse_000759.jpeg,data/demo/images/horse_000759.jpeg,horse,horse,0.827,hard_example,high_entropy;rare_class;class_deficit,send_to_review,0.32966666666666666,0.32966666666666666,0.8407311922285948,0.0,0.0,1.0,,3373.3649423593756,156.61509722222223,81.92207986432048,300,240,0.0,,,,0.8983333333333333,96.94892361111111,0.019222222222222227,0.019222222222222227,0.019222222222222227,0.019222222222222227,0.019222222222222227,0.019222222222222227,0.827,0.019222222222222227,0.019222222222222227,0.019222222222222227
838,horse_000838.jpeg,data/demo/images/horse_000838.jpeg,horse,horse,0.899,rare_class_candidate,rare_class;class_deficit,add_to_next_train,0.32966666666666666,0.32966666666666666,0.5491943311021419,0.0,0.0,1.0,,3620.1634912359946,123.10874074074074,55.651486931379694,300,225,0.0,,,,0.8983333333333333,96.94892361111111,0.01122222222222222,0.01122222222222222,0.01122222222222222,0.01122222222222222,0.01122222222222222,0.01122222222222222,0.899,0.01122222222222222,0.01122222222222222,0.01122222222222222
779,horse_000779.jpeg,data/demo/images/horse_000779.jpeg,horse,horse,0.971,rare_class_candidate,rare_class;class_deficit,add_to_next_train,0.32966666666666666,0.32966666666666666,0.19496820194440478,0.0,0.0,1.0,,960.1439888452126,112.71226666666666,66.08283888207342,300,225,0.0,,,,0.8983333333333333,96.94892361111111,0.0032222222222222253,0.0032222222222222253,0.0032222222222222253,0.0032222222222222253,0.0032222222222222253,0.0032222222222222253,0.971,0.0032222222222222253,0.0032222222222222253,0.0032222222222222253
778,horse_000778.jpeg,data/demo/images/horse_000778.jpeg,horse,horse,0.823,hard_example,high_entropy;rare_class;class_deficit,send_to_review,0.32966666666666666,0.32966666666666666,0.855722563347852,0.0,0.0,1.0,,1762.046207013696,168.33970833333333,54.54257359493935,300,240,0.0,,,,0.8983333333333333,96.94892361111111,0.019666666666666673,0.019666666666666673,0.019666666666666673,0.019666666666666673,0.019666666666666673,0.019666666666666673,0.823,0.019666666666666673,0.019666666666666673,0.019666666666666673
774,horse_000774.jpeg,data/demo/images/horse_000774.jpeg,horse,horse,0.896,rare_class_candidate,rare_class;class_deficit,add_to_next_train,0.32966666666666666,0.32966666666666666,0.5622953614888637,0.0,0.0,1.0,,3800.6434120270824,125.80675159235669,55.42327054877384,300,157,0.0,,,,0.8983333333333333,96.94892361111111,0.011555555555555553,0.011555555555555553,0.011555555555555553,0.011555555555555553,0.011555555555555553,0.011555555555555553,0.896,0.011555555555555553,0.011555555555555553,0.011555555555555553
772,horse_000772.jpeg,data/demo/images/horse_000772.jpeg,horse,horse,0.962,rare_class_candidate,rare_class;class_deficit,add_to_next_train,0.32966666666666666,0.32966666666666666,0.24502962731090236,0.0,0.0,1.0,,1805.0456987261955,96.06881827209533,38.62763301918832,265,190,0.0,,,,0.8983333333333333,96.94892361111111,0.004222222222222226,0.004222222222222226,0.004222222222222226,0.004222222222222226,0.004222222222222226,0.004222222222222226,0.962,0.004222222222222226,0.004222222222222226,0.004222222222222226
771,horse_000771.jpeg,data/demo/images/horse_000771.jpeg,horse,horse,0.95,rare_class_candidate,rare_class;class_deficit,add_to_next_train,0.32966666666666666,0.32966666666666666,0.3083764622126845,0.0,0.0,1.0,,994.6089373333332,108.68038333333334,78.73428707909315,300,200,0.0,,,,0.8983333333333333,96.94892361111111,0.00555555555555556,0.00555555555555556,0.00555555555555556,0.00555555555555556,0.00555555555555556,0.00555555555555556,0.95,0.00555555555555556,0.00555555555555556,0.00555555555555556
776,horse_000776.jpeg,data/demo/images/horse_000776.jpeg,horse,horse,0.824,hard_example,high_entropy;rare_class;class_deficit,send_to_review,0.32966666666666666,0.32966666666666666,0.8519850948211928,0.0,0.0,1.0,,2126.6835891597225,161.39281666666668,60.76072233276792,300,200,0.0,,,,0.8983333333333333,96.94892361111111,0.019555555555555562,0.019555555555555562,0.019555555555555562,0.019555555555555562,0.019555555555555562,0.019555555555555562,0.824,0.019555555555555562,0.019555555555555562,0.019555555555555562
768,horse_000768.jpeg,data/demo/images/horse_000768.jpeg,horse,horse,0.877,rare_class_candidate,rare_class;class_deficit,add_to_next_train,0.32966666666666666,0.32966666666666666,0.6431185839732804,0.0,0.0,1.0,,932.1150564951774,85.50641666666667,56.86422633434985,300,240,0.0,,,,0.8983333333333333,96.94892361111111,0.013666666666666667,0.013666666666666667,0.013666666666666667,0.013666666666666667,0.013666666666666667,0.013666666666666667,0.877,0.013666666666666667,0.013666666666666667,0.013666666666666667
763,horse_000763.jpeg,data/demo/images/horse_000763.jpeg,horse,horse,0.836,hard_example,high_entropy;rare_class;class_deficit,send_to_review,0.32966666666666666,0.32966666666666666,0.8065884849632984,0.0,0.0,1.0,,3274.2338322537967,174.69770655270656,78.0799046516427,300,234,0.0,,,,0.8983333333333333,96.94892361111111,0.018222222222222226,0.018222222222222226,0.018222222222222226,0.018222222222222226,0.018222222222222226,0.018222222222222226,0.836,0.018222222222222226,0.018222222222222226,0.018222222222222226
760,horse_000760.jpeg,data/demo/images/horse_000760.jpeg,horse,horse,0.927,rare_class_candidate,rare_class;class_deficit,add_to_next_train,0.32966666666666666,0.32966666666666666,0.4217281686443011,0.0,0.0,1.0,,1041.105773586697,98.74310763888889,52.20244675575106,192,300,0.0,,,,0.8983333333333333,96.94892361111111,0.008111111111111105,0.008111111111111105,0.008111111111111105,0.008111111111111105,0.008111111111111105,0.008111111111111105,0.927,0.008111111111111105,0.008111111111111105,0.008111111111111105
761,horse_000761.jpeg,data/demo/images/horse_000761.jpeg,horse,horse,0.959,rare_class_candidate,rare_class;class_deficit,add_to_next_train,0.32966666666666666,0.32966666666666666,0.2611954811048294,0.0,0.0,1.0,,1264.151445710705,101.31626911314984,76.5538704500413,300,218,0.0,,,,0.8983333333333333,96.94892361111111,0.004555555555555559,0.004555555555555559,0.004555555555555559,0.004555555555555559,0.004555555555555559,0.004555555555555559,0.959,0.004555555555555559,0.004555555555555559,0.004555555555555559
762,horse_000762.jpeg,data/demo/images/horse_000762.jpeg,horse,horse,0.894,rare_class_candidate,rare_class;class_deficit,add_to_next_train,0.32966666666666666,0.32966666666666666,0.5709755671987758,0.0,0.0,1.0,,982.1722366982535,130.95337758112095,65.40597448946411,300,226,0.0,,,,0.8983333333333333,96.94892361111111,0.011777777777777776,0.011777777777777776,0.011777777777777776,0.011777777777777776,0.011777777777777776,0.011777777777777776,0.894,0.011777777777777776,0.011777777777777776,0.011777777777777776
766,horse_000766.jpeg,data/demo/images/horse_000766.jpeg,horse,horse,0.884,rare_class_candidate,rare_class;class_deficit,add_to_next_train,0.32966666666666666,0.32966666666666666,0.6137568144131238,0.0,0.0,1.0,,3211.504823806578,120.0244630404463,78.82912023192148,239,300,0.0,,,,0.8983333333333333,96.94892361111111,0.012888888888888887,0.012888888888888887,0.012888888888888887,0.012888888888888887,0.012888888888888887,0.012888888888888887,0.884,0.012888888888888887,0.012888888888888887,0.012888888888888887
839,horse_000839.jpeg,data/demo/images/horse_000839.jpeg,horse,horse,0.836,hard_example,high_entropy;rare_class;class_deficit,send_to_review,0.32966666666666666,0.32966666666666666,0.8065884849632984,0.0,0.0,1.0,,1784.0460246446662,132.75803297997643,74.2025312582371,300,283,0.0,,,,0.8983333333333333,96.94892361111111,0.018222222222222226,0.018222222222222226,0.018222222222222226,0.018222222222222226,0.018222222222222226,0.018222222222222226,0.836,0.018222222222222226,0.018222222222222226,0.018222222222222226
764,horse_000764.jpeg,data/demo/images/horse_000764.jpeg,horse,horse,0.833,hard_example,high_entropy;rare_class;class_deficit,send_to_review,0.32966666666666666,0.32966666666666666,0.818033782798708,0.0,0.0,1.0,,165.3742923902953,64.51900112233446,40.22810170085762,297,300,0.0,,,,0.8983333333333333,96.94892361111111,0.01855555555555556,0.01855555555555556,0.01855555555555556,0.01855555555555556,0.01855555555555556,0.01855555555555556,0.833,0.01855555555555556,0.01855555555555556,0.01855555555555556
765,horse_000765.jpeg,data/demo/images/horse_000765.jpeg,horse,horse,0.975,rare_class_candidate,rare_class;class_deficit,add_to_next_train,0.32966666666666666,0.32966666666666666,0.1718374535709383,0.0,0.0,1.0,,2599.0321345995285,101.55069651741293,50.74388721704605,300,201,0.0,,,,0.8983333333333333,96.94892361111111,0.00277777777777778,0.00277777777777778,0.00277777777777778,0.00277777777777778,0.00277777777777778,0.00277777777777778,0.975,0.00277777777777778,0.00277777777777778,0.00277777777777778
522,dog_000522.jpeg,data/demo/images/dog_000522.jpeg,dog,dog,0.844,hard_example,high_entropy;rare_class;class_deficit,send_to_review,0.3295,0.3295,0.7757440604766719,0.0,0.0,1.0,,692.178947073286,123.20470921985816,61.32952242668827,300,235,0.0,,,,0.8975,96.94892361111111,0.017333333333333336,0.017333333333333336,0.017333333333333336,0.017333333333333336,0.844,0.017333333333333336,0.017333333333333336,0.017333333333333336,0.017333333333333336,0.017333333333333336
524,dog_000524.jpeg,data/demo/images/dog_000524.jpeg,dog,dog,0.976,rare_class_candidate,rare_class;class_deficit,add_to_next_train,0.3295,0.3295,0.1659558825706792,0.0,0.0,1.0,,6225.92741027358,149.45343703703705,71.58910890192699,300,225,0.0,,,,0.8975,96.94892361111111,0.002666666666666669,0.002666666666666669,0.002666666666666669,0.002666666666666669,0.976,0.002666666666666669,0.002666666666666669,0.002666666666666669,0.002666666666666669,0.002666666666666669
525,dog_000525.jpeg,data/demo/images/dog_000525.jpeg,dog,dog,0.97,rare_class_candidate,rare_class;class_deficit,add_to_next_train,0.3295,0.3295,0.20065889549985488,0.0,0.0,1.0,,1690.9875824556066,158.06530224525042,86.21706871431726,193,300,0.0,,,,0.8975,96.94892361111111,0.003333333333333336,0.003333333333333336,0.003333333333333336,0.003333333333333336,0.97,0.003333333333333336,0.003333333333333336,0.003333333333333336,0.003333333333333336,0.003333333333333336
526,dog_000526.jpeg,data/demo/images/dog_000526.jpeg,dog,dog,0.927,rare_class_candidate,rare_class;class_deficit,add_to_next_train,0.3295,0.3295,0.4217281686443011,0.0,0.0,1.0,,1182.5399491851854,161.34985185185184,58.92325746552394,300,225,0.0,,,,0.8975,96.94892361111111,0.008111111111111105,0.008111111111111105,0.008111111111111105,0.008111111111111105,0.927,0.008111111111111105,0.008111111111111105,0.008111111111111105,0.008111111111111105,0.008111111111111105
535,dog_000535.jpeg,data/demo/images/dog_000535.jpeg,dog,dog,0.952,rare_class_candidate,rare_class;class_deficit,add_to_next_train,0.3295,0.3295,0.2980504870493181,0.0,0.0,1.0,,3348.892729933655,109.86310606060606,45.874551630747135,300,220,0.0,,,,0.8975,96.94892361111111,0.005333333333333338,0.005333333333333338,0.005333333333333338,0.005333333333333338,0.952,0.005333333333333338,0.005333333333333338,0.005333333333333338,0.005333333333333338,0.005333333333333338
528,dog_000528.jpeg,data/demo/images/dog_000528.jpeg,dog,dog,0.897,rare_class_candidate,rare_class;class_deficit,add_to_next_train,0.3295,0.3295,0.5579392063933755,0.0,0.0,1.0,,5001.662717775246,103.35095597484276,48.84367992788251,300,265,0.0,,,,0.8975,96.94892361111111,0.011444444444444443,0.011444444444444443,0.011444444444444443,0.011444444444444443,0.897,0.011444444444444443,0.011444444444444443,0.011444444444444443,0.011444444444444443,0.011444444444444443
529,dog_000529.jpeg,data/demo/images/dog_000529.jpeg,dog,dog,0.972,rare_class_candidate,rare_class;class_deficit,add_to_next_train,0.3295,0.3295,0.18924198892710029,0.0,0.0,1.0,,1556.9107190659488,142.84057315233787,69.21605613018919,221,300,0.0,,,,0.8975,96.94892361111111,0.003111111111111114,0.003111111111111114,0.003111111111111114,0.003111111111111114,0.972,0.003111111111111114,0.003111111111111114,0.003111111111111114,0.003111111111111114,0.003111111111111114
530,dog_000530.jpeg,data/demo/images/dog_000530.jpeg,dog,dog,0.887,rare_class_candidate,rare_class;class_deficit,add_to_next_train,0.3295,0.3295,0.6010283233980387,0.0,0.0,1.0,,876.2731606252951,153.5131851851852,58.46660550676963,300,225,0.0,,,,0.8975,96.94892361111111,0.012555555555555554,0.012555555555555554,0.012555555555555554,0.012555555555555554,0.887,0.012555555555555554,0.012555555555555554,0.012555555555555554,0.012555555555555554,0.012555555555555554
531,dog_000531.jpeg,data/demo/images/dog_000531.jpeg,dog,dog,0.856,hard_example,high_entropy;rare_class;class_deficit,send_to_review,0.3295,0.3295,0.7285590510022777,0.0,0.0,1.0,,3294.5440322191357,129.4068,54.34196130251874,300,300,0.0,,,,0.8975,96.94892361111111,0.016,0.016,0.016,0.016,0.856,0.016,0.016,0.016,0.016,0.016
523,dog_000523.jpeg,data/demo/images/dog_000523.jpeg,dog,dog,0.973,rare_class_candidate,rare_class;class_deficit,add_to_next_train,0.3295,0.3295,0.18347902522111684,0.0,0.0,1.0,,1201.3589011822648,106.96923076923076,67.26528187673495,300,169,0.0,,,,0.8975,96.94892361111111,0.0030000000000000027,0.0030000000000000027,0.0030000000000000027,0.0030000000000000027,0.973,0.0030000000000000027,0.0030000000000000027,0.0030000000000000027,0.0030000000000000027,0.0030000000000000027
532,dog_000532.jpeg,data/demo/images/dog_000532.jpeg,dog,dog,0.936,rare_class_candidate,rare_class;class_deficit,add_to_next_train,0.3295,0.3295,0.37845703861361035,0.0,0.0,1.0,,747.4050011663888,155.05445,55.70872210462947,300,200,0.0,,,,0.8975,96.94892361111111,0.007111111111111105,0.007111111111111105,0.007111111111111105,0.007111111111111105,0.936,0.007111111111111105,0.007111111111111105,0.007111111111111105,0.007111111111111105,0.007111111111111105
533,dog_000533.jpeg,data/demo/images/dog_000533.jpeg,dog,dog,0.864,hard_example,high_entropy;rare_class;class_deficit,send_to_review,0.3295,0.3295,0.6964578747930559,0.0,0.0,1.0,,701.6435061984889,103.57758490566037,77.64560827070046,265,300,0.0,,,,0.8975,96.94892361111111,0.015111111111111112,0.015111111111111112,0.015111111111111112,0.015111111111111112,0.864,0.015111111111111112,0.015111111111111112,0.015111111111111112,0.015111111111111112,0.015111111111111112
527,dog_000527.jpeg,data/demo/images/dog_000527.jpeg,dog,dog,0.973,rare_class_candidate,rare_class;class_deficit,add_to_next_train,0.3295,0.3295,0.18347902522111684,0.0,0.0,1.0,,2492.5342800674953,108.54434640522877,74.80274077104659,204,300,0.0,,,,0.8975,96.94892361111111,0.0030000000000000027,0.0030000000000000027,0.0030000000000000027,0.0030000000000000027,0.973,0.0030000000000000027,0.0030000000000000027,0.0030000000000000027,0.0030000000000000027,0.0030000000000000027
543,dog_000543.jpeg,data/demo/images/dog_000543.jpeg,dog,dog,0.977,rare_class_candidate,rare_class;class_deficit,add_to_next_train,0.3295,0.3295,0.16003160824870286,0.0,0.0,1.0,,2679.8521142579816,64.58406311637081,64.2345287895578,300,169,0.0,,,,0.8975,96.94892361111111,0.002555555555555558,0.002555555555555558,0.002555555555555558,0.002555555555555558,0.977,0.002555555555555558,0.002555555555555558,0.002555555555555558,0.002555555555555558,0.002555555555555558
536,dog_000536.jpeg,data/demo/images/dog_000536.jpeg,dog,dog,0.941,rare_class_candidate,rare_class;class_deficit,add_to_next_train,0.3295,0.3295,0.3538433155046953,0.0,0.0,1.0,,836.0320585518944,91.06906793048974,48.12134970625271,211,300,0.0,,,,0.8975,96.94892361111111,0.006555555555555561,0.006555555555555561,0.006555555555555561,0.006555555555555561,0.941,0.006555555555555561,0.006555555555555561,0.006555555555555561,0.006555555555555561,0.006555555555555561
537,dog_000537.jpeg,data/demo/images/dog_000537.jpeg,dog,dog,0.827,hard_example,high_entropy;rare_class;class_deficit,send_to_review,0.3295,0.3295,0.8407311922285947,0.0,0.0,1.0,,6332.890126873937,137.1793710691824,57.4995290840496,300,212,0.0,,,,0.8975,96.94892361111111,0.019222222222222227,0.019222222222222227,0.019222222222222227,0.019222222222222227,0.827,0.019222222222222227,0.019222222222222227,0.019222222222222227,0.019222222222222227,0.019222222222222227
538,dog_000538.jpeg,data/demo/images/dog_000538.jpeg,dog,dog,0.914,rare_class_candidate,rare_class;class_deficit,add_to_next_train,0.3295,0.3295,0.4821455728461575,0.0,0.0,1.0,,2962.688804299722,83.13225,57.79298365664729,300,200,0.0,,,,0.8975,96.94892361111111,0.009555555555555552,0.009555555555555552,0.009555555555555552,0.009555555555555552,0.914,0.009555555555555552,0.009555555555555552,0.009555555555555552,0.009555555555555552,0.009555555555555552
539,dog_000539.jpeg,data/demo/images/dog_000539.jpeg,dog,dog,0.836,hard_example,high_entropy;rare_class;class_deficit,send_to_review,0.3295,0.3295,0.8065884849632985,0.0,0.0,1.0,,105.13772002216736,171.60484444444444,57.776516697673486,225,300,0.0,,,,0.8975,96.94892361111111,0.018222222222222226,0.018222222222222226,0.018222222222222226,0.018222222222222226,0.836,0.018222222222222226,0.018222222222222226,0.018222222222222226,0.018222222222222226,0.018222222222222226
540,dog_000540.jpeg,data/demo/images/dog_000540.jpeg,dog,dog,0.899,rare_class_candidate,rare_class;class_deficit,add_to_next_train,0.3295,0.3295,0.5491943311021419,0.0,0.0,1.0,,3160.5259669412303,93.88504545454545,52.768682579822425,300,220,0.0,,,,0.8975,96.94892361111111,0.01122222222222222,0.01122222222222222,0.01122222222222222,0.01122222222222222,0.899,0.01122222222222222,0.01122222222222222,0.01122222222222222,0.01122222222222222,0.01122222222222222
541,dog_000541.jpeg,data/demo/images/dog_000541.jpeg,dog,dog,0.958,rare_class_candidate,rare_class;class_deficit,add_to_next_train,0.3295,0.3295,0.2665324059662736,0.0,0.0,1.0,,6589.367173099722,110.60533333333333,53.47285577644875,300,200,0.0,,,,0.8975,96.94892361111111,0.0046666666666666705,0.0046666666666666705,0.0046666666666666705,0.0046666666666666705,0.958,0.0046666666666666705,0.0046666666666666705,0.0046666666666666705,0.0046666666666666705,0.0046666666666666705
542,dog_000542.jpeg,data/demo/images/dog_000542.jpeg,dog,dog,0.965,rare_class_candidate,rare_class;class_deficit,add_to_next_train,0.3295,0.3295,0.22861732924465514,0.0,0.0,1.0,,450.7574635663889,182.92493333333334,42.05212398514755,300,200,0.0,,,,0.8975,96.94892361111111,0.0038888888888888922,0.0038888888888888922,0.0038888888888888922,0.0038888888888888922,0.965,0.0038888888888888922,0.0038888888888888922,0.0038888888888888922,0.0038888888888888922,0.0038888888888888922
546,dog_000546.jpeg,data/demo/images/dog_000546.jpeg,dog,dog,0.927,rare_class_candidate,rare_class;class_deficit,add_to_next_train,0.3295,0.3295,0.4217281686443011,0.0,0.0,1.0,,1863.9667837366856,128.43114519427402,41.62126471160676,300,163,0.0,,,,0.8975,96.94892361111111,0.008111111111111105,0.008111111111111105,0.008111111111111105,0.008111111111111105,0.927,0.008111111111111105,0.008111111111111105,0.008111111111111105,0.008111111111111105,0.008111111111111105
547,dog_000547.jpeg,data/demo/images/dog_000547.jpeg,dog,dog,0.947,rare_class_candidate,rare_class;class_deficit,add_to_next_train,0.3295,0.3295,0.3237084589154791,0.0,0.0,1.0,,1623.8362536625057,157.98201005025126,39.277226402619696,300,199,0.0,,,,0.8975,96.94892361111111,0.005888888888888894,0.005888888888888894,0.005888888888888894,0.005888888888888894,0.947,0.005888888888888894,0.005888888888888894,0.005888888888888894,0.005888888888888894,0.005888888888888894
549,dog_000549.jpeg,data/demo/images/dog_000549.jpeg,dog,dog,0.826,hard_example,high_entropy;rare_class;class_deficit,send_to_review,0.3295,0.3295,0.8444894404469837,0.0,0.0,1.0,,571.643672954513,91.90534814814815,52.87104567394682,300,225,0.0,,,,0.8975,96.94892361111111,0.019333333333333338,0.019333333333333338,0.019333333333333338,0.019333333333333338,0.826,0.019333333333333338,0.019333333333333338,0.019333333333333338,0.019333333333333338,0.019333333333333338
550,dog_000550.jpeg,data/demo/images/dog_000550.jpeg,dog,dog,0.904,rare_class_candidate,rare_class;class_deficit,add_to_next_train,0.3295,0.3295,0.5271376602309746,0.0,0.0,1.0,,1416.4875545950383,151.55278106508877,56.28714381923124,300,169,0.0,,,,0.8975,96.94892361111111,0.010666666666666665,0.010666666666666665,0.010666666666666665,0.010666666666666665,0.904,0.010666666666666665,0.010666666666666665,0.010666666666666665,0.010666666666666665,0.010666666666666665
551,dog_000551.jpeg,data/demo/images/dog_000551.jpeg,dog,dog,0.944,rare_class_candidate,rare_class;class_deficit,add_to_next_train,0.3295,0.3295,0.33886104979044535,0.0,0.0,1.0,,355.7919531358025,108.64281481481481,70.15002571369716,300,225,0.0,,,,0.8975,96.94892361111111,0.006222222222222228,0.006222222222222228,0.006222222222222228,0.006222222222222228,0.944,0.006222222222222228,0.006222222222222228,0.006222222222222228,0.006222222222222228,0.006222222222222228
552,dog_000552.jpeg,data/demo/images/dog_000552.jpeg,dog,dog,0.921,rare_class_candidate,rare_class;class_deficit,add_to_next_train,0.3295,0.3295,0.44990093685566634,0.0,0.0,1.0,,704.2572706536807,52.906864864864865,60.654675121831225,300,185,0.0,,,,0.8975,96.94892361111111,0.008777777777777773,0.008777777777777773,0.008777777777777773,0.008777777777777773,0.921,0.008777777777777773,0.008777777777777773,0.008777777777777773,0.008777777777777773,0.008777777777777773
519,dog_000519.jpeg,data/demo/images/dog_000519.jpeg,dog,dog,0.828,hard_example,high_entropy;rare_class;class_deficit,send_to_review,0.3295,0.3295,0.8369659544410585,0.0,0.0,1.0,,302.37769800076813,81.8533037037037,58.299988109175345,300,225,0.0,,,,0.8975,96.94892361111111,0.019111111111111117,0.019111111111111117,0.019111111111111117,0.019111111111111117,0.828,0.019111111111111117,0.019111111111111117,0.019111111111111117,0.019111111111111117,0.019111111111111117
553,dog_000553.jpeg,data/demo/images/dog_000553.jpeg,dog,dog,0.948,rare_class_candidate,rare_class;class_deficit,add_to_next_train,0.3295,0.3295,0.3186182054996266,0.0,0.0,1.0,,2424.232492146776,167.81896296296296,70.43603799060139,300,180,0.0,,,,0.8975,96.94892361111111,0.005777777777777783,0.005777777777777783,0.005777777777777783,0.005777777777777783,0.948,0.005777777777777783,0.005777777777777783,0.005777777777777783,0.005777777777777783,0.005777777777777783
520,dog_000520.jpeg,data/demo/images/dog_000520.jpeg,dog,dog,0.98,rare_class_candidate,rare_class;class_deficit,add_to_next_train,0.3295,0.3295,0.1419835948264585,0.0,0.0,1.0,,523.7464609825364,140.46617357001972,43.62229967966676,300,169,0.0,,,,0.8975,96.94892361111111,0.0022222222222222244,0.0022222222222222244,0.0022222222222222244,0.0022222222222222244,0.98,0.0022222222222222244,0.0022222222222222244,0.0022222222222222244,0.0022222222222222244,0.0022222222222222244
495,dog_000495.jpeg,data/demo/images/dog_000495.jpeg,dog,dog,0.922,rare_class_candidate,rare_class;class_deficit,add_to_next_train,0.3295,0.3295,0.44524080141339506,0.0,0.0,1.0,,372.5753246290941,110.74290414878398,49.21639623660706,300,233,0.0,,,,0.8975,96.94892361111111,0.008666666666666663,0.008666666666666663,0.008666666666666663,0.008666666666666663,0.922,0.008666666666666663,0.008666666666666663,0.008666666666666663,0.008666666666666663,0.008666666666666663
518,dog_000518.jpeg,data/demo/images/dog_000518.jpeg,dog,dog,0.916,rare_class_candidate,rare_class;class_deficit,add_to_next_train,0.3295,0.3295,0.4729985323340382,0.0,0.0,1.0,,1385.3652946835039,130.6833530571992,64.07818980955867,300,169,0.0,,,,0.8975,96.94892361111111,0.009333333333333329,0.009333333333333329,0.009333333333333329,0.009333333333333329,0.916,0.009333333333333329,0.009333333333333329,0.009333333333333329,0.009333333333333329,0.009333333333333329
516,dog_000516.jpeg,data/demo/images/dog_000516.jpeg,dog,dog,0.849,hard_example,high_entropy;rare_class;class_deficit,send_to_review,0.3295,0.3295,0.7562206756225193,0.0,0.0,1.0,,457.9499833397523,84.11108481262328,39.31268781803165,300,169,0.0,,,,0.8975,96.94892361111111,0.01677777777777778,0.01677777777777778,0.01677777777777778,0.01677777777777778,0.849,0.01677777777777778,0.01677777777777778,0.01677777777777778,0.01677777777777778,0.01677777777777778
555,dog_000555.jpeg,data/demo/images/dog_000555.jpeg,dog,dog,0.864,hard_example,high_entropy;rare_class;class_deficit,send_to_review,0.3295,0.3295,0.6964578747930559,0.0,0.0,1.0,,2342.9949481916433,119.8839312406577,29.66283621651558,223,300,0.0,,,,0.8975,96.94892361111111,0.015111111111111112,0.015111111111111112,0.015111111111111112,0.015111111111111112,0.864,0.015111111111111112,0.015111111111111112,0.015111111111111112,0.015111111111111112,0.015111111111111112
481,dog_000481.jpeg,data/demo/images/dog_000481.jpeg,dog,dog,0.868,hard_example,high_entropy;rare_class;class_deficit,send_to_review,0.3295,0.3295,0.6802046510839334,0.0,0.0,1.0,,1485.8064674930556,120.80355555555556,59.802880770654646,300,240,0.0,,,,0.8975,96.94892361111111,0.014666666666666668,0.014666666666666668,0.014666666666666668,0.014666666666666668,0.868,0.014666666666666668,0.014666666666666668,0.014666666666666668,0.014666666666666668,0.014666666666666668
482,dog_000482.jpeg,data/demo/images/dog_000482.jpeg,dog,dog,0.96,rare_class_candidate,rare_class;class_deficit,add_to_next_train,0.3295,0.3295,0.25583312082762294,0.0,0.0,1.0,,2993.1723523997225,123.42976666666667,43.951492207647384,300,200,0.0,,,,0.8975,96.94892361111111,0.004444444444444449,0.004444444444444449,0.004444444444444449,0.004444444444444449,0.96,0.004444444444444449,0.004444444444444449,0.004444444444444449,0.004444444444444449,0.004444444444444449
483,dog_000483.jpeg,data/demo/images/dog_000483.jpeg,dog,dog,0.924,rare_class_candidate,rare_class;class_deficit,add_to_next_train,0.3295,0.3295,0.43587864880101285,0.0,0.0,1.0,,435.7416051155556,178.2241,45.85954585314454,300,200,0.0,,,,0.8975,96.94892361111111,0.00844444444444444,0.00844444444444444,0.00844444444444444,0.00844444444444444,0.924,0.00844444444444444,0.00844444444444444,0.00844444444444444,0.00844444444444444,0.00844444444444444
485,dog_000485.jpeg,data/demo/images/dog_000485.jpeg,dog,dog,0.826,hard_example,high_entropy;rare_class;class_deficit,send_to_review,0.3295,0.3295,0.8444894404469837,0.0,0.0,1.0,,914.6110663988889,144.69927777777778,44.51439142482844,300,300,0.0,,,,0.8975,96.94892361111111,0.019333333333333338,0.019333333333333338,0.019333333333333338,0.019333333333333338,0.826,0.019333333333333338,0.019333333333333338,0.019333333333333338,0.019333333333333338,0.019333333333333338
486,dog_000486.jpeg,data/demo/images/dog_000486.jpeg,dog,dog,0.879,rare_class_candidate,rare_class;class_deficit,add_to_next_train,0.3295,0.3295,0.6347768617573437,0.0,0.0,1.0,,2648.5825921315345,81.00631687242799,41.050642481731835,300,162,0.0,,,,0.8975,96.94892361111111,0.013444444444444445,0.013444444444444445,0.013444444444444445,0.013444444444444445,0.879,0.013444444444444445,0.013444444444444445,0.013444444444444445,0.013444444444444445,0.013444444444444445
487,dog_000487.jpeg,data/demo/images/dog_000487.jpeg,dog,dog,0.848,hard_example,high_entropy;rare_class;class_deficit,send_to_review,0.3295,0.3295,0.7601407864170749,0.0,0.0,1.0,,435.9595253677777,90.94466666666666,46.751151909753936,300,300,0.0,,,,0.8975,96.94892361111111,0.01688888888888889,0.01688888888888889,0.01688888888888889,0.01688888888888889,0.848,0.01688888888888889,0.01688888888888889,0.01688888888888889,0.01688888888888889,0.01688888888888889
488,dog_000488.jpeg,data/demo/images/dog_000488.jpeg,dog,dog,0.849,hard_example,high_entropy;rare_class;class_deficit,send_to_review,0.3295,0.3295,0.7562206756225193,0.0,0.0,1.0,,2698.580548070988,133.66133333333335,90.82146475610512,300,300,0.0,,,,0.8975,96.94892361111111,0.01677777777777778,0.01677777777777778,0.01677777777777778,0.01677777777777778,0.849,0.01677777777777778,0.01677777777777778,0.01677777777777778,0.01677777777777778,0.01677777777777778
490,dog_000490.jpeg,data/demo/images/dog_000490.jpeg,dog,dog,0.871,hard_example,high_entropy;rare_class;class_deficit,send_to_review,0.3295,0.3295,0.6679232774573239,0.0,0.0,1.0,,4369.09831558321,108.00263703703703,42.98589700348457,300,225,0.0,,,,0.8975,96.94892361111111,0.014333333333333333,0.014333333333333333,0.014333333333333333,0.014333333333333333,0.871,0.014333333333333333,0.014333333333333333,0.014333333333333333,0.014333333333333333,0.014333333333333333
491,dog_000491.jpeg,data/demo/images/dog_000491.jpeg,dog,dog,0.825,hard_example,high_entropy;rare_class;class_deficit,send_to_review,0.3295,0.3295,0.8482407308532494,0.0,0.0,1.0,,1535.2929455290875,172.0894894894895,41.01149854190032,300,222,0.0,,,,0.8975,96.94892361111111,0.019444444444444448,0.019444444444444448,0.019444444444444448,0.019444444444444448,0.825,0.019444444444444448,0.019444444444444448,0.019444444444444448,0.019444444444444448,0.019444444444444448
494,dog_000494.jpeg,data/demo/images/dog_000494.jpeg,dog,dog,0.977,rare_class_candidate,rare_class;class_deficit,add_to_next_train,0.3295,0.3295,0.16003160824870286,0.0,0.0,1.0,,535.5791898544297,71.08444444444444,51.67887355185778,231,300,0.0,,,,0.8975,96.94892361111111,0.002555555555555558,0.002555555555555558,0.002555555555555558,0.002555555555555558,0.977,0.002555555555555558,0.002555555555555558,0.002555555555555558,0.002555555555555558,0.002555555555555558
496,dog_000496.jpeg,data/demo/images/dog_000496.jpeg,dog,dog,0.861,hard_example,high_entropy;rare_class;class_deficit,send_to_review,0.3295,0.3295,0.7085582402144297,0.0,0.0,1.0,,5320.39231213037,113.70367407407407,47.73900787015903,225,300,0.0,,,,0.8975,96.94892361111111,0.015444444444444446,0.015444444444444446,0.015444444444444446,0.015444444444444446,0.861,0.015444444444444446,0.015444444444444446,0.015444444444444446,0.015444444444444446,0.015444444444444446
497,dog_000497.jpeg,data/demo/images/dog_000497.jpeg,dog,dog,0.918,rare_class_candidate,rare_class;class_deficit,add_to_next_train,0.3295,0.3295,0.4637995014584284,0.0,0.0,1.0,,725.893073177284,126.64715555555556,59.173655462528465,300,225,0.0,,,,0.8975,96.94892361111111,0.009111111111111106,0.009111111111111106,0.009111111111111106,0.009111111111111106,0.918,0.009111111111111106,0.009111111111111106,0.009111111111111106,0.009111111111111106,0.009111111111111106
498,dog_000498.jpeg,data/demo/images/dog_000498.jpeg,dog,dog,0.956,rare_class_candidate,rare_class;class_deficit,add_to_next_train,0.3295,0.3295,0.2771322416153887,0.0,0.0,1.0,,1354.6415440809876,160.33278518518517,77.0290623025213,300,225,0.0,,,,0.8975,96.94892361111111,0.004888888888888893,0.004888888888888893,0.004888888888888893,0.004888888888888893,0.956,0.004888888888888893,0.004888888888888893,0.004888888888888893,0.004888888888888893,0.004888888888888893
499,dog_000499.jpeg,data/demo/images/dog_000499.jpeg,dog,dog,0.949,rare_class_candidate,rare_class;class_deficit,add_to_next_train,0.3295,0.3295,0.31350766527652313,0.0,0.0,1.0,,1359.1108381822223,136.09035,48.02367596867369,300,200,0.0,,,,0.8975,96.94892361111111,0.005666666666666671,0.005666666666666671,0.005666666666666671,0.005666666666666671,0.949,0.005666666666666671,0.005666666666666671,0.005666666666666671,0.005666666666666671,0.005666666666666671
502,dog_000502.jpeg,data/demo/images/dog_000502.jpeg,dog,dog,0.927,rare_class_candidate,rare_class;class_deficit,add_to_next_train,0.3295,0.3295,0.4217281686443011,0.0,0.0,1.0,,193.4476110663889,177.70631666666668,43.617548457393326,300,200,0.0,,,,0.8975,96.94892361111111,0.008111111111111105,0.008111111111111105,0.008111111111111105,0.008111111111111105,0.927,0.008111111111111105,0.008111111111111105,0.008111111111111105,0.008111111111111105,0.008111111111111105
503,dog_000503.jpeg,data/demo/images/dog_000503.jpeg,dog,dog,0.888,rare_class_candidate,rare_class;class_deficit,add_to_next_train,0.3295,0.3295,0.5967656402816963,0.0,0.0,1.0,,8623.512288798962,114.05007168458782,43.93215867341068,300,279,0.0,,,,0.8975,96.94892361111111,0.012444444444444444,0.012444444444444444,0.012444444444444444,0.012444444444444444,0.888,0.012444444444444444,0.012444444444444444,0.012444444444444444,0.012444444444444444,0.012444444444444444
504,dog_000504.jpeg,data/demo/images/dog_000504.jpeg,dog,dog,0.825,hard_example,high_entropy;rare_class;class_deficit,send_to_review,0.3295,0.3295,0.8482407308532494,0.0,0.0,1.0,,604.9227502159081,121.72942084942085,76.27706248818676,300,259,0.0,,,,0.8975,96.94892361111111,0.019444444444444448,0.019444444444444448,0.019444444444444448,0.019444444444444448,0.825,0.019444444444444448,0.019444444444444448,0.019444444444444448,0.019444444444444448,0.019444444444444448
505,dog_000505.jpeg,data/demo/images/dog_000505.jpeg,dog,dog,0.977,rare_class_candidate,rare_class;class_deficit,add_to_next_train,0.3295,0.3295,0.16003160824870286,0.0,0.0,1.0,,339.990196894321,94.4157,70.16705529709476,300,300,0.0,,,,0.8975,96.94892361111111,0.002555555555555558,0.002555555555555558,0.002555555555555558,0.002555555555555558,0.977,0.002555555555555558,0.002555555555555558,0.002555555555555558,0.002555555555555558,0.002555555555555558
508,dog_000508.jpeg,data/demo/images/dog_000508.jpeg,dog,dog,0.919,rare_class_candidate,rare_class;class_deficit,add_to_next_train,0.3295,0.3295,0.4591801317730272,0.0,0.0,1.0,,8730.202294043567,96.46351111111112,45.61825254059261,300,225,0.0,,,,0.8975,96.94892361111111,0.008999999999999996,0.008999999999999996,0.008999999999999996,0.008999999999999996,0.919,0.008999999999999996,0.008999999999999996,0.008999999999999996,0.008999999999999996,0.008999999999999996
509,dog_000509.jpeg,data/demo/images/dog_000509.jpeg,dog,dog,0.943,rare_class_candidate,rare_class;class_deficit,add_to_next_train,0.3295,0.3295,0.3438736431003827,0.0,0.0,1.0,,2581.8222257153307,127.13372781065088,70.78120067742664,300,169,0.0,,,,0.8975,96.94892361111111,0.006333333333333339,0.006333333333333339,0.006333333333333339,0.006333333333333339,0.943,0.006333333333333339,0.006333333333333339,0.006333333333333339,0.006333333333333339,0.006333333333333339
510,dog_000510.jpeg,data/demo/images/dog_000510.jpeg,dog,dog,0.861,hard_example,high_entropy;rare_class;class_deficit,send_to_review,0.3295,0.3295,0.7085582402144297,0.0,0.0,1.0,,448.04343382883144,214.53815745393635,53.35739429154359,300,199,0.0,,,,0.8975,96.94892361111111,0.015444444444444446,0.015444444444444446,0.015444444444444446,0.015444444444444446,0.861,0.015444444444444446,0.015444444444444446,0.015444444444444446,0.015444444444444446,0.015444444444444446
511,dog_000511.jpeg,data/demo/images/dog_000511.jpeg,dog,dog,0.835,hard_example,high_entropy;rare_class;class_deficit,send_to_review,0.3295,0.3295,0.8104108307985534,0.0,0.0,1.0,,772.716052318641,102.02717171717171,72.86824102156284,300,264,0.0,,,,0.8975,96.94892361111111,0.018333333333333337,0.018333333333333337,0.018333333333333337,0.018333333333333337,0.835,0.018333333333333337,0.018333333333333337,0.018333333333333337,0.018333333333333337,0.018333333333333337
512,dog_000512.jpeg,data/demo/images/dog_000512.jpeg,dog,dog,0.945,rare_class_candidate,rare_class;class_deficit,add_to_next_train,0.3295,0.3295,0.3338295390662573,0.0,0.0,1.0,,2973.8761860156146,130.1899358974359,39.77053333550812,300,260,0.0,,,,0.8975,96.94892361111111,0.006111111111111117,0.006111111111111117,0.006111111111111117,0.006111111111111117,0.945,0.006111111111111117,0.006111111111111117,0.006111111111111117,0.006111111111111117,0.006111111111111117
513,dog_000513.jpeg,data/demo/images/dog_000513.jpeg,dog,dog,0.84,hard_example,high_entropy;rare_class;class_deficit,send_to_review,0.3295,0.3295,0.7912258017751385,0.0,0.0,1.0,,779.5347227030117,130.94033707865168,73.44052447451863,300,178,0.0,,,,0.8975,96.94892361111111,0.01777777777777778,0.01777777777777778,0.01777777777777778,0.01777777777777778,0.84,0.01777777777777778,0.01777777777777778,0.01777777777777778,0.01777777777777778,0.01777777777777778
514,dog_000514.jpeg,data/demo/images/dog_000514.jpeg,dog,dog,0.839,hard_example,high_entropy;rare_class;class_deficit,send_to_review,0.3295,0.3295,0.7950775404447841,0.0,0.0,1.0,,463.1921083139791,118.20420118343195,47.52960603461467,300,169,0.0,,,,0.8975,96.94892361111111,0.01788888888888889,0.01788888888888889,0.01788888888888889,0.01788888888888889,0.839,0.01788888888888889,0.01788888888888889,0.01788888888888889,0.01788888888888889,0.01788888888888889
515,dog_000515.jpeg,data/demo/images/dog_000515.jpeg,dog,dog,0.892,rare_class_candidate,rare_class;class_deficit,add_to_next_train,0.3295,0.3295,0.5796135605436651,0.0,0.0,1.0,,680.5887151068786,95.34665317139002,34.34386337741763,300,247,0.0,,,,0.8975,96.94892361111111,0.011999999999999999,0.011999999999999999,0.011999999999999999,0.011999999999999999,0.892,0.011999999999999999,0.011999999999999999,0.011999999999999999,0.011999999999999999,0.011999999999999999
554,dog_000554.jpeg,data/demo/images/dog_000554.jpeg,dog,dog,0.951,rare_class_candidate,rare_class;class_deficit,add_to_next_train,0.3295,0.3295,0.30322420518352605,0.0,0.0,1.0,,4859.667602244166,126.94288333333333,83.86051745420123,200,300,0.0,,,,0.8975,96.94892361111111,0.00544444444444445,0.00544444444444445,0.00544444444444445,0.00544444444444445,0.951,0.00544444444444445,0.00544444444444445,0.00544444444444445,0.00544444444444445,0.00544444444444445
594,dog_000594.jpeg,data/demo/images/dog_000594.jpeg,dog,dog,0.975,rare_class_candidate,rare_class;class_deficit,add_to_next_train,0.3295,0.3295,0.1718374535709383,0.0,0.0,1.0,,261.78908588839505,125.2574962962963,60.33178996882637,300,225,0.0,,,,0.8975,96.94892361111111,0.00277777777777778,0.00277777777777778,0.00277777777777778,0.00277777777777778,0.975,0.00277777777777778,0.00277777777777778,0.00277777777777778,0.00277777777777778,0.00277777777777778
556,dog_000556.jpeg,data/demo/images/dog_000556.jpeg,dog,dog,0.922,rare_class_candidate,rare_class;class_deficit,add_to_next_train,0.3295,0.3295,0.44524080141339506,0.0,0.0,1.0,,2436.5769540622223,128.34163333333333,59.79173566081037,300,200,0.0,,,,0.8975,96.94892361111111,0.008666666666666663,0.008666666666666663,0.008666666666666663,0.008666666666666663,0.922,0.008666666666666663,0.008666666666666663,0.008666666666666663,0.008666666666666663,0.008666666666666663
590,dog_000590.jpeg,data/demo/images/dog_000590.jpeg,dog,dog,0.854,hard_example,high_entropy;rare_class;class_deficit,send_to_review,0.3295,0.3295,0.7365022510083699,0.0,0.0,1.0,,572.6005649424817,111.84542406311637,50.702106283909984,300,169,0.0,,,,0.8975,96.94892361111111,0.016222222222222225,0.016222222222222225,0.016222222222222225,0.016222222222222225,0.854,0.016222222222222225,0.016222222222222225,0.016222222222222225,0.016222222222222225,0.016222222222222225
578,dog_000578.jpeg,data/demo/images/dog_000578.jpeg,dog,dog,0.968,rare_class_candidate,rare_class;class_deficit,add_to_next_train,0.3295,0.3295,0.21193824608357975,0.0,0.0,1.0,,1174.1157509211034,84.51344444444445,55.28755146526831,300,240,0.0,,,,0.8975,96.94892361111111,0.0035555555555555588,0.0035555555555555588,0.0035555555555555588,0.0035555555555555588,0.968,0.0035555555555555588,0.0035555555555555588,0.0035555555555555588,0.0035555555555555588,0.0035555555555555588
579,dog_000579.jpeg,data/demo/images/dog_000579.jpeg,dog,dog,0.973,rare_class_candidate,rare_class;class_deficit,add_to_next_train,0.3295,0.3295,0.18347902522111684,0.0,0.0,1.0,,957.1499996597223,98.21903333333333,52.17666615514597,300,200,0.0,,,,0.8975,96.94892361111111,0.0030000000000000027,0.0030000000000000027,0.0030000000000000027,0.0030000000000000027,0.973,0.0030000000000000027,0.0030000000000000027,0.0030000000000000027,0.0030000000000000027,0.0030000000000000027
580,dog_000580.jpeg,data/demo/images/dog_000580.jpeg,dog,dog,0.932,rare_class_candidate,rare_class;class_deficit,add_to_next_train,0.3295,0.3295,0.39784583300205395,0.0,0.0,1.0,,417.1776052454113,207.24697674418604,54.2948076179553,300,129,0.0,,,,0.8975,96.94892361111111,0.00755555555555555,0.00755555555555555,0.00755555555555555,0.00755555555555555,0.932,0.00755555555555555,0.00755555555555555,0.00755555555555555,0.00755555555555555,0.00755555555555555
581,dog_000581.jpeg,data/demo/images/dog_000581.jpeg,dog,dog,0.978,rare_class_candidate,rare_class;class_deficit,add_to_next_train,0.3295,0.3295,0.15406281841560157,0.0,0.0,1.0,,976.1310913260553,123.94597701149425,52.10362740045601,261,300,0.0,,,,0.8975,96.94892361111111,0.0024444444444444466,0.0024444444444444466,0.0024444444444444466,0.0024444444444444466,0.978,0.0024444444444444466,0.0024444444444444466,0.0024444444444444466,0.0024444444444444466,0.0024444444444444466
583,dog_000583.jpeg,data/demo/images/dog_000583.jpeg,dog,dog,0.909,rare_class_candidate,rare_class;class_deficit,add_to_next_train,0.3295,0.3295,0.5047927998193716,0.0,0.0,1.0,,168.56302987751621,204.76514459665145,42.871834797344654,300,219,0.0,,,,0.8975,96.94892361111111,0.010111111111111107,0.010111111111111107,0.010111111111111107,0.010111111111111107,0.909,0.010111111111111107,0.010111111111111107,0.010111111111111107,0.010111111111111107,0.010111111111111107
584,dog_000584.jpeg,data/demo/images/dog_000584.jpeg,dog,dog,0.829,hard_example,high_entropy;rare_class;class_deficit,send_to_review,0.3295,0.3295,0.8331936949375167,0.0,0.0,1.0,,3260.7379426538328,111.84584755403868,55.009744015784214,300,293,0.0,,,,0.8975,96.94892361111111,0.019000000000000003,0.019000000000000003,0.019000000000000003,0.019000000000000003,0.829,0.019000000000000003,0.019000000000000003,0.019000000000000003,0.019000000000000003,0.019000000000000003
585,dog_000585.jpeg,data/demo/images/dog_000585.jpeg,dog,dog,0.973,rare_class_candidate,rare_class;class_deficit,add_to_next_train,0.3295,0.3295,0.18347902522111684,0.0,0.0,1.0,,1915.2467860741756,106.05735042735043,66.28246854521494,300,273,0.0,,,,0.8975,96.94892361111111,0.0030000000000000027,0.0030000000000000027,0.0030000000000000027,0.0030000000000000027,0.973,0.0030000000000000027,0.0030000000000000027,0.0030000000000000027,0.0030000000000000027,0.0030000000000000027
587,dog_000587.jpeg,data/demo/images/dog_000587.jpeg,dog,dog,0.83,hard_example,high_entropy;rare_class;class_deficit,send_to_review,0.3295,0.3295,0.829414381174516,0.0,0.0,1.0,,180.7436810122222,66.5572,42.48834971487282,300,200,0.0,,,,0.8975,96.94892361111111,0.018888888888888893,0.018888888888888893,0.018888888888888893,0.018888888888888893,0.83,0.018888888888888893,0.018888888888888893,0.018888888888888893,0.018888888888888893,0.018888888888888893
589,dog_000589.jpeg,data/demo/images/dog_000589.jpeg,dog,dog,0.899,rare_class_candidate,rare_class;class_deficit,add_to_next_train,0.3295,0.3295,0.5491943311021419,0.0,0.0,1.0,,889.1443760756611,157.9942375168691,35.640783652599254,247,300,0.0,,,,0.8975,96.94892361111111,0.01122222222222222,0.01122222222222222,0.01122222222222222,0.01122222222222222,0.899,0.01122222222222222,0.01122222222222222,0.01122222222222222,0.01122222222222222,0.01122222222222222
591,dog_000591.jpeg,data/demo/images/dog_000591.jpeg,dog,dog,0.932,rare_class_candidate,rare_class;class_deficit,add_to_next_train,0.3295,0.3295,0.39784583300205395,0.0,0.0,1.0,,1200.059200221317,213.27473758865247,67.89021713831212,300,235,0.0,,,,0.8975,96.94892361111111,0.00755555555555555,0.00755555555555555,0.00755555555555555,0.00755555555555555,0.932,0.00755555555555555,0.00755555555555555,0.00755555555555555,0.00755555555555555,0.00755555555555555
576,dog_000576.jpeg,data/demo/images/dog_000576.jpeg,dog,dog,0.884,rare_class_candidate,rare_class;class_deficit,add_to_next_train,0.3295,0.3295,0.6137568144131238,0.0,0.0,1.0,,744.6555911492134,134.1336850921273,52.508889262478455,300,199,0.0,,,,0.8975,96.94892361111111,0.012888888888888887,0.012888888888888887,0.012888888888888887,0.012888888888888887,0.884,0.012888888888888887,0.012888888888888887,0.012888888888888887,0.012888888888888887,0.012888888888888887
592,dog_000592.jpeg,data/demo/images/dog_000592.jpeg,dog,dog,0.911,rare_class_candidate,rare_class;class_deficit,add_to_next_train,0.3295,0.3295,0.4957710400550784,0.0,0.0,1.0,,3434.615850665555,107.22117777777778,61.52714028379451,300,300,0.0,,,,0.8975,96.94892361111111,0.009888888888888885,0.009888888888888885,0.009888888888888885,0.009888888888888885,0.911,0.009888888888888885,0.009888888888888885,0.009888888888888885,0.009888888888888885,0.009888888888888885
593,dog_000593.jpeg,data/demo/images/dog_000593.jpeg,dog,dog,0.906,rare_class_candidate,rare_class;class_deficit,add_to_next_train,0.3295,0.3295,0.5182350584434224,0.0,0.0,1.0,,1610.1130115555557,122.27286524822695,71.30229601420093,300,235,0.0,,,,0.8975,96.94892361111111,0.010444444444444442,0.010444444444444442,0.010444444444444442,0.010444444444444442,0.906,0.010444444444444442,0.010444444444444442,0.010444444444444442,0.010444444444444442,0.010444444444444442
595,dog_000595.jpeg,data/demo/images/dog_000595.jpeg,dog,dog,0.877,rare_class_candidate,rare_class;class_deficit,add_to_next_train,0.3295,0.3295,0.6431185839732804,0.0,0.0,1.0,,1060.1844609955556,103.3675,55.152427964838196,300,200,0.0,,,,0.8975,96.94892361111111,0.013666666666666667,0.013666666666666667,0.013666666666666667,0.013666666666666667,0.877,0.013666666666666667,0.013666666666666667,0.013666666666666667,0.013666666666666667,0.013666666666666667
596,dog_000596.jpeg,data/demo/images/dog_000596.jpeg,dog,dog,0.831,hard_example,high_entropy;rare_class;class_deficit,send_to_review,0.3295,0.3295,0.8256279802050819,0.0,0.0,1.0,,842.0191862967811,127.9240325203252,45.659449031417374,205,300,0.0,,,,0.8975,96.94892361111111,0.018777777777777782,0.018777777777777782,0.018777777777777782,0.018777777777777782,0.831,0.018777777777777782,0.018777777777777782,0.018777777777777782,0.018777777777777782,0.018777777777777782
597,dog_000597.jpeg,data/demo/images/dog_000597.jpeg,dog,dog,0.937,rare_class_candidate,rare_class;class_deficit,add_to_next_train,0.3295,0.3295,0.37356869413425114,0.0,0.0,1.0,,1346.9732630833334,198.50574444444445,92.53888642259906,300,300,0.0,,,,0.8975,96.94892361111111,0.006999999999999994,0.006999999999999994,0.006999999999999994,0.006999999999999994,0.937,0.006999999999999994,0.006999999999999994,0.006999999999999994,0.006999999999999994,0.006999999999999994
598,dog_000598.jpeg,data/demo/images/dog_000598.jpeg,dog,dog,0.916,rare_class_candidate,rare_class;class_deficit,add_to_next_train,0.3295,0.3295,0.4729985323340382,0.0,0.0,1.0,,5816.252642161112,87.12430485762144,61.217919302927626,300,199,0.0,,,,0.8975,96.94892361111111,0.009333333333333329,0.009333333333333329,0.009333333333333329,0.009333333333333329,0.916,0.009333333333333329,0.009333333333333329,0.009333333333333329,0.009333333333333329,0.009333333333333329
599,dog_000599.jpeg,data/demo/images/dog_000599.jpeg,dog,dog,0.825,hard_example,high_entropy;rare_class;class_deficit,send_to_review,0.3295,0.3295,0.8482407308532494,0.0,0.0,1.0,,353.2534549375,113.2658,61.891493629523374,300,200,0.0,,,,0.8975,96.94892361111111,0.019444444444444448,0.019444444444444448,0.019444444444444448,0.019444444444444448,0.825,0.019444444444444448,0.019444444444444448,0.019444444444444448,0.019444444444444448,0.019444444444444448
600,dog_000600.jpeg,data/demo/images/dog_000600.jpeg,dog,dog,0.873,hard_example,high_entropy;rare_class;class_deficit,send_to_review,0.3295,0.3295,0.6596912900756234,0.0,0.0,1.0,,3598.080942735043,121.95443786982248,45.723159478020015,300,169,0.0,,,,0.8975,96.94892361111111,0.01411111111111111,0.01411111111111111,0.01411111111111111,0.01411111111111111,0.873,0.01411111111111111,0.01411111111111111,0.01411111111111111,0.01411111111111111,0.01411111111111111
557,dog_000557.jpeg,data/demo/images/dog_000557.jpeg,dog,dog,0.908,rare_class_candidate,rare_class;class_deficit,add_to_next_train,0.3295,0.3295,0.5092854852385835,0.0,0.0,1.0,,9140.706656954984,88.97843454790824,54.498910528848285,300,247,0.0,,,,0.8975,96.94892361111111,0.01022222222222222,0.01022222222222222,0.01022222222222222,0.01022222222222222,0.908,0.01022222222222222,0.01022222222222222,0.01022222222222222,0.01022222222222222,0.01022222222222222
577,dog_000577.jpeg,data/demo/images/dog_000577.jpeg,dog,dog,0.977,rare_class_candidate,rare_class;class_deficit,add_to_next_train,0.3295,0.3295,0.16003160824870286,0.0,0.0,1.0,,498.2434371926919,138.94581534772183,46.538183716597324,278,300,0.0,,,,0.8975,96.94892361111111,0.002555555555555558,0.002555555555555558,0.002555555555555558,0.002555555555555558,0.977,0.002555555555555558,0.002555555555555558,0.002555555555555558,0.002555555555555558,0.002555555555555558
588,dog_000588.jpeg,data/demo/images/dog_000588.jpeg,dog,dog,0.911,rare_class_candidate,rare_class;class_deficit,add_to_next_train,0.3295,0.3295,0.4957710400550784,0.0,0.0,1.0,,1048.4043183319616,139.5252,44.242105993473885,300,225,0.0,,,,0.8975,96.94892361111111,0.009888888888888885,0.009888888888888885,0.009888888888888885,0.009888888888888885,0.911,0.009888888888888885,0.009888888888888885,0.009888888888888885,0.009888888888888885,0.009888888888888885
575,dog_000575.jpeg,data/demo/images/dog_000575.jpeg,dog,dog,0.911,rare_class_candidate,rare_class;class_deficit,add_to_next_train,0.3295,0.3295,0.4957710400550784,0.0,0.0,1.0,,504.5142140266667,131.65826666666666,78.90141307350304,300,200,0.0,,,,0.8975,96.94892361111111,0.009888888888888885,0.009888888888888885,0.009888888888888885,0.009888888888888885,0.911,0.009888888888888885,0.009888888888888885,0.009888888888888885,0.009888888888888885,0.009888888888888885
565,dog_000565.jpeg,data/demo/images/dog_000565.jpeg,dog,dog,0.91,rare_class_candidate,rare_class;class_deficit,add_to_next_train,0.3295,0.3295,0.5002880250577583,0.0,0.0,1.0,,386.561588288395,217.90835555555554,70.09227807497946,300,300,0.0,,,,0.8975,96.94892361111111,0.009999999999999997,0.009999999999999997,0.009999999999999997,0.009999999999999997,0.91,0.009999999999999997,0.009999999999999997,0.009999999999999997,0.009999999999999997,0.009999999999999997
558,dog_000558.jpeg,data/demo/images/dog_000558.jpeg,dog,dog,0.945,rare_class_candidate,rare_class;class_deficit,add_to_next_train,0.3295,0.3295,0.3338295390662573,0.0,0.0,1.0,,1126.8442308300228,151.7323137254902,66.51210674800821,300,255,0.0,,,,0.8975,96.94892361111111,0.006111111111111117,0.006111111111111117,0.006111111111111117,0.006111111111111117,0.945,0.006111111111111117,0.006111111111111117,0.006111111111111117,0.006111111111111117,0.006111111111111117
559,dog_000559.jpeg,data/demo/images/dog_000559.jpeg,dog,dog,0.873,hard_example,high_entropy;rare_class;class_deficit,send_to_review,0.3295,0.3295,0.6596912900756234,0.0,0.0,1.0,,1163.1353234375,108.22295,42.61094159130375,300,200,0.0,,,,0.8975,96.94892361111111,0.01411111111111111,0.01411111111111111,0.01411111111111111,0.01411111111111111,0.873,0.01411111111111111,0.01411111111111111,0.01411111111111111,0.01411111111111111,0.01411111111111111
573,dog_000573.jpeg,data/demo/images/dog_000573.jpeg,dog,dog,0.843,hard_example,high_entropy;rare_class;class_deficit,send_to_review,0.3295,0.3295,0.7796257905886755,0.0,0.0,1.0,,5093.72867984395,113.62684444444444,62.398704041369875,300,225,0.0,,,,0.8975,96.94892361111111,0.017444444444444446,0.017444444444444446,0.017444444444444446,0.017444444444444446,0.843,0.017444444444444446,0.017444444444444446,0.017444444444444446,0.017444444444444446,0.017444444444444446
561,dog_000561.jpeg,data/demo/images/dog_000561.jpeg,dog,dog,0.9,rare_class_candidate,rare_class;class_deficit,add_to_next_train,0.3295,0.3295,0.5448054211250705,0.0,0.0,1.0,,10612.246784148148,131.79885925925925,52.70158028583808,300,225,0.0,,,,0.8975,96.94892361111111,0.011111111111111108,0.011111111111111108,0.011111111111111108,0.011111111111111108,0.9,0.011111111111111108,0.011111111111111108,0.011111111111111108,0.011111111111111108,0.011111111111111108
562,dog_000562.jpeg,data/demo/images/dog_000562.jpeg,dog,dog,0.957,rare_class_candidate,rare_class;class_deficit,add_to_next_train,0.3295,0.3295,0.2718444752122952,0.0,0.0,1.0,,604.5358357146778,126.08875555555555,51.63110450185032,225,300,0.0,,,,0.8975,96.94892361111111,0.004777777777777782,0.004777777777777782,0.004777777777777782,0.004777777777777782,0.957,0.004777777777777782,0.004777777777777782,0.004777777777777782,0.004777777777777782,0.004777777777777782
563,dog_000563.jpeg,data/demo/images/dog_000563.jpeg,dog,dog,0.963,rare_class_candidate,rare_class;class_deficit,add_to_next_train,0.3295,0.3295,0.2395871800141473,0.0,0.0,1.0,,362.4938939970371,143.5242814814815,46.391580526459656,300,225,0.0,,,,0.8975,96.94892361111111,0.004111111111111115,0.004111111111111115,0.004111111111111115,0.004111111111111115,0.963,0.004111111111111115,0.004111111111111115,0.004111111111111115,0.004111111111111115,0.004111111111111115
564,dog_000564.jpeg,data/demo/images/dog_000564.jpeg,dog,dog,0.838,hard_example,high_entropy;rare_class;class_deficit,send_to_review,0.3295,0.3295,0.7989218759989734,0.0,0.0,1.0,,954.2435947229166,138.27904522613065,71.37297232838145,300,199,0.0,,,,0.8975,96.94892361111111,0.018000000000000002,0.018000000000000002,0.018000000000000002,0.018000000000000002,0.838,0.018000000000000002,0.018000000000000002,0.018000000000000002,0.018000000000000002,0.018000000000000002
560,dog_000560.jpeg,data/demo/images/dog_000560.jpeg,dog,dog,0.966,rare_class_candidate,rare_class;class_deficit,add_to_next_train,0.3295,0.3295,0.223088382925328,0.0,0.0,1.0,,2427.1653286933333,155.6299,57.569588841013385,300,200,0.0,,,,0.8975,96.94892361111111,0.003777777777777781,0.003777777777777781,0.003777777777777781,0.003777777777777781,0.966,0.003777777777777781,0.003777777777777781,0.003777777777777781,0.003777777777777781,0.003777777777777781
572,dog_000572.jpeg,data/demo/images/dog_000572.jpeg,dog,dog,0.855,hard_example,high_entropy;rare_class;class_deficit,send_to_review,0.3295,0.3295,0.7325346841039759,0.0,0.0,1.0,,340.55110833333333,132.11806666666666,42.26318379756389,300,300,0.0,,,,0.8975,96.94892361111111,0.016111111111111114,0.016111111111111114,0.016111111111111114,0.016111111111111114,0.855,0.016111111111111114,0.016111111111111114,0.016111111111111114,0.016111111111111114,0.016111111111111114
570,dog_000570.jpeg,data/demo/images/dog_000570.jpeg,dog,dog,0.952,rare_class_candidate,rare_class;class_deficit,add_to_next_train,0.3295,0.3295,0.2980504870493181,0.0,0.0,1.0,,1898.2882940148613,139.21819505094615,89.17009858224446,300,229,0.0,,,,0.8975,96.94892361111111,0.005333333333333338,0.005333333333333338,0.005333333333333338,0.005333333333333338,0.952,0.005333333333333338,0.005333333333333338,0.005333333333333338,0.005333333333333338,0.005333333333333338
566,dog_000566.jpeg,data/demo/images/dog_000566.jpeg,dog,dog,0.852,hard_example,high_entropy;rare_class;class_deficit,send_to_review,0.3295,0.3295,0.7444133690522318,0.0,0.0,1.0,,574.1309028568909,190.58779365079366,44.95961299000903,300,210,0.0,,,,0.8975,96.94892361111111,0.016444444444444446,0.016444444444444446,0.016444444444444446,0.016444444444444446,0.852,0.016444444444444446,0.016444444444444446,0.016444444444444446,0.016444444444444446,0.016444444444444446
567,dog_000567.jpeg,data/demo/images/dog_000567.jpeg,dog,dog,0.926,rare_class_candidate,rare_class;class_deficit,add_to_next_train,0.3295,0.3295,0.426459529525547,0.0,0.0,1.0,,529.2893109375,114.78096666666667,33.30377392627181,300,200,0.0,,,,0.8975,96.94892361111111,0.008222222222222218,0.008222222222222218,0.008222222222222218,0.008222222222222218,0.926,0.008222222222222218,0.008222222222222218,0.008222222222222218,0.008222222222222218,0.008222222222222218
568,dog_000568.jpeg,data/demo/images/dog_000568.jpeg,dog,dog,0.877,rare_class_candidate,rare_class;class_deficit,add_to_next_train,0.3295,0.3295,0.6431185839732804,0.0,0.0,1.0,,1214.0158063834222,131.7794003527337,60.19738384566762,300,189,0.0,,,,0.8975,96.94892361111111,0.013666666666666667,0.013666666666666667,0.013666666666666667,0.013666666666666667,0.877,0.013666666666666667,0.013666666666666667,0.013666666666666667,0.013666666666666667,0.013666666666666667
571,dog_000571.jpeg,data/demo/images/dog_000571.jpeg,dog,dog,0.864,hard_example,high_entropy;rare_class;class_deficit,send_to_review,0.3295,0.3295,0.6964578747930559,0.0,0.0,1.0,,1389.070653777778,140.44213333333335,45.358110054820244,300,225,0.0,,,,0.8975,96.94892361111111,0.015111111111111112,0.015111111111111112,0.015111111111111112,0.015111111111111112,0.864,0.015111111111111112,0.015111111111111112,0.015111111111111112,0.015111111111111112,0.015111111111111112
569,dog_000569.jpeg,data/demo/images/dog_000569.jpeg,dog,dog,0.591,hard_example,high_entropy;rare_class;class_deficit,send_to_review,0.3295,0.3295,1.575157356004141,0.0,0.0,1.0,,2828.216188119775,102.95331360946746,66.86591878186283,300,169,0.0,,,,0.8975,96.94892361111111,0.04544444444444445,0.04544444444444445,0.04544444444444445,0.04544444444444445,0.591,0.04544444444444445,0.04544444444444445,0.04544444444444445,0.04544444444444445,0.04544444444444445
669,elephant_000669.jpeg,data/demo/images/elephant_000669.jpeg,elephant,elephant,0.848,hard_example,high_entropy;rare_class;class_deficit,send_to_review,0.32933333333333337,0.32933333333333337,0.760140786417075,0.0,0.0,1.0,,2427.9949692202567,167.57755681818182,70.67315218302781,300,176,0.0,,,,0.8966666666666667,96.94892361111111,0.01688888888888889,0.01688888888888889,0.01688888888888889,0.01688888888888889,0.01688888888888889,0.848,0.01688888888888889,0.01688888888888889,0.01688888888888889,0.01688888888888889
671,elephant_000671.jpeg,data/demo/images/elephant_000671.jpeg,elephant,elephant,0.956,rare_class_candidate,rare_class;class_deficit,add_to_next_train,0.32933333333333337,0.32933333333333337,0.2771322416153887,0.0,0.0,1.0,,6260.6988499733325,143.96958333333333,60.293578360328354,300,200,0.0,,,,0.8966666666666667,96.94892361111111,0.004888888888888893,0.004888888888888893,0.004888888888888893,0.004888888888888893,0.004888888888888893,0.956,0.004888888888888893,0.004888888888888893,0.004888888888888893,0.004888888888888893
672,elephant_000672.jpeg,data/demo/images/elephant_000672.jpeg,elephant,elephant,0.938,rare_class_candidate,rare_class;class_deficit,add_to_next_train,0.32933333333333337,0.32933333333333337,0.3686634087363491,0.0,0.0,1.0,,1114.0726917826523,77.05964205816555,45.88802220108597,300,149,0.0,,,,0.8966666666666667,96.94892361111111,0.006888888888888895,0.006888888888888895,0.006888888888888895,0.006888888888888895,0.006888888888888895,0.938,0.006888888888888895,0.006888888888888895,0.006888888888888895,0.006888888888888895
673,elephant_000673.jpeg,data/demo/images/elephant_000673.jpeg,elephant,elephant,0.824,hard_example,high_entropy;rare_class;class_deficit,send_to_review,0.32933333333333337,0.32933333333333337,0.8519850948211928,0.0,0.0,1.0,,2842.6260971717575,118.26991755005889,50.69027531409164,300,283,0.0,,,,0.8966666666666667,96.94892361111111,0.019555555555555562,0.019555555555555562,0.019555555555555562,0.019555555555555562,0.019555555555555562,0.824,0.019555555555555562,0.019555555555555562,0.019555555555555562,0.019555555555555562
674,elephant_000674.jpeg,data/demo/images/elephant_000674.jpeg,elephant,elephant,0.89,rare_class_candidate,rare_class;class_deficit,add_to_next_train,0.32933333333333337,0.32933333333333337,0.5882100304256507,0.0,0.0,1.0,,5719.230675712373,106.60114427860697,78.77856891786631,201,300,0.0,,,,0.8966666666666667,96.94892361111111,0.012222222222222221,0.012222222222222221,0.012222222222222221,0.012222222222222221,0.012222222222222221,0.89,0.012222222222222221,0.012222222222222221,0.012222222222222221,0.012222222222222221
685,elephant_000685.jpeg,data/demo/images/elephant_000685.jpeg,elephant,elephant,0.878,rare_class_candidate,rare_class;class_deficit,add_to_next_train,0.32933333333333337,0.32933333333333337,0.6389523907480663,0.0,0.0,1.0,,964.6328372435664,135.65965925925926,48.085013350532954,300,225,0.0,,,,0.8966666666666667,96.94892361111111,0.013555555555555555,0.013555555555555555,0.013555555555555555,0.013555555555555555,0.013555555555555555,0.878,0.013555555555555555,0.013555555555555555,0.013555555555555555,0.013555555555555555
668,elephant_000668.jpeg,data/demo/images/elephant_000668.jpeg,elephant,elephant,0.885,rare_class_candidate,rare_class;class_deficit,add_to_next_train,0.32933333333333337,0.32933333333333337,0.6095238347820113,0.0,0.0,1.0,,690.3734835810089,120.34917283950617,49.38721348796598,300,270,0.0,,,,0.8966666666666667,96.94892361111111,0.012777777777777777,0.012777777777777777,0.012777777777777777,0.012777777777777777,0.012777777777777777,0.885,0.012777777777777777,0.012777777777777777,0.012777777777777777,0.012777777777777777
676,elephant_000676.jpeg,data/demo/images/elephant_000676.jpeg,elephant,elephant,0.933,rare_class_candidate,rare_class;class_deficit,add_to_next_train,0.32933333333333337,0.32933333333333337,0.3930228577738976,0.0,0.0,1.0,,5523.663945493956,149.74971264367815,78.88643135319005,300,232,0.0,,,,0.8966666666666667,96.94892361111111,0.007444444444444438,0.007444444444444438,0.007444444444444438,0.007444444444444438,0.007444444444444438,0.933,0.007444444444444438,0.007444444444444438,0.007444444444444438,0.007444444444444438
677,elephant_000677.jpeg,data/demo/images/elephant_000677.jpeg,elephant,elephant,0.855,hard_example,high_entropy;rare_class;class_deficit,send_to_review,0.32933333333333337,0.32933333333333337,0.7325346841039759,0.0,0.0,1.0,,1600.3122058514136,185.88976331360948,60.278613294053464,300,169,0.0,,,,0.8966666666666667,96.94892361111111,0.016111111111111114,0.016111111111111114,0.016111111111111114,0.016111111111111114,0.016111111111111114,0.855,0.016111111111111114,0.016111111111111114,0.016111111111111114,0.016111111111111114
679,elephant_000679.jpeg,data/demo/images/elephant_000679.jpeg,elephant,elephant,0.974,rare_class_candidate,rare_class;class_deficit,add_to_next_train,0.32933333333333337,0.32933333333333337,0.17767798825649272,0.0,0.0,1.0,,1890.0558326465093,181.97766975308642,70.78510173689999,300,216,0.0,,,,0.8966666666666667,96.94892361111111,0.0028888888888888914,0.0028888888888888914,0.0028888888888888914,0.0028888888888888914,0.0028888888888888914,0.974,0.0028888888888888914,0.0028888888888888914,0.0028888888888888914,0.0028888888888888914
682,elephant_000682.jpeg,data/demo/images/elephant_000682.jpeg,elephant,elephant,0.857,hard_example,high_entropy;rare_class;class_deficit,send_to_review,0.32933333333333337,0.32933333333333337,0.7245753051757527,0.0,0.0,1.0,,2495.5709703672837,150.60683333333333,58.288034582817914,300,240,0.0,,,,0.8966666666666667,96.94892361111111,0.01588888888888889,0.01588888888888889,0.01588888888888889,0.01588888888888889,0.01588888888888889,0.857,0.01588888888888889,0.01588888888888889,0.01588888888888889,0.01588888888888889
683,elephant_000683.jpeg,data/demo/images/elephant_000683.jpeg,elephant,elephant,0.845,hard_example,high_entropy;rare_class;class_deficit,send_to_review,0.32933333333333337,0.32933333333333337,0.7718547352299565,0.0,0.0,1.0,,3192.3923880610323,150.77834087481148,53.27777297782411,300,221,0.0,,,,0.8966666666666667,96.94892361111111,0.017222222222222226,0.017222222222222226,0.017222222222222226,0.017222222222222226,0.017222222222222226,0.845,0.017222222222222226,0.017222222222222226,0.017222222222222226,0.017222222222222226
675,elephant_000675.jpeg,data/demo/images/elephant_000675.jpeg,elephant,elephant,0.919,rare_class_candidate,rare_class;class_deficit,add_to_next_train,0.32933333333333337,0.32933333333333337,0.4591801317730272,0.0,0.0,1.0,,566.3963546291358,170.60878518518518,49.27043620978002,300,225,0.0,,,,0.8966666666666667,96.94892361111111,0.008999999999999996,0.008999999999999996,0.008999999999999996,0.008999999999999996,0.008999999999999996,0.919,0.008999999999999996,0.008999999999999996,0.008999999999999996,0.008999999999999996
665,elephant_000665.jpeg,data/demo/images/elephant_000665.jpeg,elephant,elephant,0.855,hard_example,high_entropy;rare_class;class_deficit,send_to_review,0.32933333333333337,0.32933333333333337,0.7325346841039759,0.0,0.0,1.0,,6319.313186386643,79.85126232741618,60.59712912807272,300,169,0.0,,,,0.8966666666666667,96.94892361111111,0.016111111111111114,0.016111111111111114,0.016111111111111114,0.016111111111111114,0.016111111111111114,0.855,0.016111111111111114,0.016111111111111114,0.016111111111111114,0.016111111111111114
667,elephant_000667.jpeg,data/demo/images/elephant_000667.jpeg,elephant,elephant,0.976,rare_class_candidate,rare_class;class_deficit,add_to_next_train,0.32933333333333337,0.32933333333333337,0.1659558825706792,0.0,0.0,1.0,,4518.810764272507,162.0115745393635,84.55281827804652,300,199,0.0,,,,0.8966666666666667,96.94892361111111,0.002666666666666669,0.002666666666666669,0.002666666666666669,0.002666666666666669,0.002666666666666669,0.976,0.002666666666666669,0.002666666666666669,0.002666666666666669,0.002666666666666669
666,elephant_000666.jpg,data/demo/images/elephant_000666.jpg,elephant,elephant,0.973,rare_class_candidate,rare_class;class_deficit,add_to_next_train,0.32933333333333337,0.32933333333333337,0.18347902522111684,0.0,0.0,1.0,,4110.978021009384,136.64577162322274,57.430741212166915,640,422,0.0,,,,0.8966666666666667,96.94892361111111,0.0030000000000000027,0.0030000000000000027,0.0030000000000000027,0.0030000000000000027,0.0030000000000000027,0.973,0.0030000000000000027,0.0030000000000000027,0.0030000000000000027,0.0030000000000000027
654,elephant_000654.jpeg,data/demo/images/elephant_000654.jpeg,elephant,elephant,0.908,rare_class_candidate,rare_class;class_deficit,add_to_next_train,0.32933333333333337,0.32933333333333337,0.5092854852385835,0.0,0.0,1.0,,1320.9115550125216,129.45056316590563,80.7785382634217,300,219,0.0,,,,0.8966666666666667,96.94892361111111,0.01022222222222222,0.01022222222222222,0.01022222222222222,0.01022222222222222,0.01022222222222222,0.908,0.01022222222222222,0.01022222222222222,0.01022222222222222,0.01022222222222222
664,elephant_000664.jpeg,data/demo/images/elephant_000664.jpeg,elephant,elephant,0.858,hard_example,high_entropy;rare_class;class_deficit,send_to_review,0.32933333333333337,0.32933333333333337,0.72058339942383,0.0,0.0,1.0,,1347.1275718055904,113.20824159021407,44.87263746011203,300,218,0.0,,,,0.8966666666666667,96.94892361111111,0.01577777777777778,0.01577777777777778,0.01577777777777778,0.01577777777777778,0.01577777777777778,0.858,0.01577777777777778,0.01577777777777778,0.01577777777777778,0.01577777777777778
663,elephant_000663.jpeg,data/demo/images/elephant_000663.jpeg,elephant,elephant,0.919,rare_class_candidate,rare_class;class_deficit,add_to_next_train,0.32933333333333337,0.32933333333333337,0.4591801317730272,0.0,0.0,1.0,,1208.4034452345634,106.60089622641509,37.0284894883382,300,212,0.0,,,,0.8966666666666667,96.94892361111111,0.008999999999999996,0.008999999999999996,0.008999999999999996,0.008999999999999996,0.008999999999999996,0.919,0.008999999999999996,0.008999999999999996,0.008999999999999996,0.008999999999999996
658,elephant_000658.jpeg,data/demo/images/elephant_000658.jpeg,elephant,elephant,0.837,hard_example,high_entropy;rare_class;class_deficit,send_to_review,0.32933333333333337,0.32933333333333337,0.8027588453567481,0.0,0.0,1.0,,3176.3949573184436,89.5737668161435,50.02695730116505,223,300,0.0,,,,0.8966666666666667,96.94892361111111,0.018111111111111116,0.018111111111111116,0.018111111111111116,0.018111111111111116,0.018111111111111116,0.837,0.018111111111111116,0.018111111111111116,0.018111111111111116,0.018111111111111116
657,elephant_000657.jpeg,data/demo/images/elephant_000657.jpeg,elephant,elephant,0.863,hard_example,high_entropy;rare_class;class_deficit,send_to_review,0.32933333333333337,0.32933333333333337,0.7004997708337483,0.0,0.0,1.0,,8101.0840869926415,145.7678583765112,45.349729989206466,300,193,0.0,,,,0.8966666666666667,96.94892361111111,0.015222222222222224,0.015222222222222224,0.015222222222222224,0.015222222222222224,0.015222222222222224,0.863,0.015222222222222224,0.015222222222222224,0.015222222222222224,0.015222222222222224
650,elephant_000650.jpeg,data/demo/images/elephant_000650.jpeg,elephant,elephant,0.946,rare_class_candidate,rare_class;class_deficit,add_to_next_train,0.32933333333333337,0.32933333333333337,0.32877878732074617,0.0,0.0,1.0,,5015.822633065555,130.85913333333335,65.63009413814841,300,200,0.0,,,,0.8966666666666667,96.94892361111111,0.006000000000000005,0.006000000000000005,0.006000000000000005,0.006000000000000005,0.006000000000000005,0.946,0.006000000000000005,0.006000000000000005,0.006000000000000005,0.006000000000000005
651,elephant_000651.jpeg,data/demo/images/elephant_000651.jpeg,elephant,elephant,0.9,rare_class_candidate,rare_class;class_deficit,add_to_next_train,0.32933333333333337,0.32933333333333337,0.5448054211250705,0.0,0.0,1.0,,1664.9613233461725,126.46394074074074,45.11005426760333,300,225,0.0,,,,0.8966666666666667,96.94892361111111,0.011111111111111108,0.011111111111111108,0.011111111111111108,0.011111111111111108,0.011111111111111108,0.9,0.011111111111111108,0.011111111111111108,0.011111111111111108,0.011111111111111108
652,elephant_000652.jpeg,data/demo/images/elephant_000652.jpeg,elephant,elephant,0.969,rare_class_candidate,rare_class;class_deficit,add_to_next_train,0.32933333333333337,0.32933333333333337,0.2063152186183693,0.0,0.0,1.0,,5885.054064401578,146.55009947549286,55.92870557372431,285,194,0.0,,,,0.8966666666666667,96.94892361111111,0.0034444444444444475,0.0034444444444444475,0.0034444444444444475,0.0034444444444444475,0.0034444444444444475,0.969,0.0034444444444444475,0.0034444444444444475,0.0034444444444444475,0.0034444444444444475
656,elephant_000656.jpeg,data/demo/images/elephant_000656.jpeg,elephant,elephant,0.913,rare_class_candidate,rare_class;class_deficit,add_to_next_train,0.32933333333333337,0.32933333333333337,0.4866999419042336,0.0,0.0,1.0,,1754.4794478441665,47.11708333333333,43.41439747548873,300,200,0.0,,,,0.8966666666666667,96.94892361111111,0.009666666666666664,0.009666666666666664,0.009666666666666664,0.009666666666666664,0.009666666666666664,0.913,0.009666666666666664,0.009666666666666664,0.009666666666666664,0.009666666666666664
653,elephant_000653.jpg,data/demo/images/elephant_000653.jpg,elephant,elephant,0.917,rare_class_candidate,rare_class;class_deficit,add_to_next_train,0.32933333333333337,0.32933333333333337,0.4684055863947478,0.0,0.0,1.0,,1228.4380961182862,125.73440801056339,51.84969931468341,640,426,0.0,,,,0.8966666666666667,96.94892361111111,0.009222222222222218,0.009222222222222218,0.009222222222222218,0.009222222222222218,0.009222222222222218,0.917,0.009222222222222218,0.009222222222222218,0.009222222222222218,0.009222222222222218
684,elephant_000684.jpeg,data/demo/images/elephant_000684.jpeg,elephant,elephant,0.916,rare_class_candidate,rare_class;class_deficit,add_to_next_train,0.32933333333333337,0.32933333333333337,0.4729985323340382,0.0,0.0,1.0,,856.8125594997222,83.24733333333333,43.817485013278535,300,200,0.0,,,,0.8966666666666667,96.94892361111111,0.009333333333333329,0.009333333333333329,0.009333333333333329,0.009333333333333329,0.009333333333333329,0.916,0.009333333333333329,0.009333333333333329,0.009333333333333329,0.009333333333333329
712,elephant_000712.jpeg,data/demo/images/elephant_000712.jpeg,elephant,elephant,0.884,rare_class_candidate,rare_class;class_deficit,add_to_next_train,0.32933333333333337,0.32933333333333337,0.6137568144131238,0.0,0.0,1.0,,5097.530129822878,120.04836283185841,56.862695001779535,226,300,0.0,,,,0.8966666666666667,96.94892361111111,0.012888888888888887,0.012888888888888887,0.012888888888888887,0.012888888888888887,0.012888888888888887,0.884,0.012888888888888887,0.012888888888888887,0.012888888888888887,0.012888888888888887
686,elephant_000686.jpeg,data/demo/images/elephant_000686.jpeg,elephant,elephant,0.835,hard_example,high_entropy;rare_class;class_deficit,send_to_review,0.32933333333333337,0.32933333333333337,0.8104108307985534,0.0,0.0,1.0,,2574.1949982911383,107.72672592592592,56.81057819943847,300,225,0.0,,,,0.8966666666666667,96.94892361111111,0.018333333333333337,0.018333333333333337,0.018333333333333337,0.018333333333333337,0.018333333333333337,0.835,0.018333333333333337,0.018333333333333337,0.018333333333333337,0.018333333333333337
687,elephant_000687.jpeg,data/demo/images/elephant_000687.jpeg,elephant,elephant,0.861,hard_example,high_entropy;rare_class;class_deficit,send_to_review,0.32933333333333337,0.32933333333333337,0.7085582402144297,0.0,0.0,1.0,,2253.6577140365052,140.9183255086072,54.36493374394239,300,213,0.0,,,,0.8966666666666667,96.94892361111111,0.015444444444444446,0.015444444444444446,0.015444444444444446,0.015444444444444446,0.015444444444444446,0.861,0.015444444444444446,0.015444444444444446,0.015444444444444446,0.015444444444444446
720,elephant_000720.jpg,data/demo/images/elephant_000720.jpg,elephant,elephant,0.968,rare_class_candidate,rare_class;class_deficit,add_to_next_train,0.32933333333333337,0.32933333333333337,0.21193824608357975,0.0,0.0,1.0,,2205.0507056322517,136.5639400921659,44.06319105187265,640,434,0.0,,,,0.8966666666666667,96.94892361111111,0.0035555555555555588,0.0035555555555555588,0.0035555555555555588,0.0035555555555555588,0.0035555555555555588,0.968,0.0035555555555555588,0.0035555555555555588,0.0035555555555555588,0.0035555555555555588
718,elephant_000718.jpeg,data/demo/images/elephant_000718.jpeg,elephant,elephant,0.877,rare_class_candidate,rare_class;class_deficit,add_to_next_train,0.32933333333333337,0.32933333333333337,0.6431185839732804,0.0,0.0,1.0,,1938.2936908933334,137.1607,58.120179589450686,300,200,0.0,,,,0.8966666666666667,96.94892361111111,0.013666666666666667,0.013666666666666667,0.013666666666666667,0.013666666666666667,0.013666666666666667,0.877,0.013666666666666667,0.013666666666666667,0.013666666666666667,0.013666666666666667
717,elephant_000717.jpg,data/demo/images/elephant_000717.jpg,elephant,elephant,0.96,rare_class_candidate,rare_class;class_deficit,add_to_next_train,0.32933333333333337,0.32933333333333337,0.25583312082762294,0.0,0.0,1.0,,13190.85657775241,141.93027802230046,45.21043104548806,640,426,0.0,,,,0.8966666666666667,96.94892361111111,0.004444444444444449,0.004444444444444449,0.004444444444444449,0.004444444444444449,0.004444444444444449,0.96,0.004444444444444449,0.004444444444444449,0.004444444444444449,0.004444444444444449
716,elephant_000716.jpeg,data/demo/images/elephant_000716.jpeg,elephant,elephant,0.876,rare_class_candidate,rare_class;class_deficit,add_to_next_train,0.32933333333333337,0.32933333333333337,0.6472755067765251,0.0,0.0,1.0,,1917.8997248530557,151.18046666666666,62.90362653919265,300,200,0.0,,,,0.8966666666666667,96.94892361111111,0.013777777777777778,0.013777777777777778,0.013777777777777778,0.013777777777777778,0.013777777777777778,0.876,0.013777777777777778,0.013777777777777778,0.013777777777777778,0.013777777777777778
715,elephant_000715.jpeg,data/demo/images/elephant_000715.jpeg,elephant,elephant,0.968,rare_class_candidate,rare_class;class_deficit,add_to_next_train,0.32933333333333337,0.32933333333333337,0.21193824608357975,0.0,0.0,1.0,,2221.003878887023,141.90594074074073,39.30450390133199,300,225,0.0,,,,0.8966666666666667,96.94892361111111,0.0035555555555555588,0.0035555555555555588,0.0035555555555555588,0.0035555555555555588,0.0035555555555555588,0.968,0.0035555555555555588,0.0035555555555555588,0.0035555555555555588,0.0035555555555555588
714,elephant_000714.jpeg,data/demo/images/elephant_000714.jpeg,elephant,elephant,0.828,hard_example,high_entropy;rare_class;class_deficit,send_to_review,0.32933333333333337,0.32933333333333337,0.8369659544410585,0.0,0.0,1.0,,2921.758660419722,132.09431666666666,41.3899652214526,300,200,0.0,,,,0.8966666666666667,96.94892361111111,0.019111111111111117,0.019111111111111117,0.019111111111111117,0.019111111111111117,0.019111111111111117,0.828,0.019111111111111117,0.019111111111111117,0.019111111111111117,0.019111111111111117
713,elephant_000713.jpg,data/demo/images/elephant_000713.jpg,elephant,elephant,0.853,hard_example,high_entropy;rare_class;class_deficit,send_to_review,0.32933333333333337,0.32933333333333337,0.7404617975836851,0.0,0.0,1.0,,1767.5628265943735,107.67655149647888,34.85880735014116,640,426,0.0,,,,0.8966666666666667,96.94892361111111,0.016333333333333335,0.016333333333333335,0.016333333333333335,0.016333333333333335,0.016333333333333335,0.853,0.016333333333333335,0.016333333333333335,0.016333333333333335,0.016333333333333335
648,elephant_000648.jpeg,data/demo/images/elephant_000648.jpeg,elephant,elephant,0.853,hard_example,high_entropy;rare_class;class_deficit,send_to_review,0.32933333333333337,0.32933333333333337,0.7404617975836851,0.0,0.0,1.0,,3748.3995421200207,98.75738831615121,61.112557239588675,270,194,0.0,,,,0.8966666666666667,96.94892361111111,0.016333333333333335,0.016333333333333335,0.016333333333333335,0.016333333333333335,0.016333333333333335,0.853,0.016333333333333335,0.016333333333333335,0.016333333333333335,0.016333333333333335
711,elephant_000711.jpeg,data/demo/images/elephant_000711.jpeg,elephant,elephant,0.964,rare_class_candidate,rare_class;class_deficit,add_to_next_train,0.32933333333333337,0.32933333333333337,0.2341166639772564,0.0,0.0,1.0,,1158.009484700819,98.64988095238095,67.58598618720741,300,196,0.0,,,,0.8966666666666667,96.94892361111111,0.0040000000000000036,0.0040000000000000036,0.0040000000000000036,0.0040000000000000036,0.0040000000000000036,0.964,0.0040000000000000036,0.0040000000000000036,0.0040000000000000036,0.0040000000000000036
710,elephant_000710.jpeg,data/demo/images/elephant_000710.jpeg,elephant,elephant,0.868,hard_example,high_entropy;rare_class;class_deficit,send_to_review,0.32933333333333337,0.32933333333333337,0.6802046510839334,0.0,0.0,1.0,,2553.742097683626,137.90452802359883,61.895481296018154,300,226,0.0,,,,0.8966666666666667,96.94892361111111,0.014666666666666668,0.014666666666666668,0.014666666666666668,0.014666666666666668,0.014666666666666668,0.868,0.014666666666666668,0.014666666666666668,0.014666666666666668,0.014666666666666668
709,elephant_000709.jpg,data/demo/images/elephant_000709.jpg,elephant,elephant,0.946,rare_class_candidate,rare_class;class_deficit,add_to_next_train,0.32933333333333337,0.32933333333333337,0.32877878732074617,0.0,0.0,1.0,,5161.172019063219,128.74748697916667,71.34258773281141,640,480,0.0,,,,0.8966666666666667,96.94892361111111,0.006000000000000005,0.006000000000000005,0.006000000000000005,0.006000000000000005,0.006000000000000005,0.946,0.006000000000000005,0.006000000000000005,0.006000000000000005,0.006000000000000005
708,elephant_000708.jpeg,data/demo/images/elephant_000708.jpeg,elephant,elephant,0.94,rare_class_candidate,rare_class;class_deficit,add_to_next_train,0.32933333333333337,0.32933333333333337,0.35880098714077857,0.0,0.0,1.0,,3658.2239919955555,122.26158333333333,63.37045361070401,300,200,0.0,,,,0.8966666666666667,96.94892361111111,0.006666666666666672,0.006666666666666672,0.006666666666666672,0.006666666666666672,0.006666666666666672,0.94,0.006666666666666672,0.006666666666666672,0.006666666666666672,0.006666666666666672
704,elephant_000704.jpeg,data/demo/images/elephant_000704.jpeg,elephant,elephant,0.885,rare_class_candidate,rare_class;class_deficit,add_to_next_train,0.32933333333333337,0.32933333333333337,0.6095238347820113,0.0,0.0,1.0,,793.4039497095232,98.86571948998179,43.227175154538706,300,183,0.0,,,,0.8966666666666667,96.94892361111111,0.012777777777777777,0.012777777777777777,0.012777777777777777,0.012777777777777777,0.012777777777777777,0.885,0.012777777777777777,0.012777777777777777,0.012777777777777777,0.012777777777777777
703,elephant_000703.jpeg,data/demo/images/elephant_000703.jpeg,elephant,elephant,0.954,rare_class_candidate,rare_class;class_deficit,add_to_next_train,0.32933333333333337,0.32933333333333337,0.28763695273944057,0.0,0.0,1.0,,3919.118373022638,109.0869864698647,46.19015923048787,300,271,0.0,,,,0.8966666666666667,96.94892361111111,0.005111111111111116,0.005111111111111116,0.005111111111111116,0.005111111111111116,0.005111111111111116,0.954,0.005111111111111116,0.005111111111111116,0.005111111111111116,0.005111111111111116
702,elephant_000702.jpeg,data/demo/images/elephant_000702.jpeg,elephant,elephant,0.924,rare_class_candidate,rare_class;class_deficit,add_to_next_train,0.32933333333333337,0.32933333333333337,0.43587864880101285,0.0,0.0,1.0,,470.6082803750891,151.4656,62.07870454012987,300,225,0.0,,,,0.8966666666666667,96.94892361111111,0.00844444444444444,0.00844444444444444,0.00844444444444444,0.00844444444444444,0.00844444444444444,0.924,0.00844444444444444,0.00844444444444444,0.00844444444444444,0.00844444444444444
701,elephant_000701.jpg,data/demo/images/elephant_000701.jpg,elephant,elephant,0.941,rare_class_candidate,rare_class;class_deficit,add_to_next_train,0.32933333333333337,0.32933333333333337,0.3538433155046952,0.0,0.0,1.0,,2867.3952204248035,129.1312463407494,40.86459071793586,640,427,0.0,,,,0.8966666666666667,96.94892361111111,0.006555555555555561,0.006555555555555561,0.006555555555555561,0.006555555555555561,0.006555555555555561,0.941,0.006555555555555561,0.006555555555555561,0.006555555555555561,0.006555555555555561
700,elephant_000700.jpeg,data/demo/images/elephant_000700.jpeg,elephant,elephant,0.82,hard_example,high_entropy;rare_class;class_deficit,send_to_review,0.32933333333333337,0.32933333333333337,0.866893900730614,0.0,0.0,1.0,,1428.0414727713394,101.79341222879684,89.08226437638277,300,169,0.0,,,,0.8966666666666667,96.94892361111111,0.020000000000000004,0.020000000000000004,0.020000000000000004,0.020000000000000004,0.020000000000000004,0.82,0.020000000000000004,0.020000000000000004,0.020000000000000004,0.020000000000000004
699,elephant_000699.jpg,data/demo/images/elephant_000699.jpg,elephant,elephant,0.846,hard_example,high_entropy;rare_class;class_deficit,send_to_review,0.32933333333333337,0.32933333333333337,0.7679577748933515,0.0,0.0,1.0,,6364.552922231778,105.5158696086262,56.32540790116126,640,313,0.0,,,,0.8966666666666667,96.94892361111111,0.017111111111111115,0.017111111111111115,0.017111111111111115,0.017111111111111115,0.017111111111111115,0.846,0.017111111111111115,0.017111111111111115,0.017111111111111115,0.017111111111111115
698,elephant_000698.jpg,data/demo/images/elephant_000698.jpg,elephant,elephant,0.859,hard_example,high_entropy;rare_class;class_deficit,send_to_review,0.32933333333333337,0.32933333333333337,0.7165832858587471,0.0,0.0,1.0,,1592.3410595405946,109.72989289906103,46.0468502955662,640,426,0.0,,,,0.8966666666666667,96.94892361111111,0.01566666666666667,0.01566666666666667,0.01566666666666667,0.01566666666666667,0.01566666666666667,0.859,0.01566666666666667,0.01566666666666667,0.01566666666666667,0.01566666666666667
696,elephant_000696.jpeg,data/demo/images/elephant_000696.jpeg,elephant,elephant,0.883,rare_class_candidate,rare_class;class_deficit,add_to_next_train,0.32933333333333337,0.32933333333333337,0.617980042025841,0.0,0.0,1.0,,2333.370108427187,141.42463510848125,67.32844325263626,300,169,0.0,,,,0.8966666666666667,96.94892361111111,0.013,0.013,0.013,0.013,0.013,0.883,0.013,0.013,0.013,0.013
694,elephant_000694.jpg,data/demo/images/elephant_000694.jpg,elephant,elephant,0.849,hard_example,high_entropy;rare_class;class_deficit,send_to_review,0.32933333333333337,0.32933333333333337,0.7562206756225193,0.0,0.0,1.0,,4879.119508015298,98.05475654069767,56.989522760616964,640,430,0.0,,,,0.8966666666666667,96.94892361111111,0.01677777777777778,0.01677777777777778,0.01677777777777778,0.01677777777777778,0.01677777777777778,0.849,0.01677777777777778,0.01677777777777778,0.01677777777777778,0.01677777777777778
692,elephant_000692.jpg,data/demo/images/elephant_000692.jpg,elephant,elephant,0.851,hard_example,high_entropy;rare_class;class_deficit,send_to_review,0.32933333333333337,0.32933333333333337,0.7483570100034195,0.0,0.0,1.0,,2898.745643008164,104.94713602941177,43.036200855524925,640,425,0.0,,,,0.8966666666666667,96.94892361111111,0.01655555555555556,0.01655555555555556,0.01655555555555556,0.01655555555555556,0.01655555555555556,0.851,0.01655555555555556,0.01655555555555556,0.01655555555555556,0.01655555555555556
691,elephant_000691.jpeg,data/demo/images/elephant_000691.jpeg,elephant,elephant,0.888,rare_class_candidate,rare_class;class_deficit,add_to_next_train,0.32933333333333337,0.32933333333333337,0.5967656402816963,0.0,0.0,1.0,,2719.0547389954695,106.09778846153846,58.94110235134009,300,208,0.0,,,,0.8966666666666667,96.94892361111111,0.012444444444444444,0.012444444444444444,0.012444444444444444,0.012444444444444444,0.012444444444444444,0.888,0.012444444444444444,0.012444444444444444,0.012444444444444444,0.012444444444444444
689,elephant_000689.jpg,data/demo/images/elephant_000689.jpg,elephant,elephant,0.903,rare_class_candidate,rare_class;class_deficit,add_to_next_train,0.32933333333333337,0.32933333333333337,0.5315716223333847,0.0,0.0,1.0,,4469.376593988744,94.33726238479262,56.069090159439064,640,217,0.0,,,,0.8966666666666667,96.94892361111111,0.010777777777777775,0.010777777777777775,0.010777777777777775,0.010777777777777775,0.010777777777777775,0.903,0.010777777777777775,0.010777777777777775,0.010777777777777775,0.010777777777777775
688,elephant_000688.jpeg,data/demo/images/elephant_000688.jpeg,elephant,elephant,0.865,hard_example,high_entropy;rare_class;class_deficit,send_to_review,0.32933333333333337,0.32933333333333337,0.6924074683372635,0.0,0.0,1.0,,2565.9103585146017,91.60103092783505,34.706908791154696,300,194,0.0,,,,0.8966666666666667,96.94892361111111,0.015000000000000001,0.015000000000000001,0.015000000000000001,0.015000000000000001,0.015000000000000001,0.865,0.015000000000000001,0.015000000000000001,0.015000000000000001,0.015000000000000001
649,elephant_000649.jpeg,data/demo/images/elephant_000649.jpeg,elephant,elephant,0.936,rare_class_candidate,rare_class;class_deficit,add_to_next_train,0.32933333333333337,0.32933333333333337,0.37845703861361035,0.0,0.0,1.0,,2159.3991860308333,148.40101666666666,62.55876119537312,200,300,0.0,,,,0.8966666666666667,96.94892361111111,0.007111111111111105,0.007111111111111105,0.007111111111111105,0.007111111111111105,0.007111111111111105,0.936,0.007111111111111105,0.007111111111111105,0.007111111111111105,0.007111111111111105
631,elephant_000631.jpeg,data/demo/images/elephant_000631.jpeg,elephant,elephant,0.885,rare_class_candidate,rare_class;class_deficit,add_to_next_train,0.32933333333333337,0.32933333333333337,0.6095238347820113,0.0,0.0,1.0,,1258.8750796933334,88.48715,50.43169210140418,300,200,0.0,,,,0.8966666666666667,96.94892361111111,0.012777777777777777,0.012777777777777777,0.012777777777777777,0.012777777777777777,0.012777777777777777,0.885,0.012777777777777777,0.012777777777777777,0.012777777777777777,0.012777777777777777
647,elephant_000647.jpeg,data/demo/images/elephant_000647.jpeg,elephant,elephant,0.85,hard_example,high_entropy;rare_class;class_deficit,send_to_review,0.32933333333333337,0.32933333333333337,0.7522927644064243,0.0,0.0,1.0,,1347.8953224375,126.15016666666666,50.110504387525594,300,200,0.0,,,,0.8966666666666667,96.94892361111111,0.01666666666666667,0.01666666666666667,0.01666666666666667,0.01666666666666667,0.01666666666666667,0.85,0.01666666666666667,0.01666666666666667,0.01666666666666667,0.01666666666666667
613,elephant_000613.jpeg,data/demo/images/elephant_000613.jpeg,elephant,elephant,0.932,rare_class_candidate,rare_class;class_deficit,add_to_next_train,0.32933333333333337,0.32933333333333337,0.397845833002054,0.0,0.0,1.0,,2284.6663156071063,144.6795173453997,68.23757809758312,300,221,0.0,,,,0.8966666666666667,96.94892361111111,0.00755555555555555,0.00755555555555555,0.00755555555555555,0.00755555555555555,0.00755555555555555,0.932,0.00755555555555555,0.00755555555555555,0.00755555555555555,0.00755555555555555
623,elephant_000623.jpeg,data/demo/images/elephant_000623.jpeg,elephant,elephant,0.883,rare_class_candidate,rare_class;class_deficit,add_to_next_train,0.32933333333333337,0.32933333333333337,0.617980042025841,0.0,0.0,1.0,,2848.953811102164,156.30270216962523,66.70551660365882,300,169,0.0,,,,0.8966666666666667,96.94892361111111,0.013,0.013,0.013,0.013,0.013,0.883,0.013,0.013,0.013,0.013
621,elephant_000621.jpeg,data/demo/images/elephant_000621.jpeg,elephant,elephant,0.975,rare_class_candidate,rare_class;class_deficit,add_to_next_train,0.32933333333333337,0.32933333333333337,0.1718374535709383,0.0,0.0,1.0,,2022.3654798466441,174.14033530571993,64.87753575200325,300,169,0.0,,,,0.8966666666666667,96.94892361111111,0.00277777777777778,0.00277777777777778,0.00277777777777778,0.00277777777777778,0.00277777777777778,0.975,0.00277777777777778,0.00277777777777778,0.00277777777777778,0.00277777777777778
620,elephant_000620.jpeg,data/demo/images/elephant_000620.jpeg,elephant,elephant,0.851,hard_example,high_entropy;rare_class;class_deficit,send_to_review,0.32933333333333337,0.32933333333333337,0.7483570100034195,0.0,0.0,1.0,,812.6449544217282,112.67586666666666,59.597401544996536,225,300,0.0,,,,0.8966666666666667,96.94892361111111,0.01655555555555556,0.01655555555555556,0.01655555555555556,0.01655555555555556,0.01655555555555556,0.851,0.01655555555555556,0.01655555555555556,0.01655555555555556,0.01655555555555556
646,elephant_000646.jpg,data/demo/images/elephant_000646.jpg,elephant,elephant,0.925,rare_class_candidate,rare_class;class_deficit,add_to_next_train,0.32933333333333337,0.32933333333333337,0.4311762965681372,0.0,0.0,1.0,,2492.866230298285,120.17624354931192,55.55649998042406,640,436,0.0,,,,0.8966666666666667,96.94892361111111,0.008333333333333328,0.008333333333333328,0.008333333333333328,0.008333333333333328,0.008333333333333328,0.925,0.008333333333333328,0.008333333333333328,0.008333333333333328,0.008333333333333328
618,elephant_000618.jpeg,data/demo/images/elephant_000618.jpeg,elephant,elephant,0.559,hard_example,high_entropy;rare_class;class_deficit,send_to_review,0.32933333333333337,0.32933333333333337,1.6551449620216507,0.0,0.0,1.0,,2653.583456989339,174.422668997669,75.56196032013665,300,286,0.0,,,,0.8966666666666667,96.94892361111111,0.048999999999999995,0.048999999999999995,0.048999999999999995,0.048999999999999995,0.048999999999999995,0.559,0.048999999999999995,0.048999999999999995,0.048999999999999995,0.048999999999999995
616,elephant_000616.jpg,data/demo/images/elephant_000616.jpg,elephant,elephant,0.879,rare_class_candidate,rare_class;class_deficit,add_to_next_train,0.32933333333333337,0.32933333333333337,0.6347768617573437,0.0,0.0,1.0,,1248.9368182360806,92.67249853286386,44.150887790964504,640,426,0.0,,,,0.8966666666666667,96.94892361111111,0.013444444444444445,0.013444444444444445,0.013444444444444445,0.013444444444444445,0.013444444444444445,0.879,0.013444444444444445,0.013444444444444445,0.013444444444444445,0.013444444444444445
615,elephant_000615.jpeg,data/demo/images/elephant_000615.jpeg,elephant,elephant,0.932,rare_class_candidate,rare_class;class_deficit,add_to_next_train,0.32933333333333337,0.32933333333333337,0.397845833002054,0.0,0.0,1.0,,3750.0228362085045,133.54654814814816,57.72223228476676,300,225,0.0,,,,0.8966666666666667,96.94892361111111,0.00755555555555555,0.00755555555555555,0.00755555555555555,0.00755555555555555,0.00755555555555555,0.932,0.00755555555555555,0.00755555555555555,0.00755555555555555,0.00755555555555555
614,elephant_000614.jpg,data/demo/images/elephant_000614.jpg,elephant,elephant,0.938,rare_class_candidate,rare_class;class_deficit,add_to_next_train,0.32933333333333337,0.32933333333333337,0.3686634087363491,0.0,0.0,1.0,,2993.4352304524323,111.4668594426407,53.11428040740988,640,462,0.0,,,,0.8966666666666667,96.94892361111111,0.006888888888888895,0.006888888888888895,0.006888888888888895,0.006888888888888895,0.006888888888888895,0.938,0.006888888888888895,0.006888888888888895,0.006888888888888895,0.006888888888888895
611,elephant_000611.jpeg,data/demo/images/elephant_000611.jpeg,elephant,elephant,0.821,hard_example,high_entropy;rare_class;class_deficit,send_to_review,0.32933333333333337,0.32933333333333337,0.8631769362193822,0.0,0.0,1.0,,292.7088743303933,88.92436152570481,31.51745153812443,201,300,0.0,,,,0.8966666666666667,96.94892361111111,0.019888888888888893,0.019888888888888893,0.019888888888888893,0.019888888888888893,0.019888888888888893,0.821,0.019888888888888893,0.019888888888888893,0.019888888888888893,0.019888888888888893
626,elephant_000626.jpeg,data/demo/images/elephant_000626.jpeg,elephant,elephant,0.85,hard_example,high_entropy;rare_class;class_deficit,send_to_review,0.32933333333333337,0.32933333333333337,0.7522927644064243,0.0,0.0,1.0,,1257.1427621597222,133.40081666666666,65.26359727545713,300,200,0.0,,,,0.8966666666666667,96.94892361111111,0.01666666666666667,0.01666666666666667,0.01666666666666667,0.01666666666666667,0.01666666666666667,0.85,0.01666666666666667,0.01666666666666667,0.01666666666666667,0.01666666666666667
610,elephant_000610.jpg,data/demo/images/elephant_000610.jpg,elephant,elephant,0.975,rare_class_candidate,rare_class;class_deficit,add_to_next_train,0.32933333333333337,0.32933333333333337,0.1718374535709383,0.0,0.0,1.0,,2569.903179334683,159.74707465277777,45.70482063703103,640,360,0.0,,,,0.8966666666666667,96.94892361111111,0.00277777777777778,0.00277777777777778,0.00277777777777778,0.00277777777777778,0.00277777777777778,0.975,0.00277777777777778,0.00277777777777778,0.00277777777777778,0.00277777777777778
609,elephant_000609.jpeg,data/demo/images/elephant_000609.jpeg,elephant,elephant,0.866,hard_example,high_entropy;rare_class;class_deficit,send_to_review,0.32933333333333337,0.32933333333333337,0.6883484983367,0.0,0.0,1.0,,1254.882957902255,145.41991341991343,62.26841174537219,300,231,0.0,,,,0.8966666666666667,96.94892361111111,0.014888888888888889,0.014888888888888889,0.014888888888888889,0.014888888888888889,0.014888888888888889,0.866,0.014888888888888889,0.014888888888888889,0.014888888888888889,0.014888888888888889
608,elephant_000608.jpeg,data/demo/images/elephant_000608.jpeg,elephant,elephant,0.899,rare_class_candidate,rare_class;class_deficit,add_to_next_train,0.32933333333333337,0.32933333333333337,0.5491943311021419,0.0,0.0,1.0,,2583.7866012197223,94.90001666666667,54.767681954473744,300,200,0.0,,,,0.8966666666666667,96.94892361111111,0.01122222222222222,0.01122222222222222,0.01122222222222222,0.01122222222222222,0.01122222222222222,0.899,0.01122222222222222,0.01122222222222222,0.01122222222222222,0.01122222222222222
607,elephant_000607.jpeg,data/demo/images/elephant_000607.jpeg,elephant,elephant,0.936,rare_class_candidate,rare_class;class_deficit,add_to_next_train,0.32933333333333337,0.32933333333333337,0.37845703861361035,0.0,0.0,1.0,,1204.009503326389,98.50515,51.62240605406564,300,200,0.0,,,,0.8966666666666667,96.94892361111111,0.007111111111111105,0.007111111111111105,0.007111111111111105,0.007111111111111105,0.007111111111111105,0.936,0.007111111111111105,0.007111111111111105,0.007111111111111105,0.007111111111111105
606,elephant_000606.jpeg,data/demo/images/elephant_000606.jpeg,elephant,elephant,0.864,hard_example,high_entropy;rare_class;class_deficit,send_to_review,0.32933333333333337,0.32933333333333337,0.6964578747930559,0.0,0.0,1.0,,1280.3917150517455,38.16505319148936,48.701128352781005,300,188,0.0,,,,0.8966666666666667,96.94892361111111,0.015111111111111112,0.015111111111111112,0.015111111111111112,0.015111111111111112,0.015111111111111112,0.864,0.015111111111111112,0.015111111111111112,0.015111111111111112,0.015111111111111112
605,elephant_000605.jpeg,data/demo/images/elephant_000605.jpeg,elephant,elephant,0.825,hard_example,high_entropy;rare_class;class_deficit,send_to_review,0.32933333333333337,0.32933333333333337,0.8482407308532491,0.0,0.0,1.0,,1570.0551317788281,134.77040579710146,51.05704322925085,300,230,0.0,,,,0.8966666666666667,96.94892361111111,0.019444444444444448,0.019444444444444448,0.019444444444444448,0.019444444444444448,0.019444444444444448,0.825,0.019444444444444448,0.019444444444444448,0.019444444444444448,0.019444444444444448
604,elephant_000604.jpeg,data/demo/images/elephant_000604.jpeg,elephant,elephant,0.822,hard_example,high_entropy;rare_class;class_deficit,send_to_review,0.32933333333333337,0.32933333333333337,0.8594531670598133,0.0,0.0,1.0,,1342.8921270783035,127.63602836879433,59.08923597694948,300,188,0.0,,,,0.8966666666666667,96.94892361111111,0.019777777777777783,0.019777777777777783,0.019777777777777783,0.019777777777777783,0.019777777777777783,0.822,0.019777777777777783,0.019777777777777783,0.019777777777777783,0.019777777777777783
602,elephant_000602.jpeg,data/demo/images/elephant_000602.jpeg,elephant,elephant,0.859,hard_example,high_entropy;rare_class;class_deficit,send_to_review,0.32933333333333337,0.32933333333333337,0.7165832858587471,0.0,0.0,1.0,,1404.9620199734431,139.4757925925926,59.732232559933834,300,225,0.0,,,,0.8966666666666667,96.94892361111111,0.01566666666666667,0.01566666666666667,0.01566666666666667,0.01566666666666667,0.01566666666666667,0.859,0.01566666666666667,0.01566666666666667,0.01566666666666667,0.01566666666666667
625,elephant_000625.jpeg,data/demo/images/elephant_000625.jpeg,elephant,elephant,0.871,hard_example,high_entropy;rare_class;class_deficit,send_to_review,0.32933333333333337,0.32933333333333337,0.6679232774573239,0.0,0.0,1.0,,2906.1301093085563,121.06421296296297,53.20354604611024,300,216,0.0,,,,0.8966666666666667,96.94892361111111,0.014333333333333333,0.014333333333333333,0.014333333333333333,0.014333333333333333,0.014333333333333333,0.871,0.014333333333333333,0.014333333333333333,0.014333333333333333,0.014333333333333333
601,elephant_000601.jpeg,data/demo/images/elephant_000601.jpeg,elephant,elephant,0.934,rare_class_candidate,rare_class;class_deficit,add_to_next_train,0.32933333333333337,0.32933333333333337,0.3881838848068448,0.0,0.0,1.0,,2887.9425575449527,140.6930612244898,46.253659112894546,300,147,0.0,,,,0.8966666666666667,96.94892361111111,0.007333333333333327,0.007333333333333327,0.007333333333333327,0.007333333333333327,0.007333333333333327,0.934,0.007333333333333327,0.007333333333333327,0.007333333333333327,0.007333333333333327
638,elephant_000638.jpg,data/demo/images/elephant_000638.jpg,elephant,elephant,0.894,rare_class_candidate,rare_class;class_deficit,add_to_next_train,0.32933333333333337,0.32933333333333337,0.5709755671987758,0.0,0.0,1.0,,4002.9701096257545,133.67228579812206,59.99121663359465,640,426,0.0,,,,0.8966666666666667,96.94892361111111,0.011777777777777776,0.011777777777777776,0.011777777777777776,0.011777777777777776,0.011777777777777776,0.894,0.011777777777777776,0.011777777777777776,0.011777777777777776,0.011777777777777776
629,elephant_000629.jpeg,data/demo/images/elephant_000629.jpeg,elephant,elephant,0.832,hard_example,high_entropy;rare_class;class_deficit,send_to_review,0.32933333333333337,0.32933333333333337,0.8218344586716295,0.0,0.0,1.0,,1679.3202138122226,140.5416,54.45700753291536,300,200,0.0,,,,0.8966666666666667,96.94892361111111,0.01866666666666667,0.01866666666666667,0.01866666666666667,0.01866666666666667,0.01866666666666667,0.832,0.01866666666666667,0.01866666666666667,0.01866666666666667,0.01866666666666667
642,elephant_000642.jpeg,data/demo/images/elephant_000642.jpeg,elephant,elephant,0.863,hard_example,high_entropy;rare_class;class_deficit,send_to_review,0.32933333333333337,0.32933333333333337,0.7004997708337483,0.0,0.0,1.0,,2505.7097446404828,145.80792834890966,46.55136655801355,300,214,0.0,,,,0.8966666666666667,96.94892361111111,0.015222222222222224,0.015222222222222224,0.015222222222222224,0.015222222222222224,0.015222222222222224,0.863,0.015222222222222224,0.015222222222222224,0.015222222222222224,0.015222222222222224
640,elephant_000640.jpeg,data/demo/images/elephant_000640.jpeg,elephant,elephant,0.898,rare_class_candidate,rare_class;class_deficit,add_to_next_train,0.32933333333333337,0.32933333333333337,0.5535722275800609,0.0,0.0,1.0,,4088.769306036981,110.53134122287969,54.02123718536454,300,169,0.0,,,,0.8966666666666667,96.94892361111111,0.01133333333333333,0.01133333333333333,0.01133333333333333,0.01133333333333333,0.01133333333333333,0.898,0.01133333333333333,0.01133333333333333,0.01133333333333333,0.01133333333333333
639,elephant_000639.jpeg,data/demo/images/elephant_000639.jpeg,elephant,elephant,0.872,hard_example,high_entropy;rare_class;class_deficit,send_to_review,0.32933333333333337,0.32933333333333337,0.6638117634508323,0.0,0.0,1.0,,2596.3017505995203,194.2465227817746,79.32054550208466,278,300,0.0,,,,0.8966666666666667,96.94892361111111,0.014222222222222223,0.014222222222222223,0.014222222222222223,0.014222222222222223,0.014222222222222223,0.872,0.014222222222222223,0.014222222222222223,0.014222222222222223,0.014222222222222223
644,elephant_000644.jpeg,data/demo/images/elephant_000644.jpeg,elephant,elephant,0.876,rare_class_candidate,rare_class;class_deficit,add_to_next_train,0.32933333333333337,0.32933333333333337,0.6472755067765251,0.0,0.0,1.0,,4333.477085871057,128.42272592592593,71.27670877574708,300,225,0.0,,,,0.8966666666666667,96.94892361111111,0.013777777777777778,0.013777777777777778,0.013777777777777778,0.013777777777777778,0.013777777777777778,0.876,0.013777777777777778,0.013777777777777778,0.013777777777777778,0.013777777777777778
637,elephant_000637.jpeg,data/demo/images/elephant_000637.jpeg,elephant,elephant,0.944,rare_class_candidate,rare_class;class_deficit,add_to_next_train,0.32933333333333337,0.32933333333333337,0.33886104979044535,0.0,0.0,1.0,,2073.3185794377723,98.94252465483234,39.056553977741764,300,169,0.0,,,,0.8966666666666667,96.94892361111111,0.006222222222222228,0.006222222222222228,0.006222222222222228,0.006222222222222228,0.006222222222222228,0.944,0.006222222222222228,0.006222222222222228,0.006222222222222228,0.006222222222222228
635,elephant_000635.jpeg,data/demo/images/elephant_000635.jpeg,elephant,elephant,0.845,hard_example,high_entropy;rare_class;class_deficit,send_to_review,0.32933333333333337,0.32933333333333337,0.7718547352299565,0.0,0.0,1.0,,2411.4516463637337,135.61304,69.24942162423982,300,250,0.0,,,,0.8966666666666667,96.94892361111111,0.017222222222222226,0.017222222222222226,0.017222222222222226,0.017222222222222226,0.017222222222222226,0.845,0.017222222222222226,0.017222222222222226,0.017222222222222226,0.017222222222222226
645,elephant_000645.jpeg,data/demo/images/elephant_000645.jpeg,elephant,elephant,0.928,rare_class_candidate,rare_class;class_deficit,add_to_next_train,0.32933333333333337,0.32933333333333337,0.41698202995559513,0.0,0.0,1.0,,2004.7871978416301,104.58015942028986,49.82494902638467,300,230,0.0,,,,0.8966666666666667,96.94892361111111,0.007999999999999995,0.007999999999999995,0.007999999999999995,0.007999999999999995,0.007999999999999995,0.928,0.007999999999999995,0.007999999999999995,0.007999999999999995,0.007999999999999995
634,elephant_000634.jpeg,data/demo/images/elephant_000634.jpeg,elephant,elephant,0.902,rare_class_candidate,rare_class;class_deficit,add_to_next_train,0.32933333333333337,0.32933333333333337,0.5359941675548843,0.0,0.0,1.0,,1790.3169947239508,125.11794074074074,81.89845528989277,300,225,0.0,,,,0.8966666666666667,96.94892361111111,0.010888888888888885,0.010888888888888885,0.010888888888888885,0.010888888888888885,0.010888888888888885,0.902,0.010888888888888885,0.010888888888888885,0.010888888888888885,0.010888888888888885
633,elephant_000633.jpg,data/demo/images/elephant_000633.jpg,elephant,elephant,0.959,rare_class_candidate,rare_class;class_deficit,add_to_next_train,0.32933333333333337,0.32933333333333337,0.2611954811048294,0.0,0.0,1.0,,28974.170448284058,114.160908203125,64.42877242328959,640,480,0.0,,,,0.8966666666666667,96.94892361111111,0.004555555555555559,0.004555555555555559,0.004555555555555559,0.004555555555555559,0.004555555555555559,0.959,0.004555555555555559,0.004555555555555559,0.004555555555555559,0.004555555555555559
643,elephant_000643.jpeg,data/demo/images/elephant_000643.jpeg,elephant,elephant,0.968,rare_class_candidate,rare_class;class_deficit,add_to_next_train,0.32933333333333337,0.32933333333333337,0.21193824608357975,0.0,0.0,1.0,,2021.8194843976812,131.25883495145632,37.75870153600005,300,206,0.0,,,,0.8966666666666667,96.94892361111111,0.0035555555555555588,0.0035555555555555588,0.0035555555555555588,0.0035555555555555588,0.0035555555555555588,0.968,0.0035555555555555588,0.0035555555555555588,0.0035555555555555588,0.0035555555555555588
630,elephant_000630.jpg,data/demo/images/elephant_000630.jpg,elephant,elephant,0.954,rare_class_candidate,rare_class;class_deficit,add_to_next_train,0.32933333333333337,0.32933333333333337,0.28763695273944057,0.0,0.0,1.0,,5696.300954860896,167.7619754988263,71.31154342081422,640,426,0.0,,,,0.8966666666666667,96.94892361111111,0.005111111111111116,0.005111111111111116,0.005111111111111116,0.005111111111111116,0.005111111111111116,0.954,0.005111111111111116,0.005111111111111116,0.005111111111111116,0.005111111111111116
628,elephant_000628.jpeg,data/demo/images/elephant_000628.jpeg,elephant,elephant,0.902,rare_class_candidate,rare_class;class_deficit,add_to_next_train,0.32933333333333337,0.32933333333333337,0.5359941675548843,0.0,0.0,1.0,,2026.366751975488,151.95785440613028,72.82916599241828,261,300,0.0,,,,0.8966666666666667,96.94892361111111,0.010888888888888885,0.010888888888888885,0.010888888888888885,0.010888888888888885,0.010888888888888885,0.902,0.010888888888888885,0.010888888888888885,0.010888888888888885,0.010888888888888885
627,elephant_000627.jpeg,data/demo/images/elephant_000627.jpeg,elephant,elephant,0.848,hard_example,high_entropy;rare_class;class_deficit,send_to_review,0.32933333333333337,0.32933333333333337,0.760140786417075,0.0,0.0,1.0,,1988.9213325381543,82.60648915187377,32.51304276750119,300,169,0.0,,,,0.8966666666666667,96.94892361111111,0.01688888888888889,0.01688888888888889,0.01688888888888889,0.01688888888888889,0.01688888888888889,0.848,0.01688888888888889,0.01688888888888889,0.01688888888888889,0.01688888888888889
1079,spider_001079.jpeg,data/demo/images/spider_001079.jpeg,spider,spider,0.97,rare_class_candidate,low_contrast;rare_class;class_deficit,add_to_next_train,0.3075,0.3075,0.20065889549985488,0.0,0.0,0.85,low_contrast,101.25712335253773,151.39165925925926,14.086183776843423,300,225,0.0,,,,0.9,96.94892361111111,0.003333333333333336,0.003333333333333336,0.003333333333333336,0.003333333333333336,0.003333333333333336,0.003333333333333336,0.003333333333333336,0.003333333333333336,0.97,0.003333333333333336
1024,spider_001024.jpeg,data/demo/images/spider_001024.jpeg,spider,spider,0.845,hard_example,low_contrast;high_entropy;rare_class;class_deficit,send_to_review,0.3075,0.3075,0.7718547352299563,0.0,0.0,0.85,low_contrast,637.043985165895,64.36678571428571,11.804705141505702,300,168,0.0,,,,0.9,96.94892361111111,0.017222222222222226,0.017222222222222226,0.017222222222222226,0.017222222222222226,0.017222222222222226,0.017222222222222226,0.017222222222222226,0.017222222222222226,0.845,0.017222222222222226
965,spider_000965.jpeg,data/demo/images/spider_000965.jpeg,spider,spider,0.87,hard_example,low_contrast;high_entropy;rare_class;class_deficit,send_to_review,0.3075,0.3075,0.6720258913423126,0.0,0.0,0.85,low_contrast,1011.5361903821172,183.68485762144053,19.74643572413004,300,199,0.0,,,,0.9,96.94892361111111,0.014444444444444446,0.014444444444444446,0.014444444444444446,0.014444444444444446,0.014444444444444446,0.014444444444444446,0.014444444444444446,0.014444444444444446,0.87,0.014444444444444446
1025,spider_001025.jpeg,data/demo/images/spider_001025.jpeg,spider,spider,0.926,rare_class_candidate,low_contrast;rare_class;class_deficit,add_to_next_train,0.3075,0.3075,0.426459529525547,0.0,0.0,0.85,low_contrast,106.82386885035437,137.9089029535865,17.94196103396866,300,237,0.0,,,,0.9,96.94892361111111,0.008222222222222218,0.008222222222222218,0.008222222222222218,0.008222222222222218,0.008222222222222218,0.008222222222222218,0.008222222222222218,0.008222222222222218,0.926,0.008222222222222218
205,cat_000205.jpeg,data/demo/images/cat_000205.jpeg,cat,cat,0.837,hard_example,too_bright;high_entropy;rare_class;class_deficit,send_to_review,0.30066666666666664,0.30066666666666664,0.8027588453567481,0.0,0.0,0.8,too_bright,776.8581713377779,223.185,47.64817237371813,300,300,0.0,,,,0.9033333333333333,96.94892361111111,0.018111111111111116,0.837,0.018111111111111116,0.018111111111111116,0.018111111111111116,0.018111111111111116,0.018111111111111116,0.018111111111111116,0.018111111111111116,0.018111111111111116
147,cat_000147.jpeg,data/demo/images/cat_000147.jpeg,cat,cat,0.839,hard_example,too_bright;high_entropy;rare_class;class_deficit,send_to_review,0.30066666666666664,0.30066666666666664,0.795077540444784,0.0,0.0,0.8,too_bright,187.01439953073512,224.46235011990407,60.12940240286658,300,278,0.0,,,,0.9033333333333333,96.94892361111111,0.01788888888888889,0.839,0.01788888888888889,0.01788888888888889,0.01788888888888889,0.01788888888888889,0.01788888888888889,0.01788888888888889,0.01788888888888889,0.01788888888888889
144,cat_000144.jpeg,data/demo/images/cat_000144.jpeg,cat,cat,0.869,hard_example,too_dark;high_entropy;rare_class;class_deficit,send_to_review,0.30066666666666664,0.30066666666666664,0.6761196634182056,0.0,0.0,0.8,too_dark,282.3204158863889,22.325466666666667,42.94802833792904,200,300,0.0,,,,0.9033333333333333,96.94892361111111,0.014555555555555556,0.869,0.014555555555555556,0.014555555555555556,0.014555555555555556,0.014555555555555556,0.014555555555555556,0.014555555555555556,0.014555555555555556,0.014555555555555556
460,cow_000460.jpeg,data/demo/images/cow_000460.jpeg,cow,cow,0.915,rare_class_candidate,too_bright;rare_class;class_deficit,add_to_next_train,0.3005,0.3005,0.47757848152693727,0.0,0.0,0.8,too_bright,773.741094456958,228.67630182421226,42.218513292142184,201,300,0.0,,,,0.9025,96.94892361111111,0.009444444444444441,0.009444444444444441,0.009444444444444441,0.915,0.009444444444444441,0.009444444444444441,0.009444444444444441,0.009444444444444441,0.009444444444444441,0.009444444444444441
1073,spider_001073.jpeg,data/demo/images/spider_001073.jpeg,spider,spider,0.825,hard_example,too_bright;high_entropy;rare_class;class_deficit,send_to_review,0.30000000000000004,0.30000000000000004,0.8482407308532491,0.0,0.0,0.8,too_bright,406.92519865657067,230.92595555555556,20.139560451956857,300,225,0.0,,,,0.9,96.94892361111111,0.019444444444444448,0.019444444444444448,0.019444444444444448,0.019444444444444448,0.019444444444444448,0.019444444444444448,0.019444444444444448,0.019444444444444448,0.825,0.019444444444444448
985,spider_000985.jpeg,data/demo/images/spider_000985.jpeg,spider,spider,0.923,rare_class_candidate,too_bright;rare_class;class_deficit,add_to_next_train,0.30000000000000004,0.30000000000000004,0.4405667605081601,0.0,0.0,0.8,too_bright,853.8183903288414,231.55448275862068,41.50448635931846,290,300,0.0,,,,0.9,96.94892361111111,0.00855555555555555,0.00855555555555555,0.00855555555555555,0.00855555555555555,0.00855555555555555,0.00855555555555555,0.00855555555555555,0.00855555555555555,0.923,0.00855555555555555
982,spider_000982.jpeg,data/demo/images/spider_000982.jpeg,spider,spider,0.892,rare_class_candidate,too_bright;rare_class;class_deficit,add_to_next_train,0.30000000000000004,0.30000000000000004,0.5796135605436651,0.0,0.0,0.8,too_bright,1109.2077708839597,225.21895035460992,55.91604221557775,300,235,0.0,,,,0.9,96.94892361111111,0.011999999999999999,0.011999999999999999,0.011999999999999999,0.011999999999999999,0.011999999999999999,0.011999999999999999,0.011999999999999999,0.011999999999999999,0.892,0.011999999999999999
1043,spider_001043.jpeg,data/demo/images/spider_001043.jpeg,spider,spider,0.856,hard_example,too_bright;high_entropy;rare_class;class_deficit,send_to_review,0.30000000000000004,0.30000000000000004,0.7285590510022777,0.0,0.0,0.8,too_bright,204.6327337006173,220.98744444444444,27.422372417876087,300,300,0.0,,,,0.9,96.94892361111111,0.016,0.016,0.016,0.016,0.016,0.016,0.016,0.016,0.856,0.016
12,butterfly_000012.jpeg,data/demo/images/butterfly_000012.jpeg,butterfly,butterfly,0.832,hard_example,too_bright;high_entropy;rare_class;class_deficit,send_to_review,0.29983333333333334,0.29983333333333334,0.8218344586716294,0.0,0.0,0.8,too_bright,3417.6991660661724,223.11864444444444,60.32879551209561,300,300,0.0,,,,0.8991666666666667,96.94892361111111,0.832,0.01866666666666667,0.01866666666666667,0.01866666666666667,0.01866666666666667,0.01866666666666667,0.01866666666666667,0.01866666666666667,0.01866666666666667,0.01866666666666667
20,butterfly_000020.jpeg,data/demo/images/butterfly_000020.jpeg,butterfly,butterfly,0.952,rare_class_candidate,too_bright;rare_class;class_deficit,add_to_next_train,0.29983333333333334,0.29983333333333334,0.2980504870493181,0.0,0.0,0.8,too_bright,353.6614105106173,235.44993333333332,46.783440375082385,300,300,0.0,,,,0.8991666666666667,96.94892361111111,0.952,0.005333333333333338,0.005333333333333338,0.005333333333333338,0.005333333333333338,0.005333333333333338,0.005333333333333338,0.005333333333333338,0.005333333333333338,0.005333333333333338
111,butterfly_000111.jpeg,data/demo/images/butterfly_000111.jpeg,butterfly,butterfly,0.977,rare_class_candidate,too_dark;rare_class;class_deficit,add_to_next_train,0.29983333333333334,0.29983333333333334,0.16003160824870286,0.0,0.0,0.8,too_dark,2340.2382464864677,28.778343195266274,43.34465449613274,300,169,0.0,,,,0.8991666666666667,96.94892361111111,0.977,0.002555555555555558,0.002555555555555558,0.002555555555555558,0.002555555555555558,0.002555555555555558,0.002555555555555558,0.002555555555555558,0.002555555555555558,0.002555555555555558
1087,squirrel_001087.jpeg,data/demo/images/squirrel_001087.jpeg,squirrel,squirrel,0.873,hard_example,too_dark;high_entropy;rare_class;class_deficit,send_to_review,0.29983333333333334,0.29983333333333334,0.6596912900756234,0.0,0.0,0.8,too_dark,785.1881706848031,17.5207202680067,45.023544439771456,300,199,0.0,,,,0.8991666666666667,96.94892361111111,0.01411111111111111,0.01411111111111111,0.01411111111111111,0.01411111111111111,0.01411111111111111,0.01411111111111111,0.01411111111111111,0.01411111111111111,0.01411111111111111,0.873
98,butterfly_000098.jpeg,data/demo/images/butterfly_000098.jpeg,butterfly,butterfly,0.88,rare_class_candidate,too_bright;rare_class;class_deficit,add_to_next_train,0.29983333333333334,0.29983333333333334,0.6305919305530563,0.0,0.0,0.8,too_bright,6261.075210399877,220.56015555555555,72.80899778933173,300,300,0.0,,,,0.8991666666666667,96.94892361111111,0.88,0.013333333333333332,0.013333333333333332,0.013333333333333332,0.013333333333333332,0.013333333333333332,0.013333333333333332,0.013333333333333332,0.013333333333333332,0.013333333333333332
67,butterfly_000067.jpeg,data/demo/images/butterfly_000067.jpeg,butterfly,butterfly,0.859,hard_example,too_dark;high_entropy;rare_class;class_deficit,send_to_review,0.29983333333333334,0.29983333333333334,0.7165832858587471,0.0,0.0,0.8,too_dark,2255.9543571751924,23.51909574468085,50.83441333009506,300,188,0.0,,,,0.8991666666666667,96.94892361111111,0.859,0.01566666666666667,0.01566666666666667,0.01566666666666667,0.01566666666666667,0.01566666666666667,0.01566666666666667,0.01566666666666667,0.01566666666666667,0.01566666666666667
120,butterfly_000120.png,data/demo/images/butterfly_000120.png,butterfly,butterfly,0.85,hard_example,too_dark;high_entropy;rare_class;class_deficit,send_to_review,0.29983333333333334,0.29983333333333334,0.7522927644064243,0.0,0.0,0.8,too_dark,5154.833743489583,32.471722005208335,71.42655907279875,640,480,0.0,,,,0.8991666666666667,96.94892361111111,0.85,0.01666666666666667,0.01666666666666667,0.01666666666666667,0.01666666666666667,0.01666666666666667,0.01666666666666667,0.01666666666666667,0.01666666666666667,0.01666666666666667
517,dog_000517.jpeg,data/demo/images/dog_000517.jpeg,dog,dog,0.944,rare_class_candidate,too_bright;rare_class;class_deficit,add_to_next_train,0.2995,0.2995,0.33886104979044535,0.0,0.0,0.8,too_bright,698.5968933677848,225.47499272197962,42.37227644719208,229,300,0.0,,,,0.8975,96.94892361111111,0.006222222222222228,0.006222222222222228,0.006222222222222228,0.006222222222222228,0.944,0.006222222222222228,0.006222222222222228,0.006222222222222228,0.006222222222222228,0.006222222222222228
365,cow_000365.jpeg,data/demo/images/cow_000365.jpeg,cow,cow,0.832,hard_example,low_resolution;high_entropy;rare_class;class_deficit,send_to_review,0.293,0.293,0.8218344586716295,0.0,0.0,0.75,low_resolution,3455.7226900967494,136.74523255813955,63.586992969835556,300,86,0.0,,,,0.9025,96.94892361111111,0.01866666666666667,0.01866666666666667,0.01866666666666667,0.832,0.01866666666666667,0.01866666666666667,0.01866666666666667,0.01866666666666667,0.01866666666666667,0.01866666666666667
928,sheep_000928.jpeg,data/demo/images/sheep_000928.jpeg,sheep,sheep,0.945,rare_class_candidate,low_resolution;rare_class;class_deficit,add_to_next_train,0.29283333333333333,0.29283333333333333,0.3338295390662573,0.0,0.0,0.75,low_resolution,5596.734681062221,153.11913333333334,53.920809284686705,300,100,0.0,,,,0.9016666666666666,96.94892361111111,0.006111111111111117,0.006111111111111117,0.006111111111111117,0.006111111111111117,0.006111111111111117,0.006111111111111117,0.006111111111111117,0.945,0.006111111111111117,0.006111111111111117
856,sheep_000856.jpeg,data/demo/images/sheep_000856.jpeg,sheep,sheep,0.826,hard_example,low_resolution;high_entropy;rare_class;class_deficit,send_to_review,0.29283333333333333,0.29283333333333333,0.8444894404469838,0.0,0.0,0.75,low_resolution,7063.69318584415,130.13397101449274,63.226101926425564,300,115,0.0,,,,0.9016666666666666,96.94892361111111,0.019333333333333338,0.019333333333333338,0.019333333333333338,0.019333333333333338,0.019333333333333338,0.019333333333333338,0.019333333333333338,0.826,0.019333333333333338,0.019333333333333338
726,horse_000726.jpeg,data/demo/images/horse_000726.jpeg,horse,horse,0.939,rare_class_candidate,low_resolution;rare_class;class_deficit,add_to_next_train,0.2921666666666667,0.2921666666666667,0.36374092750851644,0.0,0.0,0.75,low_resolution,7992.587225888116,125.72033333333333,73.53238370420357,300,120,0.0,,,,0.8983333333333333,96.94892361111111,0.006777777777777784,0.006777777777777784,0.006777777777777784,0.006777777777777784,0.006777777777777784,0.006777777777777784,0.939,0.006777777777777784,0.006777777777777784,0.006777777777777784
1023,spider_001023.jpeg,data/demo/images/spider_001023.jpeg,spider,spider,0.955,bad_quality,bad_quality;blurry;low_contrast;rare_class;class_deficit,exclude_bad_quality,0.27,0.27,0.2823962327635063,0.0,0.0,0.6,blurry;low_contrast,40.80922952406035,136.33595555555556,7.9831828200765536,300,225,0.0,,,,0.9,96.94892361111111,0.0050000000000000044,0.0050000000000000044,0.0050000000000000044,0.0050000000000000044,0.0050000000000000044,0.0050000000000000044,0.0050000000000000044,0.0050000000000000044,0.955,0.0050000000000000044
903,sheep_000903.jpeg,data/demo/images/sheep_000903.jpeg,sheep,sheep,0.89,duplicate,duplicate;rare_class;class_deficit,exclude_duplicate,0.03033333333333338,0.03033333333333338,0.5882100304256507,0.0,0.0,1.0,,3149.7888276897665,128.99647569444446,60.39442611971133,300,192,1.0,dup_3,913,0.0,0.9016666666666666,96.94892361111111,0.012222222222222221,0.012222222222222221,0.012222222222222221,0.012222222222222221,0.012222222222222221,0.012222222222222221,0.012222222222222221,0.89,0.012222222222222221,0.012222222222222221
913,sheep_000913.jpeg,data/demo/images/sheep_000913.jpeg,sheep,sheep,0.928,duplicate,duplicate;rare_class;class_deficit,exclude_duplicate,0.03033333333333338,0.03033333333333338,0.41698202995559513,0.0,0.0,1.0,,6032.492760628858,128.86149305555554,61.2536117120516,300,192,1.0,dup_3,903,0.0,0.9016666666666666,96.94892361111111,0.007999999999999995,0.007999999999999995,0.007999999999999995,0.007999999999999995,0.007999999999999995,0.007999999999999995,0.007999999999999995,0.928,0.007999999999999995,0.007999999999999995
707,elephant_000707.jpeg,data/demo/images/elephant_000707.jpeg,elephant,elephant,0.852,duplicate,duplicate;high_entropy;rare_class;class_deficit,exclude_duplicate,0.029333333333333378,0.029333333333333378,0.7444133690522318,0.0,0.0,1.0,,1585.865314346377,166.71106194690265,81.04400491764062,300,226,1.0,dup_2,678,0.0,0.8966666666666667,96.94892361111111,0.016444444444444446,0.016444444444444446,0.016444444444444446,0.016444444444444446,0.016444444444444446,0.852,0.016444444444444446,0.016444444444444446,0.016444444444444446,0.016444444444444446
690,elephant_000690.jpeg,data/demo/images/elephant_000690.jpeg,elephant,elephant,0.912,duplicate,duplicate;rare_class;class_deficit,exclude_duplicate,0.029333333333333378,0.029333333333333378,0.4912417211658523,0.0,0.0,1.0,,2897.6708284212946,149.25528368794326,58.6162457247373,300,188,1.0,dup_1,619,0.0,0.8966666666666667,96.94892361111111,0.009777777777777774,0.009777777777777774,0.009777777777777774,0.009777777777777774,0.009777777777777774,0.912,0.009777777777777774,0.009777777777777774,0.009777777777777774,0.009777777777777774
619,elephant_000619.jpeg,data/demo/images/elephant_000619.jpeg,elephant,elephant,0.839,duplicate,duplicate;high_entropy;rare_class;class_deficit,exclude_duplicate,0.029333333333333378,0.029333333333333378,0.7950775404447841,0.0,0.0,1.0,,2965.300211291875,149.5578014184397,58.617584375365716,300,188,1.0,dup_1,690,0.0,0.8966666666666667,96.94892361111111,0.01788888888888889,0.01788888888888889,0.01788888888888889,0.01788888888888889,0.01788888888888889,0.839,0.01788888888888889,0.01788888888888889,0.01788888888888889,0.01788888888888889
678,elephant_000678.jpeg,data/demo/images/elephant_000678.jpeg,elephant,elephant,0.867,duplicate,duplicate;high_entropy;rare_class;class_deficit,exclude_duplicate,0.029333333333333378,0.029333333333333378,0.6842809108456316,0.0,0.0,1.0,,1523.8610859527414,166.72587020648967,81.0348239923058,300,226,1.0,dup_2,707,0.0,0.8966666666666667,96.94892361111111,0.014777777777777779,0.014777777777777779,0.014777777777777779,0.014777777777777779,0.014777777777777779,0.867,0.014777777777777779,0.014777777777777779,0.014777777777777779,0.014777777777777779
